Name;Station;Time(norwegian mean time);Air temperature;Mean wind speed
Lillehammer - Sætherengen;SN12680;01.01.2025 01:00;-9.4;2.8
Lillehammer - Sætherengen;SN12680;01.01.2025 02:00;-9.1;1.7
Lillehammer - Sætherengen;SN12680;01.01.2025 03:00;-9.9;0.8
Lillehammer - Sætherengen;SN12680;01.01.2025 04:00;-8.8;1.7
Lillehammer - Sætherengen;SN12680;01.01.2025 05:00;-8.3;1.2
Lillehammer - Sætherengen;SN12680;01.01.2025 06:00;-8.8;1.8
Lillehammer - Sætherengen;SN12680;01.01.2025 07:00;-9;1.7
Lillehammer - Sætherengen;SN12680;01.01.2025 08:00;-8.8;2.4
Lillehammer - Sætherengen;SN12680;01.01.2025 09:00;-8.6;1.2
Lillehammer - Sætherengen;SN12680;01.01.2025 10:00;-8.2;1.1
Lillehammer - Sætherengen;SN12680;01.01.2025 11:00;-7.8;1.7
Lillehammer - Sætherengen;SN12680;01.01.2025 12:00;-8;2.5
Lillehammer - Sætherengen;SN12680;01.01.2025 13:00;-7.9;3.3
Lillehammer - Sætherengen;SN12680;01.01.2025 14:00;-8;2.8
Lillehammer - Sætherengen;SN12680;01.01.2025 15:00;-9.3;0.9
Lillehammer - Sætherengen;SN12680;01.01.2025 16:00;-9.7;2.1
Lillehammer - Sætherengen;SN12680;01.01.2025 17:00;-9.7;2
Lillehammer - Sætherengen;SN12680;01.01.2025 18:00;-11;2
Lillehammer - Sætherengen;SN12680;01.01.2025 19:00;-11.5;2.1
Lillehammer - Sætherengen;SN12680;01.01.2025 20:00;-10.8;2.9
Lillehammer - Sætherengen;SN12680;01.01.2025 21:00;-10.4;3
Lillehammer - Sætherengen;SN12680;01.01.2025 22:00;-11;3.3
Lillehammer - Sætherengen;SN12680;01.01.2025 23:00;-11.5;2.2
Lillehammer - Sætherengen;SN12680;02.01.2025 00:00;-11.4;1.9
Lillehammer - Sætherengen;SN12680;02.01.2025 01:00;-12.1;0.9
Lillehammer - Sætherengen;SN12680;02.01.2025 02:00;-11.3;2.8
Lillehammer - Sætherengen;SN12680;02.01.2025 03:00;-10.8;3
Lillehammer - Sætherengen;SN12680;02.01.2025 04:00;-12.2;1.6
Lillehammer - Sætherengen;SN12680;02.01.2025 05:00;-11.2;2
Lillehammer - Sætherengen;SN12680;02.01.2025 06:00;-11.8;2.1
Lillehammer - Sætherengen;SN12680;02.01.2025 07:00;-12.4;2.9
Lillehammer - Sætherengen;SN12680;02.01.2025 08:00;-12.8;2.3
Lillehammer - Sætherengen;SN12680;02.01.2025 09:00;-11.1;3.4
Lillehammer - Sætherengen;SN12680;02.01.2025 10:00;-11.2;2.5
Lillehammer - Sætherengen;SN12680;02.01.2025 11:00;-12.5;1.6
Lillehammer - Sætherengen;SN12680;02.01.2025 12:00;-11.9;1
Lillehammer - Sætherengen;SN12680;02.01.2025 13:00;-10.7;0.8
Lillehammer - Sætherengen;SN12680;02.01.2025 14:00;-11.2;0.7
Lillehammer - Sætherengen;SN12680;02.01.2025 15:00;-10.2;1.7
Lillehammer - Sætherengen;SN12680;02.01.2025 16:00;-9.5;1.7
Lillehammer - Sætherengen;SN12680;02.01.2025 17:00;-8.4;1.3
Lillehammer - Sætherengen;SN12680;02.01.2025 18:00;-9.1;0.9
Lillehammer - Sætherengen;SN12680;02.01.2025 19:00;-10.3;0.9
Lillehammer - Sætherengen;SN12680;02.01.2025 20:00;-10.8;1.2
Lillehammer - Sætherengen;SN12680;02.01.2025 21:00;-14.3;2.1
Lillehammer - Sætherengen;SN12680;02.01.2025 22:00;-12.9;1.1
Lillehammer - Sætherengen;SN12680;02.01.2025 23:00;-12.5;1.1
Lillehammer - Sætherengen;SN12680;03.01.2025 00:00;-11.2;1.7
Lillehammer - Sætherengen;SN12680;03.01.2025 01:00;-10.9;1.2
Lillehammer - Sætherengen;SN12680;03.01.2025 02:00;-13.5;1.1
Lillehammer - Sætherengen;SN12680;03.01.2025 03:00;-12.9;0.7
Lillehammer - Sætherengen;SN12680;03.01.2025 04:00;-13.5;1
Lillehammer - Sætherengen;SN12680;03.01.2025 05:00;-12.9;0.9
Lillehammer - Sætherengen;SN12680;03.01.2025 06:00;-13.8;0.7
Lillehammer - Sætherengen;SN12680;03.01.2025 07:00;-12.4;1.5
Lillehammer - Sætherengen;SN12680;03.01.2025 08:00;-10.7;1.2
Lillehammer - Sætherengen;SN12680;03.01.2025 09:00;-5.7;5.3
Lillehammer - Sætherengen;SN12680;03.01.2025 10:00;-4;13
Lillehammer - Sætherengen;SN12680;03.01.2025 11:00;-5.2;10.1
Lillehammer - Sætherengen;SN12680;03.01.2025 12:00;-4.6;8
Lillehammer - Sætherengen;SN12680;03.01.2025 13:00;-4.7;4.7
Lillehammer - Sætherengen;SN12680;03.01.2025 14:00;-4.8;4
Lillehammer - Sætherengen;SN12680;03.01.2025 15:00;-6.3;2.1
Lillehammer - Sætherengen;SN12680;03.01.2025 16:00;-7.5;1.2
Lillehammer - Sætherengen;SN12680;03.01.2025 17:00;-5.7;2.6
Lillehammer - Sætherengen;SN12680;03.01.2025 18:00;-7.4;1.8
Lillehammer - Sætherengen;SN12680;03.01.2025 19:00;-9.7;1
Lillehammer - Sætherengen;SN12680;03.01.2025 20:00;-8;2.2
Lillehammer - Sætherengen;SN12680;03.01.2025 21:00;-9.3;1.1
Lillehammer - Sætherengen;SN12680;03.01.2025 22:00;-9.6;2.3
Lillehammer - Sætherengen;SN12680;03.01.2025 23:00;-11.5;1.7
Lillehammer - Sætherengen;SN12680;04.01.2025 00:00;-12.6;1.8
Lillehammer - Sætherengen;SN12680;04.01.2025 01:00;-11.7;2.8
Lillehammer - Sætherengen;SN12680;04.01.2025 02:00;-12;2.3
Lillehammer - Sætherengen;SN12680;04.01.2025 03:00;-12.5;1.8
Lillehammer - Sætherengen;SN12680;04.01.2025 04:00;-12.7;1.9
Lillehammer - Sætherengen;SN12680;04.01.2025 05:00;-13;1.3
Lillehammer - Sætherengen;SN12680;04.01.2025 06:00;-12.8;2
Lillehammer - Sætherengen;SN12680;04.01.2025 07:00;-14.6;0.6
Lillehammer - Sætherengen;SN12680;04.01.2025 08:00;-13.5;2
Lillehammer - Sætherengen;SN12680;04.01.2025 09:00;-13.9;1.5
Lillehammer - Sætherengen;SN12680;04.01.2025 10:00;-12.7;2.6
Lillehammer - Sætherengen;SN12680;04.01.2025 11:00;-13.1;1.8
Lillehammer - Sætherengen;SN12680;04.01.2025 12:00;-13.8;1
Lillehammer - Sætherengen;SN12680;04.01.2025 13:00;-13.1;2
Lillehammer - Sætherengen;SN12680;04.01.2025 14:00;-14.1;1
Lillehammer - Sætherengen;SN12680;04.01.2025 15:00;-13.4;1.7
Lillehammer - Sætherengen;SN12680;04.01.2025 16:00;-13.9;2.1
Lillehammer - Sætherengen;SN12680;04.01.2025 17:00;-14.7;1.2
Lillehammer - Sætherengen;SN12680;04.01.2025 18:00;-16.4;0.7
Lillehammer - Sætherengen;SN12680;04.01.2025 19:00;-15.3;1.7
Lillehammer - Sætherengen;SN12680;04.01.2025 20:00;-14.2;2
Lillehammer - Sætherengen;SN12680;04.01.2025 21:00;-16.5;0.5
Lillehammer - Sætherengen;SN12680;04.01.2025 22:00;-14.9;2.4
Lillehammer - Sætherengen;SN12680;04.01.2025 23:00;-14.8;2.1
Lillehammer - Sætherengen;SN12680;05.01.2025 00:00;-15.1;3.1
Lillehammer - Sætherengen;SN12680;05.01.2025 01:00;-15.8;1.5
Lillehammer - Sætherengen;SN12680;05.01.2025 02:00;-14.5;2.3
Lillehammer - Sætherengen;SN12680;05.01.2025 03:00;-15.2;1.9
Lillehammer - Sætherengen;SN12680;05.01.2025 04:00;-15;2.6
Lillehammer - Sætherengen;SN12680;05.01.2025 05:00;-15.1;1.6
Lillehammer - Sætherengen;SN12680;05.01.2025 06:00;-15.3;2.1
Lillehammer - Sætherengen;SN12680;05.01.2025 07:00;-15.7;3.1
Lillehammer - Sætherengen;SN12680;05.01.2025 08:00;-15.4;2.7
Lillehammer - Sætherengen;SN12680;05.01.2025 09:00;-15.9;1.7
Lillehammer - Sætherengen;SN12680;05.01.2025 10:00;-15.7;2
Lillehammer - Sætherengen;SN12680;05.01.2025 11:00;-16.3;1.4
Lillehammer - Sætherengen;SN12680;05.01.2025 12:00;-15.6;2.1
Lillehammer - Sætherengen;SN12680;05.01.2025 13:00;-15.6;2.4
Lillehammer - Sætherengen;SN12680;05.01.2025 14:00;-15.6;2.1
Lillehammer - Sætherengen;SN12680;05.01.2025 15:00;-15.7;2
Lillehammer - Sætherengen;SN12680;05.01.2025 16:00;-15.2;1.8
Lillehammer - Sætherengen;SN12680;05.01.2025 17:00;-15.5;1.5
Lillehammer - Sætherengen;SN12680;05.01.2025 18:00;-15.5;0.6
Lillehammer - Sætherengen;SN12680;05.01.2025 19:00;-15.8;1.2
Lillehammer - Sætherengen;SN12680;05.01.2025 20:00;-15.8;0.6
Lillehammer - Sætherengen;SN12680;05.01.2025 21:00;-15.3;0.4
Lillehammer - Sætherengen;SN12680;05.01.2025 22:00;-14.9;1.4
Lillehammer - Sætherengen;SN12680;05.01.2025 23:00;-14.3;1.6
Lillehammer - Sætherengen;SN12680;06.01.2025 00:00;-15;0.7
Lillehammer - Sætherengen;SN12680;06.01.2025 01:00;-14.7;1.3
Lillehammer - Sætherengen;SN12680;06.01.2025 02:00;-13.6;1.6
Lillehammer - Sætherengen;SN12680;06.01.2025 03:00;-13.9;2.7
Lillehammer - Sætherengen;SN12680;06.01.2025 04:00;-14.1;1.2
Lillehammer - Sætherengen;SN12680;06.01.2025 05:00;-14.1;1.5
Lillehammer - Sætherengen;SN12680;06.01.2025 06:00;-14;1.4
Lillehammer - Sætherengen;SN12680;06.01.2025 07:00;-13.7;1.5
Lillehammer - Sætherengen;SN12680;06.01.2025 08:00;-13.2;1.7
Lillehammer - Sætherengen;SN12680;06.01.2025 09:00;-12.9;1.7
Lillehammer - Sætherengen;SN12680;06.01.2025 10:00;-13.1;1.4
Lillehammer - Sætherengen;SN12680;06.01.2025 11:00;-12.8;1.9
Lillehammer - Sætherengen;SN12680;06.01.2025 12:00;-12.5;1.8
Lillehammer - Sætherengen;SN12680;06.01.2025 13:00;-12.1;2
Lillehammer - Sætherengen;SN12680;06.01.2025 14:00;-10.8;2.6
Lillehammer - Sætherengen;SN12680;06.01.2025 15:00;-10.2;2.9
Lillehammer - Sætherengen;SN12680;06.01.2025 16:00;-9.8;2.8
Lillehammer - Sætherengen;SN12680;06.01.2025 17:00;-9.5;2.7
Lillehammer - Sætherengen;SN12680;06.01.2025 18:00;-9.2;1.7
Lillehammer - Sætherengen;SN12680;06.01.2025 19:00;-8.6;2.1
Lillehammer - Sætherengen;SN12680;06.01.2025 20:00;-7.3;1.5
Lillehammer - Sætherengen;SN12680;06.01.2025 21:00;-6.8;1.8
Lillehammer - Sætherengen;SN12680;06.01.2025 22:00;-6.6;2.2
Lillehammer - Sætherengen;SN12680;06.01.2025 23:00;-4;1.9
Lillehammer - Sætherengen;SN12680;07.01.2025 00:00;-4.3;1.8
Lillehammer - Sætherengen;SN12680;07.01.2025 01:00;-3.8;0.7
Lillehammer - Sætherengen;SN12680;07.01.2025 02:00;-3.3;1.8
Lillehammer - Sætherengen;SN12680;07.01.2025 03:00;-3.2;2.1
Lillehammer - Sætherengen;SN12680;07.01.2025 04:00;-2.9;2.6
Lillehammer - Sætherengen;SN12680;07.01.2025 05:00;-2.8;2.3
Lillehammer - Sætherengen;SN12680;07.01.2025 06:00;-2.7;3
Lillehammer - Sætherengen;SN12680;07.01.2025 07:00;-1.7;3.3
Lillehammer - Sætherengen;SN12680;07.01.2025 08:00;-1.5;2
Lillehammer - Sætherengen;SN12680;07.01.2025 09:00;-1.3;2.9
Lillehammer - Sætherengen;SN12680;07.01.2025 10:00;-2.5;1.5
Lillehammer - Sætherengen;SN12680;07.01.2025 11:00;-1.8;1.5
Lillehammer - Sætherengen;SN12680;07.01.2025 12:00;-2;2.8
Lillehammer - Sætherengen;SN12680;07.01.2025 13:00;-1.5;3
Lillehammer - Sætherengen;SN12680;07.01.2025 14:00;-1.2;1.3
Lillehammer - Sætherengen;SN12680;07.01.2025 15:00;-1;3.2
Lillehammer - Sætherengen;SN12680;07.01.2025 16:00;-1.2;3.9
Lillehammer - Sætherengen;SN12680;07.01.2025 17:00;-1.3;5.3
Lillehammer - Sætherengen;SN12680;07.01.2025 18:00;-1.4;4.6
Lillehammer - Sætherengen;SN12680;07.01.2025 19:00;-1.9;5.9
Lillehammer - Sætherengen;SN12680;07.01.2025 20:00;-2.4;5
Lillehammer - Sætherengen;SN12680;07.01.2025 21:00;-2.7;3.4
Lillehammer - Sætherengen;SN12680;07.01.2025 22:00;-3;4
Lillehammer - Sætherengen;SN12680;07.01.2025 23:00;-3.2;4.4
Lillehammer - Sætherengen;SN12680;08.01.2025 00:00;-4;3.8
Lillehammer - Sætherengen;SN12680;08.01.2025 01:00;-4;3.4
Lillehammer - Sætherengen;SN12680;08.01.2025 02:00;-3.8;3.7
Lillehammer - Sætherengen;SN12680;08.01.2025 03:00;-3.7;4.4
Lillehammer - Sætherengen;SN12680;08.01.2025 04:00;-4.5;3.4
Lillehammer - Sætherengen;SN12680;08.01.2025 05:00;-4;3.9
Lillehammer - Sætherengen;SN12680;08.01.2025 06:00;-3.9;4.9
Lillehammer - Sætherengen;SN12680;08.01.2025 07:00;-4.5;4
Lillehammer - Sætherengen;SN12680;08.01.2025 08:00;-4.2;3.8
Lillehammer - Sætherengen;SN12680;08.01.2025 09:00;-3.8;3.6
Lillehammer - Sætherengen;SN12680;08.01.2025 10:00;-4.3;4.2
Lillehammer - Sætherengen;SN12680;08.01.2025 11:00;-3.7;3.6
Lillehammer - Sætherengen;SN12680;08.01.2025 12:00;-3.5;4.2
Lillehammer - Sætherengen;SN12680;08.01.2025 13:00;-3.7;4.4
Lillehammer - Sætherengen;SN12680;08.01.2025 14:00;-3.8;3.5
Lillehammer - Sætherengen;SN12680;08.01.2025 15:00;-4.1;4.1
Lillehammer - Sætherengen;SN12680;08.01.2025 16:00;-4.4;2.7
Lillehammer - Sætherengen;SN12680;08.01.2025 17:00;-4.1;3.1
Lillehammer - Sætherengen;SN12680;08.01.2025 18:00;-5;3.3
Lillehammer - Sætherengen;SN12680;08.01.2025 19:00;-5.2;1.9
Lillehammer - Sætherengen;SN12680;08.01.2025 20:00;-4.7;3
Lillehammer - Sætherengen;SN12680;08.01.2025 21:00;-5.1;2.5
Lillehammer - Sætherengen;SN12680;08.01.2025 22:00;-5.1;2.2
Lillehammer - Sætherengen;SN12680;08.01.2025 23:00;-5;2.6
Lillehammer - Sætherengen;SN12680;09.01.2025 00:00;-5.1;2.6
Lillehammer - Sætherengen;SN12680;09.01.2025 01:00;-5.1;2.1
Lillehammer - Sætherengen;SN12680;09.01.2025 02:00;-4.8;3
Lillehammer - Sætherengen;SN12680;09.01.2025 03:00;-5.5;3.1
Lillehammer - Sætherengen;SN12680;09.01.2025 04:00;-5.2;2.9
Lillehammer - Sætherengen;SN12680;09.01.2025 05:00;-5.4;2.2
Lillehammer - Sætherengen;SN12680;09.01.2025 06:00;-5.6;2.4
Lillehammer - Sætherengen;SN12680;09.01.2025 07:00;-5.8;2.5
Lillehammer - Sætherengen;SN12680;09.01.2025 08:00;-5.3;2.3
Lillehammer - Sætherengen;SN12680;09.01.2025 09:00;-5;2.2
Lillehammer - Sætherengen;SN12680;09.01.2025 10:00;-5.1;1.8
Lillehammer - Sætherengen;SN12680;09.01.2025 11:00;-5.2;2
Lillehammer - Sætherengen;SN12680;09.01.2025 12:00;-5.5;1.7
Lillehammer - Sætherengen;SN12680;09.01.2025 13:00;-5.4;1.2
Lillehammer - Sætherengen;SN12680;09.01.2025 14:00;-5.4;1.4
Lillehammer - Sætherengen;SN12680;09.01.2025 15:00;-5.3;1.3
Lillehammer - Sætherengen;SN12680;09.01.2025 16:00;-5.8;1.5
Lillehammer - Sætherengen;SN12680;09.01.2025 17:00;-5.6;1.5
Lillehammer - Sætherengen;SN12680;09.01.2025 18:00;-4.6;1.8
Lillehammer - Sætherengen;SN12680;09.01.2025 19:00;-4.6;2.4
Lillehammer - Sætherengen;SN12680;09.01.2025 20:00;-4.5;2.1
Lillehammer - Sætherengen;SN12680;09.01.2025 21:00;-4.6;1.9
Lillehammer - Sætherengen;SN12680;09.01.2025 22:00;-4.3;2.3
Lillehammer - Sætherengen;SN12680;09.01.2025 23:00;-5.4;1.8
Lillehammer - Sætherengen;SN12680;10.01.2025 00:00;-5.7;2.4
Lillehammer - Sætherengen;SN12680;10.01.2025 01:00;-5.9;2.3
Lillehammer - Sætherengen;SN12680;10.01.2025 02:00;-6.3;0.8
Lillehammer - Sætherengen;SN12680;10.01.2025 03:00;-6.1;1.1
Lillehammer - Sætherengen;SN12680;10.01.2025 04:00;-5.6;1.6
Lillehammer - Sætherengen;SN12680;10.01.2025 05:00;-5.8;1.6
Lillehammer - Sætherengen;SN12680;10.01.2025 06:00;-5.6;2.2
Lillehammer - Sætherengen;SN12680;10.01.2025 07:00;-5.8;1.1
Lillehammer - Sætherengen;SN12680;10.01.2025 08:00;-5.4;1.9
Lillehammer - Sætherengen;SN12680;10.01.2025 09:00;-6.1;2
Lillehammer - Sætherengen;SN12680;10.01.2025 10:00;-6.5;2.2
Lillehammer - Sætherengen;SN12680;10.01.2025 11:00;-7.2;2.2
Lillehammer - Sætherengen;SN12680;10.01.2025 12:00;-7.3;2.4
Lillehammer - Sætherengen;SN12680;10.01.2025 13:00;-6;2.7
Lillehammer - Sætherengen;SN12680;10.01.2025 14:00;-5.7;3.8
Lillehammer - Sætherengen;SN12680;10.01.2025 15:00;-6.6;2.4
Lillehammer - Sætherengen;SN12680;10.01.2025 16:00;-7;3.3
Lillehammer - Sætherengen;SN12680;10.01.2025 17:00;-7.4;2.1
Lillehammer - Sætherengen;SN12680;10.01.2025 18:00;-7.9;1.8
Lillehammer - Sætherengen;SN12680;10.01.2025 19:00;-7.5;3
Lillehammer - Sætherengen;SN12680;10.01.2025 20:00;-7;2.5
Lillehammer - Sætherengen;SN12680;10.01.2025 21:00;-6.7;2.7
Lillehammer - Sætherengen;SN12680;10.01.2025 22:00;-7.9;3.7
Lillehammer - Sætherengen;SN12680;10.01.2025 23:00;-7.9;2.5
Lillehammer - Sætherengen;SN12680;11.01.2025 00:00;-8.8;1.1
Lillehammer - Sætherengen;SN12680;11.01.2025 01:00;-8.6;1.9
Lillehammer - Sætherengen;SN12680;11.01.2025 02:00;-8.7;2.3
Lillehammer - Sætherengen;SN12680;11.01.2025 03:00;-8.9;2.2
Lillehammer - Sætherengen;SN12680;11.01.2025 04:00;-9.5;1.2
Lillehammer - Sætherengen;SN12680;11.01.2025 05:00;-9.3;1.5
Lillehammer - Sætherengen;SN12680;11.01.2025 06:00;-8.9;2.3
Lillehammer - Sætherengen;SN12680;11.01.2025 07:00;-8.8;2.2
Lillehammer - Sætherengen;SN12680;11.01.2025 08:00;-9;2.1
Lillehammer - Sætherengen;SN12680;11.01.2025 09:00;-9.6;1.8
Lillehammer - Sætherengen;SN12680;11.01.2025 10:00;-8.8;3.3
Lillehammer - Sætherengen;SN12680;11.01.2025 11:00;-7.9;3
Lillehammer - Sætherengen;SN12680;11.01.2025 12:00;-6.9;4.7
Lillehammer - Sætherengen;SN12680;11.01.2025 13:00;-5.8;2.3
Lillehammer - Sætherengen;SN12680;11.01.2025 14:00;-6.2;3.5
Lillehammer - Sætherengen;SN12680;11.01.2025 15:00;-7.4;2.8
Lillehammer - Sætherengen;SN12680;11.01.2025 16:00;-8.1;2.3
Lillehammer - Sætherengen;SN12680;11.01.2025 17:00;-9.6;2.9
Lillehammer - Sætherengen;SN12680;11.01.2025 18:00;-7.9;3.3
Lillehammer - Sætherengen;SN12680;11.01.2025 19:00;-9.1;2.6
Lillehammer - Sætherengen;SN12680;11.01.2025 20:00;-8.9;2.2
Lillehammer - Sætherengen;SN12680;11.01.2025 21:00;-9.3;2.4
Lillehammer - Sætherengen;SN12680;11.01.2025 22:00;-9.6;3.1
Lillehammer - Sætherengen;SN12680;11.01.2025 23:00;-9.3;3.3
Lillehammer - Sætherengen;SN12680;12.01.2025 00:00;-10.1;2.6
Lillehammer - Sætherengen;SN12680;12.01.2025 01:00;-10.3;2.8
Lillehammer - Sætherengen;SN12680;12.01.2025 02:00;-10.2;3
Lillehammer - Sætherengen;SN12680;12.01.2025 03:00;-11;4.1
Lillehammer - Sætherengen;SN12680;12.01.2025 04:00;-11.8;2.8
Lillehammer - Sætherengen;SN12680;12.01.2025 05:00;-12.2;2.6
Lillehammer - Sætherengen;SN12680;12.01.2025 06:00;-12.4;3.2
Lillehammer - Sætherengen;SN12680;12.01.2025 07:00;-12.6;3
Lillehammer - Sætherengen;SN12680;12.01.2025 08:00;-13;2.8
Lillehammer - Sætherengen;SN12680;12.01.2025 09:00;-13.2;2.5
Lillehammer - Sætherengen;SN12680;12.01.2025 10:00;-13.4;2.1
Lillehammer - Sætherengen;SN12680;12.01.2025 11:00;-13;2.4
Lillehammer - Sætherengen;SN12680;12.01.2025 12:00;-12.8;2.4
Lillehammer - Sætherengen;SN12680;12.01.2025 13:00;-11.9;2.7
Lillehammer - Sætherengen;SN12680;12.01.2025 14:00;-11.8;2.2
Lillehammer - Sætherengen;SN12680;12.01.2025 15:00;-12.9;1.5
Lillehammer - Sætherengen;SN12680;12.01.2025 16:00;-12.9;2.1
Lillehammer - Sætherengen;SN12680;12.01.2025 17:00;-14;1.6
Lillehammer - Sætherengen;SN12680;12.01.2025 18:00;-14.2;1.1
Lillehammer - Sætherengen;SN12680;12.01.2025 19:00;-13.4;2.5
Lillehammer - Sætherengen;SN12680;12.01.2025 20:00;-13.6;2.4
Lillehammer - Sætherengen;SN12680;12.01.2025 21:00;-15.1;0.6
Lillehammer - Sætherengen;SN12680;12.01.2025 22:00;-14.2;0.8
Lillehammer - Sætherengen;SN12680;12.01.2025 23:00;-14.2;1.1
Lillehammer - Sætherengen;SN12680;13.01.2025 00:00;-15;0.7
Lillehammer - Sætherengen;SN12680;13.01.2025 01:00;-14.5;0.4
Lillehammer - Sætherengen;SN12680;13.01.2025 02:00;-14.5;0.6
Lillehammer - Sætherengen;SN12680;13.01.2025 03:00;-14.2;0
Lillehammer - Sætherengen;SN12680;13.01.2025 04:00;-14.2;1.1
Lillehammer - Sætherengen;SN12680;13.01.2025 05:00;-13.9;0.7
Lillehammer - Sætherengen;SN12680;13.01.2025 06:00;-13.1;1.4
Lillehammer - Sætherengen;SN12680;13.01.2025 07:00;-12.1;1.3
Lillehammer - Sætherengen;SN12680;13.01.2025 08:00;-11.9;0.6
Lillehammer - Sætherengen;SN12680;13.01.2025 09:00;-11.8;0.9
Lillehammer - Sætherengen;SN12680;13.01.2025 10:00;-11.1;1.9
Lillehammer - Sætherengen;SN12680;13.01.2025 11:00;-11.4;0.6
Lillehammer - Sætherengen;SN12680;13.01.2025 12:00;-11.4;1
Lillehammer - Sætherengen;SN12680;13.01.2025 13:00;-11.4;0.8
Lillehammer - Sætherengen;SN12680;13.01.2025 14:00;-10.8;0.6
Lillehammer - Sætherengen;SN12680;13.01.2025 15:00;-10.5;1.2
Lillehammer - Sætherengen;SN12680;13.01.2025 16:00;-10.6;1
Lillehammer - Sætherengen;SN12680;13.01.2025 17:00;-11.3;1.1
Lillehammer - Sætherengen;SN12680;13.01.2025 18:00;-10.2;1.1
Lillehammer - Sætherengen;SN12680;13.01.2025 19:00;-11;0.5
Lillehammer - Sætherengen;SN12680;13.01.2025 20:00;-10.2;0.8
Lillehammer - Sætherengen;SN12680;13.01.2025 21:00;-9.6;1.3
Lillehammer - Sætherengen;SN12680;13.01.2025 22:00;-9.1;1.9
Lillehammer - Sætherengen;SN12680;13.01.2025 23:00;-7.6;0.7
Lillehammer - Sætherengen;SN12680;14.01.2025 00:00;-8.9;1
Lillehammer - Sætherengen;SN12680;14.01.2025 01:00;-9.2;1.8
Lillehammer - Sætherengen;SN12680;14.01.2025 02:00;-9.2;1.7
Lillehammer - Sætherengen;SN12680;14.01.2025 03:00;-9.5;1.9
Lillehammer - Sætherengen;SN12680;14.01.2025 04:00;-9.1;1.5
Lillehammer - Sætherengen;SN12680;14.01.2025 05:00;-7.9;1.6
Lillehammer - Sætherengen;SN12680;14.01.2025 06:00;-7.4;1.3
Lillehammer - Sætherengen;SN12680;14.01.2025 07:00;-7.7;2.2
Lillehammer - Sætherengen;SN12680;14.01.2025 08:00;-6;0.9
Lillehammer - Sætherengen;SN12680;14.01.2025 09:00;-7.3;1.7
Lillehammer - Sætherengen;SN12680;14.01.2025 10:00;-5.6;1.8
Lillehammer - Sætherengen;SN12680;14.01.2025 11:00;-4.3;1.7
Lillehammer - Sætherengen;SN12680;14.01.2025 12:00;-5.5;2
Lillehammer - Sætherengen;SN12680;14.01.2025 13:00;-4.5;1.6
Lillehammer - Sætherengen;SN12680;14.01.2025 14:00;-6.2;1.5
Lillehammer - Sætherengen;SN12680;14.01.2025 15:00;-4.3;2.3
Lillehammer - Sætherengen;SN12680;14.01.2025 16:00;-4.3;1.4
Lillehammer - Sætherengen;SN12680;14.01.2025 17:00;-4.2;1.7
Lillehammer - Sætherengen;SN12680;14.01.2025 18:00;-4.8;1.2
Lillehammer - Sætherengen;SN12680;14.01.2025 19:00;-4.3;1.7
Lillehammer - Sætherengen;SN12680;14.01.2025 20:00;-5;2
Lillehammer - Sætherengen;SN12680;14.01.2025 21:00;-5.5;1.5
Lillehammer - Sætherengen;SN12680;14.01.2025 22:00;-5.6;1.3
Lillehammer - Sætherengen;SN12680;14.01.2025 23:00;-3.8;2.5
Lillehammer - Sætherengen;SN12680;15.01.2025 00:00;-5.3;1.1
Lillehammer - Sætherengen;SN12680;15.01.2025 01:00;-5;1.5
Lillehammer - Sætherengen;SN12680;15.01.2025 02:00;-4.6;1.3
Lillehammer - Sætherengen;SN12680;15.01.2025 03:00;-5.3;1.9
Lillehammer - Sætherengen;SN12680;15.01.2025 04:00;-6;1.3
Lillehammer - Sætherengen;SN12680;15.01.2025 05:00;-6;0.6
Lillehammer - Sætherengen;SN12680;15.01.2025 06:00;-6.2;0.7
Lillehammer - Sætherengen;SN12680;15.01.2025 07:00;-5.1;1
Lillehammer - Sætherengen;SN12680;15.01.2025 08:00;-6;0.6
Lillehammer - Sætherengen;SN12680;15.01.2025 09:00;-5.5;0.5
Lillehammer - Sætherengen;SN12680;15.01.2025 10:00;-4.8;1.2
Lillehammer - Sætherengen;SN12680;15.01.2025 11:00;-4.5;1.2
Lillehammer - Sætherengen;SN12680;15.01.2025 12:00;-4.4;0.5
Lillehammer - Sætherengen;SN12680;15.01.2025 13:00;-4.7;1.1
Lillehammer - Sætherengen;SN12680;15.01.2025 14:00;-4.6;0.7
Lillehammer - Sætherengen;SN12680;15.01.2025 15:00;-4.2;0.9
Lillehammer - Sætherengen;SN12680;15.01.2025 16:00;-4.3;0.9
Lillehammer - Sætherengen;SN12680;15.01.2025 17:00;-4.3;1.3
Lillehammer - Sætherengen;SN12680;15.01.2025 18:00;-4.5;1.3
Lillehammer - Sætherengen;SN12680;15.01.2025 19:00;-3.9;1.1
Lillehammer - Sætherengen;SN12680;15.01.2025 20:00;-3.3;0.7
Lillehammer - Sætherengen;SN12680;15.01.2025 21:00;-3.8;1.1
Lillehammer - Sætherengen;SN12680;15.01.2025 22:00;-4.2;0.9
Lillehammer - Sætherengen;SN12680;15.01.2025 23:00;-4.2;1.7
Lillehammer - Sætherengen;SN12680;16.01.2025 00:00;-4.2;0.9
Lillehammer - Sætherengen;SN12680;16.01.2025 01:00;-4.1;1.4
Lillehammer - Sætherengen;SN12680;16.01.2025 02:00;-3.5;2
Lillehammer - Sætherengen;SN12680;16.01.2025 03:00;-3.3;2.2
Lillehammer - Sætherengen;SN12680;16.01.2025 04:00;-4.3;1.5
Lillehammer - Sætherengen;SN12680;16.01.2025 05:00;-2.4;1.3
Lillehammer - Sætherengen;SN12680;16.01.2025 06:00;-2.3;2.3
Lillehammer - Sætherengen;SN12680;16.01.2025 07:00;-3.1;1.1
Lillehammer - Sætherengen;SN12680;16.01.2025 08:00;-3.6;1
Lillehammer - Sætherengen;SN12680;16.01.2025 09:00;-4.1;1.2
Lillehammer - Sætherengen;SN12680;16.01.2025 10:00;-4.9;2.1
Lillehammer - Sætherengen;SN12680;16.01.2025 11:00;-3.3;0.9
Lillehammer - Sætherengen;SN12680;16.01.2025 12:00;-3.3;1
Lillehammer - Sætherengen;SN12680;16.01.2025 13:00;-2.1;1.6
Lillehammer - Sætherengen;SN12680;16.01.2025 14:00;-2.8;1.3
Lillehammer - Sætherengen;SN12680;16.01.2025 15:00;-3;0.8
Lillehammer - Sætherengen;SN12680;16.01.2025 16:00;-3;1.2
Lillehammer - Sætherengen;SN12680;16.01.2025 17:00;-0.9;1.5
Lillehammer - Sætherengen;SN12680;16.01.2025 18:00;-0.1;1.9
Lillehammer - Sætherengen;SN12680;16.01.2025 19:00;-1.5;1.7
Lillehammer - Sætherengen;SN12680;16.01.2025 20:00;-2.5;1.1
Lillehammer - Sætherengen;SN12680;16.01.2025 21:00;-1.8;1.6
Lillehammer - Sætherengen;SN12680;16.01.2025 22:00;-2;1.3
Lillehammer - Sætherengen;SN12680;16.01.2025 23:00;-0.7;2.3
Lillehammer - Sætherengen;SN12680;17.01.2025 00:00;-1.5;0.7
Lillehammer - Sætherengen;SN12680;17.01.2025 01:00;-3.2;0.8
Lillehammer - Sætherengen;SN12680;17.01.2025 02:00;-2.4;1.1
Lillehammer - Sætherengen;SN12680;17.01.2025 03:00;-2.7;1
Lillehammer - Sætherengen;SN12680;17.01.2025 04:00;-2.8;1.3
Lillehammer - Sætherengen;SN12680;17.01.2025 05:00;-2.2;0.9
Lillehammer - Sætherengen;SN12680;17.01.2025 06:00;-1.8;1.5
Lillehammer - Sætherengen;SN12680;17.01.2025 07:00;-2.4;1.5
Lillehammer - Sætherengen;SN12680;17.01.2025 08:00;-1.7;1.4
Lillehammer - Sætherengen;SN12680;17.01.2025 09:00;-1.5;0.8
Lillehammer - Sætherengen;SN12680;17.01.2025 10:00;-1.3;0.5
Lillehammer - Sætherengen;SN12680;17.01.2025 11:00;-1;0.9
Lillehammer - Sætherengen;SN12680;17.01.2025 12:00;-1.7;1.7
Lillehammer - Sætherengen;SN12680;17.01.2025 13:00;-1;1.1
Lillehammer - Sætherengen;SN12680;17.01.2025 14:00;-0.9;1.7
Lillehammer - Sætherengen;SN12680;17.01.2025 15:00;-1.1;1.1
Lillehammer - Sætherengen;SN12680;17.01.2025 16:00;-1.3;2.2
Lillehammer - Sætherengen;SN12680;17.01.2025 17:00;-1.7;1.4
Lillehammer - Sætherengen;SN12680;17.01.2025 18:00;-2.9;1.7
Lillehammer - Sætherengen;SN12680;17.01.2025 19:00;-2.4;1.8
Lillehammer - Sætherengen;SN12680;17.01.2025 20:00;6.9;3.4
Lillehammer - Sætherengen;SN12680;17.01.2025 21:00;6.8;2.5
Lillehammer - Sætherengen;SN12680;17.01.2025 22:00;6.7;2
Lillehammer - Sætherengen;SN12680;17.01.2025 23:00;4.9;1
Lillehammer - Sætherengen;SN12680;18.01.2025 00:00;1.7;1.1
Lillehammer - Sætherengen;SN12680;18.01.2025 01:00;1.3;1.4
Lillehammer - Sætherengen;SN12680;18.01.2025 02:00;0.1;1.4
Lillehammer - Sætherengen;SN12680;18.01.2025 03:00;-0.6;1.4
Lillehammer - Sætherengen;SN12680;18.01.2025 04:00;-0.2;0.7
Lillehammer - Sætherengen;SN12680;18.01.2025 05:00;-0.8;0.9
Lillehammer - Sætherengen;SN12680;18.01.2025 06:00;-0.7;1.6
Lillehammer - Sætherengen;SN12680;18.01.2025 07:00;-2;1.1
Lillehammer - Sætherengen;SN12680;18.01.2025 08:00;-2;1
Lillehammer - Sætherengen;SN12680;18.01.2025 09:00;-2.1;0.7
Lillehammer - Sætherengen;SN12680;18.01.2025 10:00;-3.3;1.5
Lillehammer - Sætherengen;SN12680;18.01.2025 11:00;-0.6;2.3
Lillehammer - Sætherengen;SN12680;18.01.2025 12:00;-1.1;1.2
Lillehammer - Sætherengen;SN12680;18.01.2025 13:00;-0.4;1.2
Lillehammer - Sætherengen;SN12680;18.01.2025 14:00;-1.5;1
Lillehammer - Sætherengen;SN12680;18.01.2025 15:00;-2.1;1.1
Lillehammer - Sætherengen;SN12680;18.01.2025 16:00;-1.9;1.3
Lillehammer - Sætherengen;SN12680;18.01.2025 17:00;-2.7;1
Lillehammer - Sætherengen;SN12680;18.01.2025 18:00;-2.6;0.6
Lillehammer - Sætherengen;SN12680;18.01.2025 19:00;-2.7;1.1
Lillehammer - Sætherengen;SN12680;18.01.2025 20:00;-3.4;1
Lillehammer - Sætherengen;SN12680;18.01.2025 21:00;-3.1;0.9
Lillehammer - Sætherengen;SN12680;18.01.2025 22:00;-3.2;1.1
Lillehammer - Sætherengen;SN12680;18.01.2025 23:00;-3.2;1
Lillehammer - Sætherengen;SN12680;19.01.2025 00:00;-4.6;0.9
Lillehammer - Sætherengen;SN12680;19.01.2025 01:00;-4.9;1
Lillehammer - Sætherengen;SN12680;19.01.2025 02:00;-4.8;0.5
Lillehammer - Sætherengen;SN12680;19.01.2025 03:00;-3.7;1.4
Lillehammer - Sætherengen;SN12680;19.01.2025 04:00;-6.1;1.6
Lillehammer - Sætherengen;SN12680;19.01.2025 05:00;-5.9;0.7
Lillehammer - Sætherengen;SN12680;19.01.2025 06:00;-6.2;0.4
Lillehammer - Sætherengen;SN12680;19.01.2025 07:00;-6.3;0.8
Lillehammer - Sætherengen;SN12680;19.01.2025 08:00;-6.4;0.7
Lillehammer - Sætherengen;SN12680;19.01.2025 09:00;-7.1;0.5
Lillehammer - Sætherengen;SN12680;19.01.2025 10:00;-7.2;1.7
Lillehammer - Sætherengen;SN12680;19.01.2025 11:00;-7.1;0
Lillehammer - Sætherengen;SN12680;19.01.2025 12:00;-5.9;0.8
Lillehammer - Sætherengen;SN12680;19.01.2025 13:00;-4.4;1.6
Lillehammer - Sætherengen;SN12680;19.01.2025 14:00;-3.8;1.8
Lillehammer - Sætherengen;SN12680;19.01.2025 15:00;-6.3;0.7
Lillehammer - Sætherengen;SN12680;19.01.2025 16:00;-6;0.5
Lillehammer - Sætherengen;SN12680;19.01.2025 17:00;-6.7;0.4
Lillehammer - Sætherengen;SN12680;19.01.2025 18:00;-7.9;0.5
Lillehammer - Sætherengen;SN12680;19.01.2025 19:00;-8.2;0.6
Lillehammer - Sætherengen;SN12680;19.01.2025 20:00;-8.4;0.7
Lillehammer - Sætherengen;SN12680;19.01.2025 21:00;-8;0.9
Lillehammer - Sætherengen;SN12680;19.01.2025 22:00;-7.5;1
Lillehammer - Sætherengen;SN12680;19.01.2025 23:00;-7.6;1.5
Lillehammer - Sætherengen;SN12680;20.01.2025 00:00;-7.5;1.3
Lillehammer - Sætherengen;SN12680;20.01.2025 01:00;-8;0.5
Lillehammer - Sætherengen;SN12680;20.01.2025 02:00;-8.1;0.5
Lillehammer - Sætherengen;SN12680;20.01.2025 03:00;-8.8;0.7
Lillehammer - Sætherengen;SN12680;20.01.2025 04:00;-9.1;0.6
Lillehammer - Sætherengen;SN12680;20.01.2025 05:00;-9.5;0.7
Lillehammer - Sætherengen;SN12680;20.01.2025 06:00;-9.4;0.4
Lillehammer - Sætherengen;SN12680;20.01.2025 07:00;-9.1;0.5
Lillehammer - Sætherengen;SN12680;20.01.2025 08:00;-9;0.6
Lillehammer - Sætherengen;SN12680;20.01.2025 09:00;-8.7;0.6
Lillehammer - Sætherengen;SN12680;20.01.2025 10:00;-8.4;0.6
Lillehammer - Sætherengen;SN12680;20.01.2025 11:00;-7.6;0.4
Lillehammer - Sætherengen;SN12680;20.01.2025 12:00;-6.5;0
Lillehammer - Sætherengen;SN12680;20.01.2025 13:00;-6.3;0.4
Lillehammer - Sætherengen;SN12680;20.01.2025 14:00;-6.3;0.8
Lillehammer - Sætherengen;SN12680;20.01.2025 15:00;-6.3;0.6
Lillehammer - Sætherengen;SN12680;20.01.2025 16:00;-6;0.4
Lillehammer - Sætherengen;SN12680;20.01.2025 17:00;-5.7;0.6
Lillehammer - Sætherengen;SN12680;20.01.2025 18:00;-5.9;0.5
Lillehammer - Sætherengen;SN12680;20.01.2025 19:00;-5.4;0
Lillehammer - Sætherengen;SN12680;20.01.2025 20:00;-5.6;0.6
Lillehammer - Sætherengen;SN12680;20.01.2025 21:00;-5.7;0.8
Lillehammer - Sætherengen;SN12680;20.01.2025 22:00;-5.6;0.4
Lillehammer - Sætherengen;SN12680;20.01.2025 23:00;-5.5;0.7
Lillehammer - Sætherengen;SN12680;21.01.2025 00:00;-5.7;0.5
Lillehammer - Sætherengen;SN12680;21.01.2025 01:00;-5.4;0.5
Lillehammer - Sætherengen;SN12680;21.01.2025 02:00;-5.6;0.4
Lillehammer - Sætherengen;SN12680;21.01.2025 03:00;-5.4;1
Lillehammer - Sætherengen;SN12680;21.01.2025 04:00;-5.2;0.8
Lillehammer - Sætherengen;SN12680;21.01.2025 05:00;-5.1;1.3
Lillehammer - Sætherengen;SN12680;21.01.2025 06:00;-5.3;1.7
Lillehammer - Sætherengen;SN12680;21.01.2025 07:00;-5.1;2.2
Lillehammer - Sætherengen;SN12680;21.01.2025 08:00;-5.1;1.6
Lillehammer - Sætherengen;SN12680;21.01.2025 09:00;-5.1;0.9
Lillehammer - Sætherengen;SN12680;21.01.2025 10:00;-5.4;1.1
Lillehammer - Sætherengen;SN12680;21.01.2025 11:00;-5.3;1.1
Lillehammer - Sætherengen;SN12680;21.01.2025 12:00;-5.1;1.3
Lillehammer - Sætherengen;SN12680;21.01.2025 13:00;-4.8;2
Lillehammer - Sætherengen;SN12680;21.01.2025 14:00;-4.8;2.1
Lillehammer - Sætherengen;SN12680;21.01.2025 15:00;-4.6;1.2
Lillehammer - Sætherengen;SN12680;21.01.2025 16:00;-4.8;1.9
Lillehammer - Sætherengen;SN12680;21.01.2025 17:00;-4.7;1.7
Lillehammer - Sætherengen;SN12680;21.01.2025 18:00;-4.6;1.3
Lillehammer - Sætherengen;SN12680;21.01.2025 19:00;-4.6;1.4
Lillehammer - Sætherengen;SN12680;21.01.2025 20:00;-4.7;0.8
Lillehammer - Sætherengen;SN12680;21.01.2025 21:00;-4.8;1.3
Lillehammer - Sætherengen;SN12680;21.01.2025 22:00;-4.7;1.2
Lillehammer - Sætherengen;SN12680;21.01.2025 23:00;-4.9;0
Lillehammer - Sætherengen;SN12680;22.01.2025 00:00;-4.8;1.1
Lillehammer - Sætherengen;SN12680;22.01.2025 01:00;-4.7;0.6
Lillehammer - Sætherengen;SN12680;22.01.2025 02:00;-5.1;0.7
Lillehammer - Sætherengen;SN12680;22.01.2025 03:00;-5;0.6
Lillehammer - Sætherengen;SN12680;22.01.2025 04:00;-6.1;0.8
Lillehammer - Sætherengen;SN12680;22.01.2025 05:00;-6.9;0.4
Lillehammer - Sætherengen;SN12680;22.01.2025 06:00;-7.3;0.7
Lillehammer - Sætherengen;SN12680;22.01.2025 07:00;-6.9;0.4
Lillehammer - Sætherengen;SN12680;22.01.2025 08:00;-7;0.4
Lillehammer - Sætherengen;SN12680;22.01.2025 09:00;-6.8;0.4
Lillehammer - Sætherengen;SN12680;22.01.2025 10:00;-6.1;0.4
Lillehammer - Sætherengen;SN12680;22.01.2025 11:00;-6.2;0.5
Lillehammer - Sætherengen;SN12680;22.01.2025 12:00;-5.6;0
Lillehammer - Sætherengen;SN12680;22.01.2025 13:00;-5.6;0.5
Lillehammer - Sætherengen;SN12680;22.01.2025 14:00;-5.4;0.5
Lillehammer - Sætherengen;SN12680;22.01.2025 15:00;-5.7;0
Lillehammer - Sætherengen;SN12680;22.01.2025 16:00;-5.9;0.4
Lillehammer - Sætherengen;SN12680;22.01.2025 17:00;-6.1;0.3
Lillehammer - Sætherengen;SN12680;22.01.2025 18:00;-6.1;0.5
Lillehammer - Sætherengen;SN12680;22.01.2025 19:00;-6.4;0
Lillehammer - Sætherengen;SN12680;22.01.2025 20:00;-6.1;0.6
Lillehammer - Sætherengen;SN12680;22.01.2025 21:00;-7;0.8
Lillehammer - Sætherengen;SN12680;22.01.2025 22:00;-7.2;0
Lillehammer - Sætherengen;SN12680;22.01.2025 23:00;-7.2;1.1
Lillehammer - Sætherengen;SN12680;23.01.2025 00:00;-8.7;1
Lillehammer - Sætherengen;SN12680;23.01.2025 01:00;-8.9;0.5
Lillehammer - Sætherengen;SN12680;23.01.2025 02:00;-9.3;1
Lillehammer - Sætherengen;SN12680;23.01.2025 03:00;-7.8;1
Lillehammer - Sætherengen;SN12680;23.01.2025 04:00;-7.9;0.5
Lillehammer - Sætherengen;SN12680;23.01.2025 05:00;-7.8;0.7
Lillehammer - Sætherengen;SN12680;23.01.2025 06:00;-7;0
Lillehammer - Sætherengen;SN12680;23.01.2025 07:00;-6.9;1
Lillehammer - Sætherengen;SN12680;23.01.2025 08:00;-6.6;1.2
Lillehammer - Sætherengen;SN12680;23.01.2025 09:00;-6.1;0.9
Lillehammer - Sætherengen;SN12680;23.01.2025 10:00;-5.4;1.6
Lillehammer - Sætherengen;SN12680;23.01.2025 11:00;-5.4;2.4
Lillehammer - Sætherengen;SN12680;23.01.2025 12:00;-5.1;2.2
Lillehammer - Sætherengen;SN12680;23.01.2025 13:00;-4.8;2.6
Lillehammer - Sætherengen;SN12680;23.01.2025 14:00;-4.8;2.5
Lillehammer - Sætherengen;SN12680;23.01.2025 15:00;-4.9;2.8
Lillehammer - Sætherengen;SN12680;23.01.2025 16:00;-4.7;2.4
Lillehammer - Sætherengen;SN12680;23.01.2025 17:00;-4.7;2.8
Lillehammer - Sætherengen;SN12680;23.01.2025 18:00;-4.6;2.8
Lillehammer - Sætherengen;SN12680;23.01.2025 19:00;-4.3;2.5
Lillehammer - Sætherengen;SN12680;23.01.2025 20:00;-4;2.6
Lillehammer - Sætherengen;SN12680;23.01.2025 21:00;-3.9;2.5
Lillehammer - Sætherengen;SN12680;23.01.2025 22:00;-3.6;2.8
Lillehammer - Sætherengen;SN12680;23.01.2025 23:00;-3.6;2
Lillehammer - Sætherengen;SN12680;24.01.2025 00:00;-3.8;2
Lillehammer - Sætherengen;SN12680;24.01.2025 01:00;-3.8;2
Lillehammer - Sætherengen;SN12680;24.01.2025 02:00;-4.2;1.7
Lillehammer - Sætherengen;SN12680;24.01.2025 03:00;-4.2;2.3
Lillehammer - Sætherengen;SN12680;24.01.2025 04:00;-4.3;1.5
Lillehammer - Sætherengen;SN12680;24.01.2025 05:00;-4.7;1.5
Lillehammer - Sætherengen;SN12680;24.01.2025 06:00;-5.1;1.5
Lillehammer - Sætherengen;SN12680;24.01.2025 07:00;-7.3;1.4
Lillehammer - Sætherengen;SN12680;24.01.2025 08:00;-7.2;0.8
Lillehammer - Sætherengen;SN12680;24.01.2025 09:00;-8.1;0.6
Lillehammer - Sætherengen;SN12680;24.01.2025 10:00;-6.5;0.7
Lillehammer - Sætherengen;SN12680;24.01.2025 11:00;-6.4;0.4
Lillehammer - Sætherengen;SN12680;24.01.2025 12:00;-6.1;1.5
Lillehammer - Sætherengen;SN12680;24.01.2025 13:00;-5.3;1.1
Lillehammer - Sætherengen;SN12680;24.01.2025 14:00;-6.4;0.6
Lillehammer - Sætherengen;SN12680;24.01.2025 15:00;-6.1;1.1
Lillehammer - Sætherengen;SN12680;24.01.2025 16:00;-5.9;0.9
Lillehammer - Sætherengen;SN12680;24.01.2025 17:00;-5.7;0.5
Lillehammer - Sætherengen;SN12680;24.01.2025 18:00;-5.8;0
Lillehammer - Sætherengen;SN12680;24.01.2025 19:00;-4.6;1.5
Lillehammer - Sætherengen;SN12680;24.01.2025 20:00;-5;1
Lillehammer - Sætherengen;SN12680;24.01.2025 21:00;-2.4;1.7
Lillehammer - Sætherengen;SN12680;24.01.2025 22:00;1.5;5.5
Lillehammer - Sætherengen;SN12680;24.01.2025 23:00;1.5;5
Lillehammer - Sætherengen;SN12680;25.01.2025 00:00;2;4
Lillehammer - Sætherengen;SN12680;25.01.2025 01:00;2.5;4.2
Lillehammer - Sætherengen;SN12680;25.01.2025 02:00;3;5.6
Lillehammer - Sætherengen;SN12680;25.01.2025 03:00;3.4;6.1
Lillehammer - Sætherengen;SN12680;25.01.2025 04:00;3.2;5.7
Lillehammer - Sætherengen;SN12680;25.01.2025 05:00;3.1;4.9
Lillehammer - Sætherengen;SN12680;25.01.2025 06:00;3.1;7.1
Lillehammer - Sætherengen;SN12680;25.01.2025 07:00;3.2;6.7
Lillehammer - Sætherengen;SN12680;25.01.2025 08:00;3.2;6
Lillehammer - Sætherengen;SN12680;25.01.2025 09:00;3.2;6
Lillehammer - Sætherengen;SN12680;25.01.2025 10:00;3.4;5.6
Lillehammer - Sætherengen;SN12680;25.01.2025 11:00;4.2;5.6
Lillehammer - Sætherengen;SN12680;25.01.2025 12:00;4.9;4.3
Lillehammer - Sætherengen;SN12680;25.01.2025 13:00;5.1;5.9
Lillehammer - Sætherengen;SN12680;25.01.2025 14:00;5.1;4.3
Lillehammer - Sætherengen;SN12680;25.01.2025 15:00;4.8;6.6
Lillehammer - Sætherengen;SN12680;25.01.2025 16:00;4;4.3
Lillehammer - Sætherengen;SN12680;25.01.2025 17:00;2.7;5.5
Lillehammer - Sætherengen;SN12680;25.01.2025 18:00;3.5;4.7
Lillehammer - Sætherengen;SN12680;25.01.2025 19:00;2.7;4.6
Lillehammer - Sætherengen;SN12680;25.01.2025 20:00;2.7;5.1
Lillehammer - Sætherengen;SN12680;25.01.2025 21:00;2.9;4.9
Lillehammer - Sætherengen;SN12680;25.01.2025 22:00;2.7;4.8
Lillehammer - Sætherengen;SN12680;25.01.2025 23:00;2.5;1.7
Lillehammer - Sætherengen;SN12680;26.01.2025 00:00;1.3;1.3
Lillehammer - Sætherengen;SN12680;26.01.2025 01:00;0.4;1.5
Lillehammer - Sætherengen;SN12680;26.01.2025 02:00;2.5;2
Lillehammer - Sætherengen;SN12680;26.01.2025 03:00;2.2;2.9
Lillehammer - Sætherengen;SN12680;26.01.2025 04:00;3.1;3
Lillehammer - Sætherengen;SN12680;26.01.2025 05:00;1.7;1.3
Lillehammer - Sætherengen;SN12680;26.01.2025 06:00;2.3;1.2
Lillehammer - Sætherengen;SN12680;26.01.2025 07:00;0.6;1.3
Lillehammer - Sætherengen;SN12680;26.01.2025 08:00;-1;1.4
Lillehammer - Sætherengen;SN12680;26.01.2025 09:00;-1.2;1.5
Lillehammer - Sætherengen;SN12680;26.01.2025 10:00;-2.6;0.7
Lillehammer - Sætherengen;SN12680;26.01.2025 11:00;-1.2;0.8
Lillehammer - Sætherengen;SN12680;26.01.2025 12:00;-1.3;2.3
Lillehammer - Sætherengen;SN12680;26.01.2025 13:00;0.4;1
Lillehammer - Sætherengen;SN12680;26.01.2025 14:00;0.8;2.6
Lillehammer - Sætherengen;SN12680;26.01.2025 15:00;1.2;2.8
Lillehammer - Sætherengen;SN12680;26.01.2025 16:00;-0.8;1.2
Lillehammer - Sætherengen;SN12680;26.01.2025 17:00;-1.8;1.2
Lillehammer - Sætherengen;SN12680;26.01.2025 18:00;-2;1.9
Lillehammer - Sætherengen;SN12680;26.01.2025 19:00;-2.5;2.1
Lillehammer - Sætherengen;SN12680;26.01.2025 20:00;-3.5;1
Lillehammer - Sætherengen;SN12680;26.01.2025 21:00;-3.6;1.5
Lillehammer - Sætherengen;SN12680;26.01.2025 22:00;-2.9;1
Lillehammer - Sætherengen;SN12680;26.01.2025 23:00;-2.9;1.1
Lillehammer - Sætherengen;SN12680;27.01.2025 00:00;-3.3;0.9
Lillehammer - Sætherengen;SN12680;27.01.2025 01:00;-3.3;0.8
Lillehammer - Sætherengen;SN12680;27.01.2025 02:00;-3;0.6
Lillehammer - Sætherengen;SN12680;27.01.2025 03:00;-2.9;0.7
Lillehammer - Sætherengen;SN12680;27.01.2025 04:00;-1.9;0.7
Lillehammer - Sætherengen;SN12680;27.01.2025 05:00;-2.8;0.4
Lillehammer - Sætherengen;SN12680;27.01.2025 06:00;-2.1;1.7
Lillehammer - Sætherengen;SN12680;27.01.2025 07:00;-2.6;0.9
Lillehammer - Sætherengen;SN12680;27.01.2025 08:00;-2.5;1
Lillehammer - Sætherengen;SN12680;27.01.2025 09:00;-1.3;1.8
Lillehammer - Sætherengen;SN12680;27.01.2025 10:00;-1.9;1.5
Lillehammer - Sætherengen;SN12680;27.01.2025 11:00;-1.3;1.1
Lillehammer - Sætherengen;SN12680;27.01.2025 12:00;0.3;2.6
Lillehammer - Sætherengen;SN12680;27.01.2025 13:00;0.4;1.8
Lillehammer - Sætherengen;SN12680;27.01.2025 14:00;0;2.2
Lillehammer - Sætherengen;SN12680;27.01.2025 15:00;-0.3;1.6
Lillehammer - Sætherengen;SN12680;27.01.2025 16:00;-0.4;2
Lillehammer - Sætherengen;SN12680;27.01.2025 17:00;-1.5;2.3
Lillehammer - Sætherengen;SN12680;27.01.2025 18:00;-1.9;1.7
Lillehammer - Sætherengen;SN12680;27.01.2025 19:00;-1.8;1.8
Lillehammer - Sætherengen;SN12680;27.01.2025 20:00;-1.9;0.8
Lillehammer - Sætherengen;SN12680;27.01.2025 21:00;-2;0.7
Lillehammer - Sætherengen;SN12680;27.01.2025 22:00;-2.1;0
Lillehammer - Sætherengen;SN12680;27.01.2025 23:00;-2;0.5
Lillehammer - Sætherengen;SN12680;28.01.2025 00:00;-2;0.6
Lillehammer - Sætherengen;SN12680;28.01.2025 01:00;-2;1.4
Lillehammer - Sætherengen;SN12680;28.01.2025 02:00;-1.8;0.4
Lillehammer - Sætherengen;SN12680;28.01.2025 03:00;-1.8;0.8
Lillehammer - Sætherengen;SN12680;28.01.2025 04:00;-2.1;0.8
Lillehammer - Sætherengen;SN12680;28.01.2025 05:00;-2.1;1.4
Lillehammer - Sætherengen;SN12680;28.01.2025 06:00;-2;1
Lillehammer - Sætherengen;SN12680;28.01.2025 07:00;-1.9;0.9
Lillehammer - Sætherengen;SN12680;28.01.2025 08:00;-1.8;1
Lillehammer - Sætherengen;SN12680;28.01.2025 09:00;-1.7;1.2
Lillehammer - Sætherengen;SN12680;28.01.2025 10:00;-1.5;1.1
Lillehammer - Sætherengen;SN12680;28.01.2025 11:00;-1;0
Lillehammer - Sætherengen;SN12680;28.01.2025 12:00;-1.1;0.9
Lillehammer - Sætherengen;SN12680;28.01.2025 13:00;-1.2;1.9
Lillehammer - Sætherengen;SN12680;28.01.2025 14:00;-1.1;1.8
Lillehammer - Sætherengen;SN12680;28.01.2025 15:00;-1.1;1.1
Lillehammer - Sætherengen;SN12680;28.01.2025 16:00;-1.3;0.6
Lillehammer - Sætherengen;SN12680;28.01.2025 17:00;-1.5;1.3
Lillehammer - Sætherengen;SN12680;28.01.2025 18:00;-1.7;1.8
Lillehammer - Sætherengen;SN12680;28.01.2025 19:00;-1.9;1.8
Lillehammer - Sætherengen;SN12680;28.01.2025 20:00;-1.7;1.7
Lillehammer - Sætherengen;SN12680;28.01.2025 21:00;-1.6;2.4
Lillehammer - Sætherengen;SN12680;28.01.2025 22:00;-1.7;1.9
Lillehammer - Sætherengen;SN12680;28.01.2025 23:00;-2;2
Lillehammer - Sætherengen;SN12680;29.01.2025 00:00;-1.9;1.8
Lillehammer - Sætherengen;SN12680;29.01.2025 01:00;-1.9;1.9
Lillehammer - Sætherengen;SN12680;29.01.2025 02:00;-1.8;1.4
Lillehammer - Sætherengen;SN12680;29.01.2025 03:00;-1.8;1.7
Lillehammer - Sætherengen;SN12680;29.01.2025 04:00;-2;2.2
Lillehammer - Sætherengen;SN12680;29.01.2025 05:00;-2;1.8
Lillehammer - Sætherengen;SN12680;29.01.2025 06:00;-2.1;0.6
Lillehammer - Sætherengen;SN12680;29.01.2025 07:00;-2.1;1.5
Lillehammer - Sætherengen;SN12680;29.01.2025 08:00;-2.2;1.3
Lillehammer - Sætherengen;SN12680;29.01.2025 09:00;-2.1;1.7
Lillehammer - Sætherengen;SN12680;29.01.2025 10:00;-2;1.2
Lillehammer - Sætherengen;SN12680;29.01.2025 11:00;-1.7;1.6
Lillehammer - Sætherengen;SN12680;29.01.2025 12:00;-1.1;2
Lillehammer - Sætherengen;SN12680;29.01.2025 13:00;-1.4;2.1
Lillehammer - Sætherengen;SN12680;29.01.2025 14:00;-0.5;2.5
Lillehammer - Sætherengen;SN12680;29.01.2025 15:00;-0.4;1.6
Lillehammer - Sætherengen;SN12680;29.01.2025 16:00;-0.8;1.6
Lillehammer - Sætherengen;SN12680;29.01.2025 17:00;-0.9;2
Lillehammer - Sætherengen;SN12680;29.01.2025 18:00;-0.8;1.7
Lillehammer - Sætherengen;SN12680;29.01.2025 19:00;-0.8;1.5
Lillehammer - Sætherengen;SN12680;29.01.2025 20:00;-1.2;1.1
Lillehammer - Sætherengen;SN12680;29.01.2025 21:00;-0.8;2
Lillehammer - Sætherengen;SN12680;29.01.2025 22:00;-0.6;2.1
Lillehammer - Sætherengen;SN12680;29.01.2025 23:00;-1.1;0.7
Lillehammer - Sætherengen;SN12680;30.01.2025 00:00;-0.8;2.4
Lillehammer - Sætherengen;SN12680;30.01.2025 01:00;-1.1;1.1
Lillehammer - Sætherengen;SN12680;30.01.2025 02:00;-1.5;1.7
Lillehammer - Sætherengen;SN12680;30.01.2025 03:00;-2.3;2
Lillehammer - Sætherengen;SN12680;30.01.2025 04:00;-3.3;2.4
Lillehammer - Sætherengen;SN12680;30.01.2025 05:00;-3.9;3.1
Lillehammer - Sætherengen;SN12680;30.01.2025 06:00;-4.7;2.2
Lillehammer - Sætherengen;SN12680;30.01.2025 07:00;-5.4;2
Lillehammer - Sætherengen;SN12680;30.01.2025 08:00;-5.6;1.8
Lillehammer - Sætherengen;SN12680;30.01.2025 09:00;-6.4;1.6
Lillehammer - Sætherengen;SN12680;30.01.2025 10:00;-6.4;2.3
Lillehammer - Sætherengen;SN12680;30.01.2025 11:00;-5.7;1.7
Lillehammer - Sætherengen;SN12680;30.01.2025 12:00;-5.1;2
Lillehammer - Sætherengen;SN12680;30.01.2025 13:00;-4.6;2.6
Lillehammer - Sætherengen;SN12680;30.01.2025 14:00;-4.5;3.4
Lillehammer - Sætherengen;SN12680;30.01.2025 15:00;-4.6;2.5
Lillehammer - Sætherengen;SN12680;30.01.2025 16:00;-5.4;1
Lillehammer - Sætherengen;SN12680;30.01.2025 17:00;-6.3;1.7
Lillehammer - Sætherengen;SN12680;30.01.2025 18:00;-6.6;1.7
Lillehammer - Sætherengen;SN12680;30.01.2025 19:00;-6.9;2.8
Lillehammer - Sætherengen;SN12680;30.01.2025 20:00;-6.9;1.5
Lillehammer - Sætherengen;SN12680;30.01.2025 21:00;-6.9;2.3
Lillehammer - Sætherengen;SN12680;30.01.2025 22:00;-7;2.2
Lillehammer - Sætherengen;SN12680;30.01.2025 23:00;-6.8;2.1
Lillehammer - Sætherengen;SN12680;31.01.2025 00:00;-7;2.6
Lillehammer - Sætherengen;SN12680;31.01.2025 01:00;-7.4;1.6
Lillehammer - Sætherengen;SN12680;31.01.2025 02:00;-7.4;1.4
Lillehammer - Sætherengen;SN12680;31.01.2025 03:00;-7.2;3
Lillehammer - Sætherengen;SN12680;31.01.2025 04:00;-6.8;2
Lillehammer - Sætherengen;SN12680;31.01.2025 05:00;-6.2;1.9
Lillehammer - Sætherengen;SN12680;31.01.2025 06:00;-6.7;2.1
Lillehammer - Sætherengen;SN12680;31.01.2025 07:00;-7;2.9
Lillehammer - Sætherengen;SN12680;31.01.2025 08:00;-7.5;0.9
Lillehammer - Sætherengen;SN12680;31.01.2025 09:00;-6.5;1.9
Lillehammer - Sætherengen;SN12680;31.01.2025 10:00;-5.1;2.1
Lillehammer - Sætherengen;SN12680;31.01.2025 11:00;-4;3.8
Lillehammer - Sætherengen;SN12680;31.01.2025 12:00;-4.7;2.9
Lillehammer - Sætherengen;SN12680;31.01.2025 13:00;-3.4;3.1
Lillehammer - Sætherengen;SN12680;31.01.2025 14:00;-2.4;2.1
Lillehammer - Sætherengen;SN12680;31.01.2025 15:00;-3.4;1.5
Lillehammer - Sætherengen;SN12680;31.01.2025 16:00;-3.9;2
Lillehammer - Sætherengen;SN12680;31.01.2025 17:00;-3.7;1.4
Lillehammer - Sætherengen;SN12680;31.01.2025 18:00;-4.4;2.2
Lillehammer - Sætherengen;SN12680;31.01.2025 19:00;-4.2;2.3
Lillehammer - Sætherengen;SN12680;31.01.2025 20:00;-4.1;2.3
Lillehammer - Sætherengen;SN12680;31.01.2025 21:00;-5.2;1.1
Lillehammer - Sætherengen;SN12680;31.01.2025 22:00;-4.9;1.9
Lillehammer - Sætherengen;SN12680;31.01.2025 23:00;-6.5;1.4
Lillehammer - Sætherengen;SN12680;01.02.2025 00:00;-6.8;1.2
Lillehammer - Sætherengen;SN12680;01.02.2025 01:00;-7.1;2.6
Lillehammer - Sætherengen;SN12680;01.02.2025 02:00;-7.2;1.9
Lillehammer - Sætherengen;SN12680;01.02.2025 03:00;-8;1.7
Lillehammer - Sætherengen;SN12680;01.02.2025 04:00;-8.6;1.8
Lillehammer - Sætherengen;SN12680;01.02.2025 05:00;-8.5;3
Lillehammer - Sætherengen;SN12680;01.02.2025 06:00;-9.2;4.2
Lillehammer - Sætherengen;SN12680;01.02.2025 07:00;-9.7;2.4
Lillehammer - Sætherengen;SN12680;01.02.2025 08:00;-10.4;1.8
Lillehammer - Sætherengen;SN12680;01.02.2025 09:00;-10.9;2.4
Lillehammer - Sætherengen;SN12680;01.02.2025 10:00;-11.6;2.8
Lillehammer - Sætherengen;SN12680;01.02.2025 11:00;-10.7;2.8
Lillehammer - Sætherengen;SN12680;01.02.2025 12:00;-10;2.3
Lillehammer - Sætherengen;SN12680;01.02.2025 13:00;-9.5;2.3
Lillehammer - Sætherengen;SN12680;01.02.2025 14:00;-9.3;1.7
Lillehammer - Sætherengen;SN12680;01.02.2025 15:00;-9.4;1.3
Lillehammer - Sætherengen;SN12680;01.02.2025 16:00;-10.1;0.9
Lillehammer - Sætherengen;SN12680;01.02.2025 17:00;-11.2;0.7
Lillehammer - Sætherengen;SN12680;01.02.2025 18:00;-11.5;1.1
Lillehammer - Sætherengen;SN12680;01.02.2025 19:00;-10.9;1.6
Lillehammer - Sætherengen;SN12680;01.02.2025 20:00;-11.3;2.5
Lillehammer - Sætherengen;SN12680;01.02.2025 21:00;-11.2;1.6
Lillehammer - Sætherengen;SN12680;01.02.2025 22:00;-12.1;1.5
Lillehammer - Sætherengen;SN12680;01.02.2025 23:00;-11.7;1.2
Lillehammer - Sætherengen;SN12680;02.02.2025 00:00;-12.6;1.6
Lillehammer - Sætherengen;SN12680;02.02.2025 01:00;-11.5;1.7
Lillehammer - Sætherengen;SN12680;02.02.2025 02:00;-11.8;0.9
Lillehammer - Sætherengen;SN12680;02.02.2025 03:00;-11.8;0.9
Lillehammer - Sætherengen;SN12680;02.02.2025 04:00;-11.6;0.8
Lillehammer - Sætherengen;SN12680;02.02.2025 05:00;-11.4;1.4
Lillehammer - Sætherengen;SN12680;02.02.2025 06:00;-10.5;1.1
Lillehammer - Sætherengen;SN12680;02.02.2025 07:00;-9.5;1.9
Lillehammer - Sætherengen;SN12680;02.02.2025 08:00;-9.7;0.9
Lillehammer - Sætherengen;SN12680;02.02.2025 09:00;-8.9;1.5
Lillehammer - Sætherengen;SN12680;02.02.2025 10:00;-8.6;1.6
Lillehammer - Sætherengen;SN12680;02.02.2025 11:00;-8.1;1.4
Lillehammer - Sætherengen;SN12680;02.02.2025 12:00;-7.8;0.7
Lillehammer - Sætherengen;SN12680;02.02.2025 13:00;-7.2;1.4
Lillehammer - Sætherengen;SN12680;02.02.2025 14:00;-8.1;0
Lillehammer - Sætherengen;SN12680;02.02.2025 15:00;-8.6;0.8
Lillehammer - Sætherengen;SN12680;02.02.2025 16:00;-8.9;0.8
Lillehammer - Sætherengen;SN12680;02.02.2025 17:00;-9.5;0.6
Lillehammer - Sætherengen;SN12680;02.02.2025 18:00;-9.8;0.7
Lillehammer - Sætherengen;SN12680;02.02.2025 19:00;-9.1;1.1
Lillehammer - Sætherengen;SN12680;02.02.2025 20:00;-8.3;0.9
Lillehammer - Sætherengen;SN12680;02.02.2025 21:00;-9;1.1
Lillehammer - Sætherengen;SN12680;02.02.2025 22:00;-8.6;1.4
Lillehammer - Sætherengen;SN12680;02.02.2025 23:00;-8.3;0.8
Lillehammer - Sætherengen;SN12680;03.02.2025 00:00;-7.6;0.7
Lillehammer - Sætherengen;SN12680;03.02.2025 01:00;-9.2;1.7
Lillehammer - Sætherengen;SN12680;03.02.2025 02:00;-7.1;0.7
Lillehammer - Sætherengen;SN12680;03.02.2025 03:00;-8.2;0.9
Lillehammer - Sætherengen;SN12680;03.02.2025 04:00;-7.5;1.2
Lillehammer - Sætherengen;SN12680;03.02.2025 05:00;-7.3;1.2
Lillehammer - Sætherengen;SN12680;03.02.2025 06:00;-7;0.4
Lillehammer - Sætherengen;SN12680;03.02.2025 07:00;-6.6;0.6
Lillehammer - Sætherengen;SN12680;03.02.2025 08:00;-6.7;0.4
Lillehammer - Sætherengen;SN12680;03.02.2025 09:00;-7;1.2
Lillehammer - Sætherengen;SN12680;03.02.2025 10:00;-6.3;1.3
Lillehammer - Sætherengen;SN12680;03.02.2025 11:00;-5.7;0.9
Lillehammer - Sætherengen;SN12680;03.02.2025 12:00;-5.4;0.8
Lillehammer - Sætherengen;SN12680;03.02.2025 13:00;-4.7;0.5
Lillehammer - Sætherengen;SN12680;03.02.2025 14:00;-4.1;0
Lillehammer - Sætherengen;SN12680;03.02.2025 15:00;-4.6;0.5
Lillehammer - Sætherengen;SN12680;03.02.2025 16:00;-4.7;0.8
Lillehammer - Sætherengen;SN12680;03.02.2025 17:00;-5.2;0
Lillehammer - Sætherengen;SN12680;03.02.2025 18:00;-5.1;0.6
Lillehammer - Sætherengen;SN12680;03.02.2025 19:00;-5;0
Lillehammer - Sætherengen;SN12680;03.02.2025 20:00;-5;0.4
Lillehammer - Sætherengen;SN12680;03.02.2025 21:00;-5.1;0.5
Lillehammer - Sætherengen;SN12680;03.02.2025 22:00;-4.9;0.4
Lillehammer - Sætherengen;SN12680;03.02.2025 23:00;-4.2;0.8
Lillehammer - Sætherengen;SN12680;04.02.2025 00:00;-4.7;0.5
Lillehammer - Sætherengen;SN12680;04.02.2025 01:00;-4.4;0.5
Lillehammer - Sætherengen;SN12680;04.02.2025 02:00;-4.9;0.5
Lillehammer - Sætherengen;SN12680;04.02.2025 03:00;-4.7;0
Lillehammer - Sætherengen;SN12680;04.02.2025 04:00;-4.4;0.7
Lillehammer - Sætherengen;SN12680;04.02.2025 05:00;-4.2;0.4
Lillehammer - Sætherengen;SN12680;04.02.2025 06:00;-4.2;1
Lillehammer - Sætherengen;SN12680;04.02.2025 07:00;-3.9;1
Lillehammer - Sætherengen;SN12680;04.02.2025 08:00;-3.6;0
Lillehammer - Sætherengen;SN12680;04.02.2025 09:00;-3.6;1
Lillehammer - Sætherengen;SN12680;04.02.2025 10:00;-3.1;0.9
Lillehammer - Sætherengen;SN12680;04.02.2025 11:00;-2.9;0
Lillehammer - Sætherengen;SN12680;04.02.2025 12:00;-2.5;0.5
Lillehammer - Sætherengen;SN12680;04.02.2025 13:00;-2.5;1.1
Lillehammer - Sætherengen;SN12680;04.02.2025 14:00;-2.5;1.1
Lillehammer - Sætherengen;SN12680;04.02.2025 15:00;-1.7;0.6
Lillehammer - Sætherengen;SN12680;04.02.2025 16:00;-1.8;1.1
Lillehammer - Sætherengen;SN12680;04.02.2025 17:00;-1;1.3
Lillehammer - Sætherengen;SN12680;04.02.2025 18:00;-0.7;0.9
Lillehammer - Sætherengen;SN12680;04.02.2025 19:00;1.5;2
Lillehammer - Sætherengen;SN12680;04.02.2025 20:00;2.9;3.8
Lillehammer - Sætherengen;SN12680;04.02.2025 21:00;3.1;3.9
Lillehammer - Sætherengen;SN12680;04.02.2025 22:00;3.6;4
Lillehammer - Sætherengen;SN12680;04.02.2025 23:00;3.6;3.8
Lillehammer - Sætherengen;SN12680;05.02.2025 00:00;4;5.1
Lillehammer - Sætherengen;SN12680;05.02.2025 01:00;4.2;5.6
Lillehammer - Sætherengen;SN12680;05.02.2025 02:00;4.1;5.4
Lillehammer - Sætherengen;SN12680;05.02.2025 03:00;4;3.5
Lillehammer - Sætherengen;SN12680;05.02.2025 04:00;4.1;4.3
Lillehammer - Sætherengen;SN12680;05.02.2025 05:00;4.4;4.5
Lillehammer - Sætherengen;SN12680;05.02.2025 06:00;4.6;5.3
Lillehammer - Sætherengen;SN12680;05.02.2025 07:00;3.5;2.1
Lillehammer - Sætherengen;SN12680;05.02.2025 08:00;3.9;3.9
Lillehammer - Sætherengen;SN12680;05.02.2025 09:00;3.8;1.1
Lillehammer - Sætherengen;SN12680;05.02.2025 10:00;2.7;1.8
Lillehammer - Sætherengen;SN12680;05.02.2025 11:00;3.5;0.8
Lillehammer - Sætherengen;SN12680;05.02.2025 12:00;4.5;0.8
Lillehammer - Sætherengen;SN12680;05.02.2025 13:00;4.7;1.5
Lillehammer - Sætherengen;SN12680;05.02.2025 14:00;5.1;1.3
Lillehammer - Sætherengen;SN12680;05.02.2025 15:00;3.2;1.8
Lillehammer - Sætherengen;SN12680;05.02.2025 16:00;3.2;0.7
Lillehammer - Sætherengen;SN12680;05.02.2025 17:00;2;0.4
Lillehammer - Sætherengen;SN12680;05.02.2025 18:00;-0.1;1.5
Lillehammer - Sætherengen;SN12680;05.02.2025 19:00;0.7;1.7
Lillehammer - Sætherengen;SN12680;05.02.2025 20:00;0.6;2.1
Lillehammer - Sætherengen;SN12680;05.02.2025 21:00;-0.4;1.6
Lillehammer - Sætherengen;SN12680;05.02.2025 22:00;-0.2;2.6
Lillehammer - Sætherengen;SN12680;05.02.2025 23:00;-0.9;2.2
Lillehammer - Sætherengen;SN12680;06.02.2025 00:00;-1.5;1.8
Lillehammer - Sætherengen;SN12680;06.02.2025 01:00;-3.2;1.1
Lillehammer - Sætherengen;SN12680;06.02.2025 02:00;-4.3;0.5
Lillehammer - Sætherengen;SN12680;06.02.2025 03:00;-4.5;0.9
Lillehammer - Sætherengen;SN12680;06.02.2025 04:00;-4.3;1.9
Lillehammer - Sætherengen;SN12680;06.02.2025 05:00;-6.3;0.5
Lillehammer - Sætherengen;SN12680;06.02.2025 06:00;-6.5;1.6
Lillehammer - Sætherengen;SN12680;06.02.2025 07:00;-7.1;1.3
Lillehammer - Sætherengen;SN12680;06.02.2025 08:00;-7.3;2
Lillehammer - Sætherengen;SN12680;06.02.2025 09:00;-6.8;1.2
Lillehammer - Sætherengen;SN12680;06.02.2025 10:00;-5.9;1.7
Lillehammer - Sætherengen;SN12680;06.02.2025 11:00;-6.2;1.4
Lillehammer - Sætherengen;SN12680;06.02.2025 12:00;-4.5;1.5
Lillehammer - Sætherengen;SN12680;06.02.2025 13:00;-4.8;1
Lillehammer - Sætherengen;SN12680;06.02.2025 14:00;-4.2;0.9
Lillehammer - Sætherengen;SN12680;06.02.2025 15:00;-3.7;1.7
Lillehammer - Sætherengen;SN12680;06.02.2025 16:00;-3.5;1.4
Lillehammer - Sætherengen;SN12680;06.02.2025 17:00;-4.6;1.5
Lillehammer - Sætherengen;SN12680;06.02.2025 18:00;-5.6;0.5
Lillehammer - Sætherengen;SN12680;06.02.2025 19:00;-5.9;1.3
Lillehammer - Sætherengen;SN12680;06.02.2025 20:00;-6.4;0.9
Lillehammer - Sætherengen;SN12680;06.02.2025 21:00;-5.8;2.7
Lillehammer - Sætherengen;SN12680;06.02.2025 22:00;-5.9;2.1
Lillehammer - Sætherengen;SN12680;06.02.2025 23:00;-8.2;0.8
Lillehammer - Sætherengen;SN12680;07.02.2025 00:00;-8.3;1.1
Lillehammer - Sætherengen;SN12680;07.02.2025 01:00;-6.9;2.6
Lillehammer - Sætherengen;SN12680;07.02.2025 02:00;-7.3;2.1
Lillehammer - Sætherengen;SN12680;07.02.2025 03:00;-7.2;3.5
Lillehammer - Sætherengen;SN12680;07.02.2025 04:00;-7.2;2.7
Lillehammer - Sætherengen;SN12680;07.02.2025 05:00;-7.1;2.2
Lillehammer - Sætherengen;SN12680;07.02.2025 06:00;-7.6;1.9
Lillehammer - Sætherengen;SN12680;07.02.2025 07:00;-7.5;2.2
Lillehammer - Sætherengen;SN12680;07.02.2025 08:00;-7.3;2.3
Lillehammer - Sætherengen;SN12680;07.02.2025 09:00;-7.3;2.3
Lillehammer - Sætherengen;SN12680;07.02.2025 10:00;-6.9;2.5
Lillehammer - Sætherengen;SN12680;07.02.2025 11:00;-6.1;2.1
Lillehammer - Sætherengen;SN12680;07.02.2025 12:00;-5.1;1.3
Lillehammer - Sætherengen;SN12680;07.02.2025 13:00;-3.6;1
Lillehammer - Sætherengen;SN12680;07.02.2025 14:00;-3.8;1.8
Lillehammer - Sætherengen;SN12680;07.02.2025 15:00;-3.2;2
Lillehammer - Sætherengen;SN12680;07.02.2025 16:00;-3.4;2.3
Lillehammer - Sætherengen;SN12680;07.02.2025 17:00;-4.3;1.7
Lillehammer - Sætherengen;SN12680;07.02.2025 18:00;-4.8;1.8
Lillehammer - Sætherengen;SN12680;07.02.2025 19:00;-5.7;0.9
Lillehammer - Sætherengen;SN12680;07.02.2025 20:00;-6.1;1.3
Lillehammer - Sætherengen;SN12680;07.02.2025 21:00;-5.8;1.3
Lillehammer - Sætherengen;SN12680;07.02.2025 22:00;-6.9;0.6
Lillehammer - Sætherengen;SN12680;07.02.2025 23:00;-7.9;1.2
Lillehammer - Sætherengen;SN12680;08.02.2025 00:00;-8.8;0.7
Lillehammer - Sætherengen;SN12680;08.02.2025 01:00;-8;0.7
Lillehammer - Sætherengen;SN12680;08.02.2025 02:00;-8.4;1.5
Lillehammer - Sætherengen;SN12680;08.02.2025 03:00;-7.6;1.4
Lillehammer - Sætherengen;SN12680;08.02.2025 04:00;-6.3;1.1
Lillehammer - Sætherengen;SN12680;08.02.2025 05:00;-5.8;1.1
Lillehammer - Sætherengen;SN12680;08.02.2025 06:00;-6.4;0.5
Lillehammer - Sætherengen;SN12680;08.02.2025 07:00;-5.8;0.7
Lillehammer - Sætherengen;SN12680;08.02.2025 08:00;-5.9;0.4
Lillehammer - Sætherengen;SN12680;08.02.2025 09:00;-5.8;0.7
Lillehammer - Sætherengen;SN12680;08.02.2025 10:00;-5.1;0.6
Lillehammer - Sætherengen;SN12680;08.02.2025 11:00;-5.4;0.6
Lillehammer - Sætherengen;SN12680;08.02.2025 12:00;-4.5;0.6
Lillehammer - Sætherengen;SN12680;08.02.2025 13:00;-3.8;0
Lillehammer - Sætherengen;SN12680;08.02.2025 14:00;-3.2;1.2
Lillehammer - Sætherengen;SN12680;08.02.2025 15:00;-3.3;0.8
Lillehammer - Sætherengen;SN12680;08.02.2025 16:00;-3.4;0.6
Lillehammer - Sætherengen;SN12680;08.02.2025 17:00;-3.6;0.6
Lillehammer - Sætherengen;SN12680;08.02.2025 18:00;-4;0.9
Lillehammer - Sætherengen;SN12680;08.02.2025 19:00;-4.3;0.6
Lillehammer - Sætherengen;SN12680;08.02.2025 20:00;-4.1;0
Lillehammer - Sætherengen;SN12680;08.02.2025 21:00;-4.6;0.6
Lillehammer - Sætherengen;SN12680;08.02.2025 22:00;-4.4;0.6
Lillehammer - Sætherengen;SN12680;08.02.2025 23:00;-5.1;1
Lillehammer - Sætherengen;SN12680;09.02.2025 00:00;-4.8;0.9
Lillehammer - Sætherengen;SN12680;09.02.2025 01:00;-6.4;0
Lillehammer - Sætherengen;SN12680;09.02.2025 02:00;-5.9;0.9
Lillehammer - Sætherengen;SN12680;09.02.2025 03:00;-6.3;0.4
Lillehammer - Sætherengen;SN12680;09.02.2025 04:00;-6.8;0.6
Lillehammer - Sætherengen;SN12680;09.02.2025 05:00;-7.2;0
Lillehammer - Sætherengen;SN12680;09.02.2025 06:00;-7.4;0.8
Lillehammer - Sætherengen;SN12680;09.02.2025 07:00;-7.4;1.5
Lillehammer - Sætherengen;SN12680;09.02.2025 08:00;-8.2;1.5
Lillehammer - Sætherengen;SN12680;09.02.2025 09:00;-8.7;1.6
Lillehammer - Sætherengen;SN12680;09.02.2025 10:00;-8.4;2.1
Lillehammer - Sætherengen;SN12680;09.02.2025 11:00;-7.6;2
Lillehammer - Sætherengen;SN12680;09.02.2025 12:00;-6.8;2.1
Lillehammer - Sætherengen;SN12680;09.02.2025 13:00;-5.9;3.3
Lillehammer - Sætherengen;SN12680;09.02.2025 14:00;-5.8;2.6
Lillehammer - Sætherengen;SN12680;09.02.2025 15:00;-5.5;2.9
Lillehammer - Sætherengen;SN12680;09.02.2025 16:00;-6;2.7
Lillehammer - Sætherengen;SN12680;09.02.2025 17:00;-7.2;1.4
Lillehammer - Sætherengen;SN12680;09.02.2025 18:00;-7.8;1.8
Lillehammer - Sætherengen;SN12680;09.02.2025 19:00;-7.8;0.9
Lillehammer - Sætherengen;SN12680;09.02.2025 20:00;-8.3;2.2
Lillehammer - Sætherengen;SN12680;09.02.2025 21:00;-7.8;3
Lillehammer - Sætherengen;SN12680;09.02.2025 22:00;-8.2;2.9
Lillehammer - Sætherengen;SN12680;09.02.2025 23:00;-8.3;2.8
Lillehammer - Sætherengen;SN12680;10.02.2025 00:00;-8.8;2.7
Lillehammer - Sætherengen;SN12680;10.02.2025 01:00;-8.9;2.6
Lillehammer - Sætherengen;SN12680;10.02.2025 02:00;-9.4;2.5
Lillehammer - Sætherengen;SN12680;10.02.2025 03:00;-9.5;3.2
Lillehammer - Sætherengen;SN12680;10.02.2025 04:00;-9.8;3
Lillehammer - Sætherengen;SN12680;10.02.2025 05:00;-8.6;3.1
Lillehammer - Sætherengen;SN12680;10.02.2025 06:00;-9.7;3.2
Lillehammer - Sætherengen;SN12680;10.02.2025 07:00;-10.1;3.2
Lillehammer - Sætherengen;SN12680;10.02.2025 08:00;-10.6;1.7
Lillehammer - Sætherengen;SN12680;10.02.2025 09:00;-9.8;3
Lillehammer - Sætherengen;SN12680;10.02.2025 10:00;-9.5;2.9
Lillehammer - Sætherengen;SN12680;10.02.2025 11:00;-8.4;3.1
Lillehammer - Sætherengen;SN12680;10.02.2025 12:00;-7.4;2.5
Lillehammer - Sætherengen;SN12680;10.02.2025 13:00;-6.3;2.4
Lillehammer - Sætherengen;SN12680;10.02.2025 14:00;-5.1;2.4
Lillehammer - Sætherengen;SN12680;10.02.2025 15:00;-5.3;2.1
Lillehammer - Sætherengen;SN12680;10.02.2025 16:00;-5.3;2.2
Lillehammer - Sætherengen;SN12680;10.02.2025 17:00;-6.3;1.8
Lillehammer - Sætherengen;SN12680;10.02.2025 18:00;-6.8;0.9
Lillehammer - Sætherengen;SN12680;10.02.2025 19:00;-6.5;2
Lillehammer - Sætherengen;SN12680;10.02.2025 20:00;-7;2.5
Lillehammer - Sætherengen;SN12680;10.02.2025 21:00;-8.4;0.8
Lillehammer - Sætherengen;SN12680;10.02.2025 22:00;-7.8;2.2
Lillehammer - Sætherengen;SN12680;10.02.2025 23:00;-7.9;2.4
Lillehammer - Sætherengen;SN12680;11.02.2025 00:00;-8.5;3.2
Lillehammer - Sætherengen;SN12680;11.02.2025 01:00;-9.1;1.6
Lillehammer - Sætherengen;SN12680;11.02.2025 02:00;-8.8;3.2
Lillehammer - Sætherengen;SN12680;11.02.2025 03:00;-9.2;3.1
Lillehammer - Sætherengen;SN12680;11.02.2025 04:00;-9.6;3.1
Lillehammer - Sætherengen;SN12680;11.02.2025 05:00;-9.8;2.2
Lillehammer - Sætherengen;SN12680;11.02.2025 06:00;-10.4;1.9
Lillehammer - Sætherengen;SN12680;11.02.2025 07:00;-10.1;3.3
Lillehammer - Sætherengen;SN12680;11.02.2025 08:00;-10.5;3.4
Lillehammer - Sætherengen;SN12680;11.02.2025 09:00;-10.7;1.9
Lillehammer - Sætherengen;SN12680;11.02.2025 10:00;-10.5;2.1
Lillehammer - Sætherengen;SN12680;11.02.2025 11:00;-9;2.7
Lillehammer - Sætherengen;SN12680;11.02.2025 12:00;-7.7;2
Lillehammer - Sætherengen;SN12680;11.02.2025 13:00;-6.5;2.3
Lillehammer - Sætherengen;SN12680;11.02.2025 14:00;-6.2;2.9
Lillehammer - Sætherengen;SN12680;11.02.2025 15:00;-5.2;1.7
Lillehammer - Sætherengen;SN12680;11.02.2025 16:00;-5.8;1.6
Lillehammer - Sætherengen;SN12680;11.02.2025 17:00;-6.6;1.7
Lillehammer - Sætherengen;SN12680;11.02.2025 18:00;-7.7;1.3
Lillehammer - Sætherengen;SN12680;11.02.2025 19:00;-8.4;0.9
Lillehammer - Sætherengen;SN12680;11.02.2025 20:00;-8.5;1.9
Lillehammer - Sætherengen;SN12680;11.02.2025 21:00;-9;1.2
Lillehammer - Sætherengen;SN12680;11.02.2025 22:00;-9.1;1.9
Lillehammer - Sætherengen;SN12680;11.02.2025 23:00;-10.1;1.3
Lillehammer - Sætherengen;SN12680;12.02.2025 00:00;-10.1;2.2
Lillehammer - Sætherengen;SN12680;12.02.2025 01:00;-10.2;1.9
Lillehammer - Sætherengen;SN12680;12.02.2025 02:00;-10.4;3.2
Lillehammer - Sætherengen;SN12680;12.02.2025 03:00;-10.7;2.4
Lillehammer - Sætherengen;SN12680;12.02.2025 04:00;-10.7;2.3
Lillehammer - Sætherengen;SN12680;12.02.2025 05:00;-10.9;2.9
Lillehammer - Sætherengen;SN12680;12.02.2025 06:00;-11.1;2.6
Lillehammer - Sætherengen;SN12680;12.02.2025 07:00;-11.4;2.7
Lillehammer - Sætherengen;SN12680;12.02.2025 08:00;-11.6;2.4
Lillehammer - Sætherengen;SN12680;12.02.2025 09:00;-11.4;2.6
Lillehammer - Sætherengen;SN12680;12.02.2025 10:00;-11;1.1
Lillehammer - Sætherengen;SN12680;12.02.2025 11:00;-9.8;2.5
Lillehammer - Sætherengen;SN12680;12.02.2025 12:00;-8.5;1.7
Lillehammer - Sætherengen;SN12680;12.02.2025 13:00;-7.4;2.6
Lillehammer - Sætherengen;SN12680;12.02.2025 14:00;-6.4;1.8
Lillehammer - Sætherengen;SN12680;12.02.2025 15:00;-6;1.5
Lillehammer - Sætherengen;SN12680;12.02.2025 16:00;-5.8;1.2
Lillehammer - Sætherengen;SN12680;12.02.2025 17:00;-7.9;1.2
Lillehammer - Sætherengen;SN12680;12.02.2025 18:00;-8.5;1.3
Lillehammer - Sætherengen;SN12680;12.02.2025 19:00;-9.1;1.3
Lillehammer - Sætherengen;SN12680;12.02.2025 20:00;-8.1;2.1
Lillehammer - Sætherengen;SN12680;12.02.2025 21:00;-9.5;1.5
Lillehammer - Sætherengen;SN12680;12.02.2025 22:00;-8.6;1.9
Lillehammer - Sætherengen;SN12680;12.02.2025 23:00;-8.9;1.2
Lillehammer - Sætherengen;SN12680;13.02.2025 00:00;-9.3;1.2
Lillehammer - Sætherengen;SN12680;13.02.2025 01:00;-8.5;1.9
Lillehammer - Sætherengen;SN12680;13.02.2025 02:00;-8;2.3
Lillehammer - Sætherengen;SN12680;13.02.2025 03:00;-7.9;2.4
Lillehammer - Sætherengen;SN12680;13.02.2025 04:00;-8.2;1.6
Lillehammer - Sætherengen;SN12680;13.02.2025 05:00;-8;1.8
Lillehammer - Sætherengen;SN12680;13.02.2025 06:00;-7.2;1.7
Lillehammer - Sætherengen;SN12680;13.02.2025 07:00;-7.6;2
Lillehammer - Sætherengen;SN12680;13.02.2025 08:00;-8.1;2.1
Lillehammer - Sætherengen;SN12680;13.02.2025 09:00;-8.2;1.4
Lillehammer - Sætherengen;SN12680;13.02.2025 10:00;-6.5;1.6
Lillehammer - Sætherengen;SN12680;13.02.2025 11:00;-6.7;1.6
Lillehammer - Sætherengen;SN12680;13.02.2025 12:00;-5.4;1.6
Lillehammer - Sætherengen;SN12680;13.02.2025 13:00;-4.5;1.6
Lillehammer - Sætherengen;SN12680;13.02.2025 14:00;-3.9;1.2
Lillehammer - Sætherengen;SN12680;13.02.2025 15:00;-3.3;1.4
Lillehammer - Sætherengen;SN12680;13.02.2025 16:00;-3.9;2
Lillehammer - Sætherengen;SN12680;13.02.2025 17:00;-4.4;1
Lillehammer - Sætherengen;SN12680;13.02.2025 18:00;-4.6;1.2
Lillehammer - Sætherengen;SN12680;13.02.2025 19:00;-5.1;0.8
Lillehammer - Sætherengen;SN12680;13.02.2025 20:00;-5;1.2
Lillehammer - Sætherengen;SN12680;13.02.2025 21:00;-5.9;1.1
Lillehammer - Sætherengen;SN12680;13.02.2025 22:00;-6.3;0.5
Lillehammer - Sætherengen;SN12680;13.02.2025 23:00;-6.3;0.4
Lillehammer - Sætherengen;SN12680;14.02.2025 00:00;-6.1;0
Lillehammer - Sætherengen;SN12680;14.02.2025 01:00;-6.4;1.8
Lillehammer - Sætherengen;SN12680;14.02.2025 02:00;-6.1;1.8
Lillehammer - Sætherengen;SN12680;14.02.2025 03:00;-6.2;1.6
Lillehammer - Sætherengen;SN12680;14.02.2025 04:00;-6.2;1.3
Lillehammer - Sætherengen;SN12680;14.02.2025 05:00;-6.5;2.7
Lillehammer - Sætherengen;SN12680;14.02.2025 06:00;-7;2.1
Lillehammer - Sætherengen;SN12680;14.02.2025 07:00;-8.5;2.5
Lillehammer - Sætherengen;SN12680;14.02.2025 08:00;-9.3;2.8
Lillehammer - Sætherengen;SN12680;14.02.2025 09:00;-10;2
Lillehammer - Sætherengen;SN12680;14.02.2025 10:00;-10;2.3
Lillehammer - Sætherengen;SN12680;14.02.2025 11:00;-8.8;2.2
Lillehammer - Sætherengen;SN12680;14.02.2025 12:00;-7.8;3
Lillehammer - Sætherengen;SN12680;14.02.2025 13:00;-7.7;2.7
Lillehammer - Sætherengen;SN12680;14.02.2025 14:00;-7;2.7
Lillehammer - Sætherengen;SN12680;14.02.2025 15:00;-6.8;2.4
Lillehammer - Sætherengen;SN12680;14.02.2025 16:00;-6.2;2.2
Lillehammer - Sætherengen;SN12680;14.02.2025 17:00;-6.7;2.1
Lillehammer - Sætherengen;SN12680;14.02.2025 18:00;-7.6;1.4
Lillehammer - Sætherengen;SN12680;14.02.2025 19:00;-7.2;1.6
Lillehammer - Sætherengen;SN12680;14.02.2025 20:00;-7.1;2.2
Lillehammer - Sætherengen;SN12680;14.02.2025 21:00;-7.2;2.5
Lillehammer - Sætherengen;SN12680;14.02.2025 22:00;-7.4;1.8
Lillehammer - Sætherengen;SN12680;14.02.2025 23:00;-7.8;1.7
Lillehammer - Sætherengen;SN12680;15.02.2025 00:00;-7.8;0.7
Lillehammer - Sætherengen;SN12680;15.02.2025 01:00;-8;0.8
Lillehammer - Sætherengen;SN12680;15.02.2025 02:00;-8.3;1.6
Lillehammer - Sætherengen;SN12680;15.02.2025 03:00;-8;2.5
Lillehammer - Sætherengen;SN12680;15.02.2025 04:00;-7.4;2.3
Lillehammer - Sætherengen;SN12680;15.02.2025 05:00;-6.3;3.2
Lillehammer - Sætherengen;SN12680;15.02.2025 06:00;-6.9;2.5
Lillehammer - Sætherengen;SN12680;15.02.2025 07:00;-6;3.2
Lillehammer - Sætherengen;SN12680;15.02.2025 08:00;-7.1;2.6
Lillehammer - Sætherengen;SN12680;15.02.2025 09:00;-5.9;3.5
Lillehammer - Sætherengen;SN12680;15.02.2025 10:00;-5.8;2.7
Lillehammer - Sætherengen;SN12680;15.02.2025 11:00;-5.8;4.8
Lillehammer - Sætherengen;SN12680;15.02.2025 12:00;-6;3.7
Lillehammer - Sætherengen;SN12680;15.02.2025 13:00;-5.8;4.1
Lillehammer - Sætherengen;SN12680;15.02.2025 14:00;-5.1;3.2
Lillehammer - Sætherengen;SN12680;15.02.2025 15:00;-4.8;3.3
Lillehammer - Sætherengen;SN12680;15.02.2025 16:00;-5.4;3.4
Lillehammer - Sætherengen;SN12680;15.02.2025 17:00;-6.7;2.3
Lillehammer - Sætherengen;SN12680;15.02.2025 18:00;-8.7;1.4
Lillehammer - Sætherengen;SN12680;15.02.2025 19:00;-9.6;1.4
Lillehammer - Sætherengen;SN12680;15.02.2025 20:00;-10.9;0.6
Lillehammer - Sætherengen;SN12680;15.02.2025 21:00;-10.8;1.9
Lillehammer - Sætherengen;SN12680;15.02.2025 22:00;-11.9;2.6
Lillehammer - Sætherengen;SN12680;15.02.2025 23:00;-12.7;2.4
Lillehammer - Sætherengen;SN12680;16.02.2025 00:00;-13.1;2.6
Lillehammer - Sætherengen;SN12680;16.02.2025 01:00;-13.3;2.7
Lillehammer - Sætherengen;SN12680;16.02.2025 02:00;-14;2.4
Lillehammer - Sætherengen;SN12680;16.02.2025 03:00;-14.1;3.4
Lillehammer - Sætherengen;SN12680;16.02.2025 04:00;-15.1;2.1
Lillehammer - Sætherengen;SN12680;16.02.2025 05:00;-14.6;2.2
Lillehammer - Sætherengen;SN12680;16.02.2025 06:00;-15;2
Lillehammer - Sætherengen;SN12680;16.02.2025 07:00;-15;2.3
Lillehammer - Sætherengen;SN12680;16.02.2025 08:00;-15.4;3
Lillehammer - Sætherengen;SN12680;16.02.2025 09:00;-15.1;3.2
Lillehammer - Sætherengen;SN12680;16.02.2025 10:00;-14.2;3.4
Lillehammer - Sætherengen;SN12680;16.02.2025 11:00;-11.8;1.9
Lillehammer - Sætherengen;SN12680;16.02.2025 12:00;-11.2;3
Lillehammer - Sætherengen;SN12680;16.02.2025 13:00;-9.1;4.6
Lillehammer - Sætherengen;SN12680;16.02.2025 14:00;-8.2;3.4
Lillehammer - Sætherengen;SN12680;16.02.2025 15:00;-7.1;2.2
Lillehammer - Sætherengen;SN12680;16.02.2025 16:00;-6.6;2.8
Lillehammer - Sætherengen;SN12680;16.02.2025 17:00;-7.2;3.1
Lillehammer - Sætherengen;SN12680;16.02.2025 18:00;-8.4;2.2
Lillehammer - Sætherengen;SN12680;16.02.2025 19:00;-7.6;3
Lillehammer - Sætherengen;SN12680;16.02.2025 20:00;-7.2;2.4
Lillehammer - Sætherengen;SN12680;16.02.2025 21:00;-7.8;2.7
Lillehammer - Sætherengen;SN12680;16.02.2025 22:00;-8.4;2.2
Lillehammer - Sætherengen;SN12680;16.02.2025 23:00;-8.5;1.3
Lillehammer - Sætherengen;SN12680;17.02.2025 00:00;-7.5;1.6
Lillehammer - Sætherengen;SN12680;17.02.2025 01:00;-6.9;1
Lillehammer - Sætherengen;SN12680;17.02.2025 02:00;-9.2;0.7
Lillehammer - Sætherengen;SN12680;17.02.2025 03:00;-7.8;2.2
Lillehammer - Sætherengen;SN12680;17.02.2025 04:00;-7.1;1.4
Lillehammer - Sætherengen;SN12680;17.02.2025 05:00;-7.1;2.5
Lillehammer - Sætherengen;SN12680;17.02.2025 06:00;-6.7;2.5
Lillehammer - Sætherengen;SN12680;17.02.2025 07:00;-6.3;1.8
Lillehammer - Sætherengen;SN12680;17.02.2025 08:00;-5.9;3.2
Lillehammer - Sætherengen;SN12680;17.02.2025 09:00;-9.1;1.9
Lillehammer - Sætherengen;SN12680;17.02.2025 10:00;-5.2;2.2
Lillehammer - Sætherengen;SN12680;17.02.2025 11:00;-3.6;1.6
Lillehammer - Sætherengen;SN12680;17.02.2025 12:00;-3.5;1.6
Lillehammer - Sætherengen;SN12680;17.02.2025 13:00;-1.2;2.2
Lillehammer - Sætherengen;SN12680;17.02.2025 14:00;0.5;3.1
Lillehammer - Sætherengen;SN12680;17.02.2025 15:00;1.4;3.3
Lillehammer - Sætherengen;SN12680;17.02.2025 16:00;0.9;2.4
Lillehammer - Sætherengen;SN12680;17.02.2025 17:00;0.2;1.1
Lillehammer - Sætherengen;SN12680;17.02.2025 18:00;-1.2;0.6
Lillehammer - Sætherengen;SN12680;17.02.2025 19:00;-1.9;1.5
Lillehammer - Sætherengen;SN12680;17.02.2025 20:00;-2.2;1.9
Lillehammer - Sætherengen;SN12680;17.02.2025 21:00;-2.7;2.4
Lillehammer - Sætherengen;SN12680;17.02.2025 22:00;-2.4;2.5
Lillehammer - Sætherengen;SN12680;17.02.2025 23:00;-3.1;3.3
Lillehammer - Sætherengen;SN12680;18.02.2025 00:00;-3.6;2.7
Lillehammer - Sætherengen;SN12680;18.02.2025 01:00;-4.6;2.8
Lillehammer - Sætherengen;SN12680;18.02.2025 02:00;-5;2.2
Lillehammer - Sætherengen;SN12680;18.02.2025 03:00;-5;2.4
Lillehammer - Sætherengen;SN12680;18.02.2025 04:00;-5.2;1.8
Lillehammer - Sætherengen;SN12680;18.02.2025 05:00;-5.7;2.1
Lillehammer - Sætherengen;SN12680;18.02.2025 06:00;-5.8;2.2
Lillehammer - Sætherengen;SN12680;18.02.2025 07:00;-6.1;2.7
Lillehammer - Sætherengen;SN12680;18.02.2025 08:00;-6.7;2
Lillehammer - Sætherengen;SN12680;18.02.2025 09:00;-6.8;3.3
Lillehammer - Sætherengen;SN12680;18.02.2025 10:00;-6.5;2.3
Lillehammer - Sætherengen;SN12680;18.02.2025 11:00;-4.8;3.2
Lillehammer - Sætherengen;SN12680;18.02.2025 12:00;-3.2;2.9
Lillehammer - Sætherengen;SN12680;18.02.2025 13:00;-1.5;2.6
Lillehammer - Sætherengen;SN12680;18.02.2025 14:00;-0.2;2.4
Lillehammer - Sætherengen;SN12680;18.02.2025 15:00;0.6;2.1
Lillehammer - Sætherengen;SN12680;18.02.2025 16:00;-0.3;1.2
Lillehammer - Sætherengen;SN12680;18.02.2025 17:00;-1.3;1.4
Lillehammer - Sætherengen;SN12680;18.02.2025 18:00;-3;1.2
Lillehammer - Sætherengen;SN12680;18.02.2025 19:00;-4.3;1.5
Lillehammer - Sætherengen;SN12680;18.02.2025 20:00;-4.7;1.2
Lillehammer - Sætherengen;SN12680;18.02.2025 21:00;-4.8;2.1
Lillehammer - Sætherengen;SN12680;18.02.2025 22:00;-6.1;2
Lillehammer - Sætherengen;SN12680;18.02.2025 23:00;-6.9;2.9
Lillehammer - Sætherengen;SN12680;19.02.2025 00:00;-8;3.3
Lillehammer - Sætherengen;SN12680;19.02.2025 01:00;-8.3;3
Lillehammer - Sætherengen;SN12680;19.02.2025 02:00;-9.5;2.5
Lillehammer - Sætherengen;SN12680;19.02.2025 03:00;-10.3;2.7
Lillehammer - Sætherengen;SN12680;19.02.2025 04:00;-10.9;3.2
Lillehammer - Sætherengen;SN12680;19.02.2025 05:00;-11.7;2.4
Lillehammer - Sætherengen;SN12680;19.02.2025 06:00;-12.1;2.5
Lillehammer - Sætherengen;SN12680;19.02.2025 07:00;-12.6;2.7
Lillehammer - Sætherengen;SN12680;19.02.2025 08:00;-13.1;2.2
Lillehammer - Sætherengen;SN12680;19.02.2025 09:00;-13.4;2.5
Lillehammer - Sætherengen;SN12680;19.02.2025 10:00;-12.3;1.7
Lillehammer - Sætherengen;SN12680;19.02.2025 11:00;-11.1;1.6
Lillehammer - Sætherengen;SN12680;19.02.2025 12:00;-10.4;1.4
Lillehammer - Sætherengen;SN12680;19.02.2025 13:00;-8.9;2
Lillehammer - Sætherengen;SN12680;19.02.2025 14:00;-8.3;2
Lillehammer - Sætherengen;SN12680;19.02.2025 15:00;-7.4;0.9
Lillehammer - Sætherengen;SN12680;19.02.2025 16:00;-7.7;0.8
Lillehammer - Sætherengen;SN12680;19.02.2025 17:00;-9.2;1
Lillehammer - Sætherengen;SN12680;19.02.2025 18:00;-10.4;0.5
Lillehammer - Sætherengen;SN12680;19.02.2025 19:00;-11.9;0
Lillehammer - Sætherengen;SN12680;19.02.2025 20:00;-12.5;0.5
Lillehammer - Sætherengen;SN12680;19.02.2025 21:00;-12.4;1.5
Lillehammer - Sætherengen;SN12680;19.02.2025 22:00;-12.4;1.4
Lillehammer - Sætherengen;SN12680;19.02.2025 23:00;-14;1
Lillehammer - Sætherengen;SN12680;20.02.2025 00:00;-13.8;0.5
Lillehammer - Sætherengen;SN12680;20.02.2025 01:00;-13.6;0.6
Lillehammer - Sætherengen;SN12680;20.02.2025 02:00;-15;1.3
Lillehammer - Sætherengen;SN12680;20.02.2025 03:00;-15.9;0
Lillehammer - Sætherengen;SN12680;20.02.2025 04:00;-15.7;0.8
Lillehammer - Sætherengen;SN12680;20.02.2025 05:00;-16.3;0.5
Lillehammer - Sætherengen;SN12680;20.02.2025 06:00;-16.5;0.5
Lillehammer - Sætherengen;SN12680;20.02.2025 07:00;-16.3;0.7
Lillehammer - Sætherengen;SN12680;20.02.2025 08:00;-15.6;0.4
Lillehammer - Sætherengen;SN12680;20.02.2025 09:00;-14.2;0.5
Lillehammer - Sætherengen;SN12680;20.02.2025 10:00;-14.2;0.7
Lillehammer - Sætherengen;SN12680;20.02.2025 11:00;-12.6;0.6
Lillehammer - Sætherengen;SN12680;20.02.2025 12:00;-11.5;0.5
Lillehammer - Sætherengen;SN12680;20.02.2025 13:00;-10.2;0.4
Lillehammer - Sætherengen;SN12680;20.02.2025 14:00;-9.6;0.8
Lillehammer - Sætherengen;SN12680;20.02.2025 15:00;-9.4;0.7
Lillehammer - Sætherengen;SN12680;20.02.2025 16:00;-9.4;1.3
Lillehammer - Sætherengen;SN12680;20.02.2025 17:00;-9.4;1.1
Lillehammer - Sætherengen;SN12680;20.02.2025 18:00;-9.1;0.8
Lillehammer - Sætherengen;SN12680;20.02.2025 19:00;-8.9;0.8
Lillehammer - Sætherengen;SN12680;20.02.2025 20:00;-7.6;0.5
Lillehammer - Sætherengen;SN12680;20.02.2025 21:00;-7.3;1.5
Lillehammer - Sætherengen;SN12680;20.02.2025 22:00;-6.2;1.9
Lillehammer - Sætherengen;SN12680;20.02.2025 23:00;-5.4;1.7
Lillehammer - Sætherengen;SN12680;21.02.2025 00:00;-4.2;2.5
Lillehammer - Sætherengen;SN12680;21.02.2025 01:00;-3.3;2.2
Lillehammer - Sætherengen;SN12680;21.02.2025 02:00;-2.5;2.8
Lillehammer - Sætherengen;SN12680;21.02.2025 03:00;-2.6;2
Lillehammer - Sætherengen;SN12680;21.02.2025 04:00;-2.2;2.7
Lillehammer - Sætherengen;SN12680;21.02.2025 05:00;-2.9;1.8
Lillehammer - Sætherengen;SN12680;21.02.2025 06:00;-3;0.7
Lillehammer - Sætherengen;SN12680;21.02.2025 07:00;-3;0.6
Lillehammer - Sætherengen;SN12680;21.02.2025 08:00;-3;0.6
Lillehammer - Sætherengen;SN12680;21.02.2025 09:00;-2.4;0.8
Lillehammer - Sætherengen;SN12680;21.02.2025 10:00;-1.8;1.1
Lillehammer - Sætherengen;SN12680;21.02.2025 11:00;-1;0.9
Lillehammer - Sætherengen;SN12680;21.02.2025 12:00;-0.6;0.8
Lillehammer - Sætherengen;SN12680;21.02.2025 13:00;-0.1;0.9
Lillehammer - Sætherengen;SN12680;21.02.2025 14:00;-0.2;1.2
Lillehammer - Sætherengen;SN12680;21.02.2025 15:00;0.2;0.6
Lillehammer - Sætherengen;SN12680;21.02.2025 16:00;0.1;0
Lillehammer - Sætherengen;SN12680;21.02.2025 17:00;0;0.5
Lillehammer - Sætherengen;SN12680;21.02.2025 18:00;0;1
Lillehammer - Sætherengen;SN12680;21.02.2025 19:00;0;0.7
Lillehammer - Sætherengen;SN12680;21.02.2025 20:00;0.2;2
Lillehammer - Sætherengen;SN12680;21.02.2025 21:00;0.2;2.1
Lillehammer - Sætherengen;SN12680;21.02.2025 22:00;2.3;3.4
Lillehammer - Sætherengen;SN12680;21.02.2025 23:00;2.4;3
Lillehammer - Sætherengen;SN12680;22.02.2025 00:00;2.4;3.3
Lillehammer - Sætherengen;SN12680;22.02.2025 01:00;2.7;2.3
Lillehammer - Sætherengen;SN12680;22.02.2025 02:00;2.8;2.6
Lillehammer - Sætherengen;SN12680;22.02.2025 03:00;1.9;2.5
Lillehammer - Sætherengen;SN12680;22.02.2025 04:00;2;3.2
Lillehammer - Sætherengen;SN12680;22.02.2025 05:00;1.6;1.3
Lillehammer - Sætherengen;SN12680;22.02.2025 06:00;1.6;1.9
Lillehammer - Sætherengen;SN12680;22.02.2025 07:00;3.3;1.9
Lillehammer - Sætherengen;SN12680;22.02.2025 08:00;3.9;2.5
Lillehammer - Sætherengen;SN12680;22.02.2025 09:00;4.1;2.7
Lillehammer - Sætherengen;SN12680;22.02.2025 10:00;4.1;2.2
Lillehammer - Sætherengen;SN12680;22.02.2025 11:00;4.2;2.1
Lillehammer - Sætherengen;SN12680;22.02.2025 12:00;3.5;1.8
Lillehammer - Sætherengen;SN12680;22.02.2025 13:00;2.4;0.8
Lillehammer - Sætherengen;SN12680;22.02.2025 14:00;2.8;0.7
Lillehammer - Sætherengen;SN12680;22.02.2025 15:00;3.1;1.7
Lillehammer - Sætherengen;SN12680;22.02.2025 16:00;3.8;2.5
Lillehammer - Sætherengen;SN12680;22.02.2025 17:00;3.9;3.1
Lillehammer - Sætherengen;SN12680;22.02.2025 18:00;3.7;3.8
Lillehammer - Sætherengen;SN12680;22.02.2025 19:00;3.4;3.5
Lillehammer - Sætherengen;SN12680;22.02.2025 20:00;3.2;2.8
Lillehammer - Sætherengen;SN12680;22.02.2025 21:00;2.7;2.4
Lillehammer - Sætherengen;SN12680;22.02.2025 22:00;2.5;3.5
Lillehammer - Sætherengen;SN12680;22.02.2025 23:00;2.1;1.1
Lillehammer - Sætherengen;SN12680;23.02.2025 00:00;1.6;0.8
Lillehammer - Sætherengen;SN12680;23.02.2025 01:00;1.4;0.7
Lillehammer - Sætherengen;SN12680;23.02.2025 02:00;1.3;0.5
Lillehammer - Sætherengen;SN12680;23.02.2025 03:00;1.2;0.6
Lillehammer - Sætherengen;SN12680;23.02.2025 04:00;1.3;0.4
Lillehammer - Sætherengen;SN12680;23.02.2025 05:00;1.4;0.9
Lillehammer - Sætherengen;SN12680;23.02.2025 06:00;1.4;0
Lillehammer - Sætherengen;SN12680;23.02.2025 07:00;1.8;1.6
Lillehammer - Sætherengen;SN12680;23.02.2025 08:00;1.1;1.2
Lillehammer - Sætherengen;SN12680;23.02.2025 09:00;1.5;0.4
Lillehammer - Sætherengen;SN12680;23.02.2025 10:00;2;0.6
Lillehammer - Sætherengen;SN12680;23.02.2025 11:00;1.9;1.3
Lillehammer - Sætherengen;SN12680;23.02.2025 12:00;2.3;0.9
Lillehammer - Sætherengen;SN12680;23.02.2025 13:00;3.1;0.5
Lillehammer - Sætherengen;SN12680;23.02.2025 14:00;2.1;1.1
Lillehammer - Sætherengen;SN12680;23.02.2025 15:00;2.7;2.4
Lillehammer - Sætherengen;SN12680;23.02.2025 16:00;2.2;2.7
Lillehammer - Sætherengen;SN12680;23.02.2025 17:00;1.9;2.8
Lillehammer - Sætherengen;SN12680;23.02.2025 18:00;1.8;3
Lillehammer - Sætherengen;SN12680;23.02.2025 19:00;1.7;3.7
Lillehammer - Sætherengen;SN12680;23.02.2025 20:00;1.7;3.4
Lillehammer - Sætherengen;SN12680;23.02.2025 21:00;2.2;4.1
Lillehammer - Sætherengen;SN12680;23.02.2025 22:00;2.6;2.9
Lillehammer - Sætherengen;SN12680;23.02.2025 23:00;2.7;3.7
Lillehammer - Sætherengen;SN12680;24.02.2025 00:00;2.9;4.5
Lillehammer - Sætherengen;SN12680;24.02.2025 01:00;2.9;5.3
Lillehammer - Sætherengen;SN12680;24.02.2025 02:00;3.3;6.2
Lillehammer - Sætherengen;SN12680;24.02.2025 03:00;3;5.3
Lillehammer - Sætherengen;SN12680;24.02.2025 04:00;2.9;3.8
Lillehammer - Sætherengen;SN12680;24.02.2025 05:00;3;4.6
Lillehammer - Sætherengen;SN12680;24.02.2025 06:00;3.3;3.6
Lillehammer - Sætherengen;SN12680;24.02.2025 07:00;3.3;4.2
Lillehammer - Sætherengen;SN12680;24.02.2025 08:00;3.6;4.2
Lillehammer - Sætherengen;SN12680;24.02.2025 09:00;3.8;3.7
Lillehammer - Sætherengen;SN12680;24.02.2025 10:00;4.1;3.8
Lillehammer - Sætherengen;SN12680;24.02.2025 11:00;4.2;3
Lillehammer - Sætherengen;SN12680;24.02.2025 12:00;4.4;4.2
Lillehammer - Sætherengen;SN12680;24.02.2025 13:00;4.5;3.7
Lillehammer - Sætherengen;SN12680;24.02.2025 14:00;4.6;4.1
Lillehammer - Sætherengen;SN12680;24.02.2025 15:00;4.8;3.9
Lillehammer - Sætherengen;SN12680;24.02.2025 16:00;4.8;3.4
Lillehammer - Sætherengen;SN12680;24.02.2025 17:00;4.5;2.6
Lillehammer - Sætherengen;SN12680;24.02.2025 18:00;4.2;2.8
Lillehammer - Sætherengen;SN12680;24.02.2025 19:00;4.5;2.8
Lillehammer - Sætherengen;SN12680;24.02.2025 20:00;4.2;3.4
Lillehammer - Sætherengen;SN12680;24.02.2025 21:00;4;2.5
Lillehammer - Sætherengen;SN12680;24.02.2025 22:00;4.1;2.4
Lillehammer - Sætherengen;SN12680;24.02.2025 23:00;3.9;1.6
Lillehammer - Sætherengen;SN12680;25.02.2025 00:00;2.6;0.9
Lillehammer - Sætherengen;SN12680;25.02.2025 01:00;2.2;0.7
Lillehammer - Sætherengen;SN12680;25.02.2025 02:00;2;0.7
Lillehammer - Sætherengen;SN12680;25.02.2025 03:00;3.1;1.5
Lillehammer - Sætherengen;SN12680;25.02.2025 04:00;3.3;2.3
Lillehammer - Sætherengen;SN12680;25.02.2025 05:00;2.1;0.6
Lillehammer - Sætherengen;SN12680;25.02.2025 06:00;2.1;0.7
Lillehammer - Sætherengen;SN12680;25.02.2025 07:00;1.9;0.8
Lillehammer - Sætherengen;SN12680;25.02.2025 08:00;1.7;2
Lillehammer - Sætherengen;SN12680;25.02.2025 09:00;1.1;0.9
Lillehammer - Sætherengen;SN12680;25.02.2025 10:00;2.3;1.3
Lillehammer - Sætherengen;SN12680;25.02.2025 11:00;4.4;2
Lillehammer - Sætherengen;SN12680;25.02.2025 12:00;4.8;1.9
Lillehammer - Sætherengen;SN12680;25.02.2025 13:00;4.2;4
Lillehammer - Sætherengen;SN12680;25.02.2025 14:00;4.3;2.6
Lillehammer - Sætherengen;SN12680;25.02.2025 15:00;4.6;3.1
Lillehammer - Sætherengen;SN12680;25.02.2025 16:00;4.6;2.2
Lillehammer - Sætherengen;SN12680;25.02.2025 17:00;3.8;2.1
Lillehammer - Sætherengen;SN12680;25.02.2025 18:00;3.5;3.1
Lillehammer - Sætherengen;SN12680;25.02.2025 19:00;3.2;3
Lillehammer - Sætherengen;SN12680;25.02.2025 20:00;2.7;2.9
Lillehammer - Sætherengen;SN12680;25.02.2025 21:00;2.7;3.1
Lillehammer - Sætherengen;SN12680;25.02.2025 22:00;2.9;3.2
Lillehammer - Sætherengen;SN12680;25.02.2025 23:00;1.8;0.6
Lillehammer - Sætherengen;SN12680;26.02.2025 00:00;2.9;2.7
Lillehammer - Sætherengen;SN12680;26.02.2025 01:00;2.5;2
Lillehammer - Sætherengen;SN12680;26.02.2025 02:00;2.4;2.2
Lillehammer - Sætherengen;SN12680;26.02.2025 03:00;2.3;2.8
Lillehammer - Sætherengen;SN12680;26.02.2025 04:00;2.2;2.7
Lillehammer - Sætherengen;SN12680;26.02.2025 05:00;2.1;2.4
Lillehammer - Sætherengen;SN12680;26.02.2025 06:00;1.8;2.1
Lillehammer - Sætherengen;SN12680;26.02.2025 07:00;1.5;0.7
Lillehammer - Sætherengen;SN12680;26.02.2025 08:00;1.4;0.8
Lillehammer - Sætherengen;SN12680;26.02.2025 09:00;1.3;1.1
Lillehammer - Sætherengen;SN12680;26.02.2025 10:00;1.4;1.6
Lillehammer - Sætherengen;SN12680;26.02.2025 11:00;2;1.1
Lillehammer - Sætherengen;SN12680;26.02.2025 12:00;3.2;0.9
Lillehammer - Sætherengen;SN12680;26.02.2025 13:00;3.8;0.6
Lillehammer - Sætherengen;SN12680;26.02.2025 14:00;3.6;0.9
Lillehammer - Sætherengen;SN12680;26.02.2025 15:00;2.9;1.3
Lillehammer - Sætherengen;SN12680;26.02.2025 16:00;3.7;0.4
Lillehammer - Sætherengen;SN12680;26.02.2025 17:00;2.2;0.5
Lillehammer - Sætherengen;SN12680;26.02.2025 18:00;1.2;0.5
Lillehammer - Sætherengen;SN12680;26.02.2025 19:00;1.3;1.1
Lillehammer - Sætherengen;SN12680;26.02.2025 20:00;1.1;0.5
Lillehammer - Sætherengen;SN12680;26.02.2025 21:00;0.9;0.8
Lillehammer - Sætherengen;SN12680;26.02.2025 22:00;1.6;0.9
Lillehammer - Sætherengen;SN12680;26.02.2025 23:00;1;1.1
Lillehammer - Sætherengen;SN12680;27.02.2025 00:00;1.1;0.3
Lillehammer - Sætherengen;SN12680;27.02.2025 01:00;1.1;0.9
Lillehammer - Sætherengen;SN12680;27.02.2025 02:00;1.1;0.6
Lillehammer - Sætherengen;SN12680;27.02.2025 03:00;0.9;0.6
Lillehammer - Sætherengen;SN12680;27.02.2025 04:00;0.8;1.1
Lillehammer - Sætherengen;SN12680;27.02.2025 05:00;0.7;0.8
Lillehammer - Sætherengen;SN12680;27.02.2025 06:00;1;1.2
Lillehammer - Sætherengen;SN12680;27.02.2025 07:00;0.9;1.7
Lillehammer - Sætherengen;SN12680;27.02.2025 08:00;0.5;1.5
Lillehammer - Sætherengen;SN12680;27.02.2025 09:00;0.6;0.6
Lillehammer - Sætherengen;SN12680;27.02.2025 10:00;0.5;1.2
Lillehammer - Sætherengen;SN12680;27.02.2025 11:00;1.1;0.9
Lillehammer - Sætherengen;SN12680;27.02.2025 12:00;1.9;0.7
Lillehammer - Sætherengen;SN12680;27.02.2025 13:00;3.9;0.4
Lillehammer - Sætherengen;SN12680;27.02.2025 14:00;3.1;1
Lillehammer - Sætherengen;SN12680;27.02.2025 15:00;3.3;1
Lillehammer - Sætherengen;SN12680;27.02.2025 16:00;5.2;0
Lillehammer - Sætherengen;SN12680;27.02.2025 17:00;2.2;0.8
Lillehammer - Sætherengen;SN12680;27.02.2025 18:00;0.3;0
Lillehammer - Sætherengen;SN12680;27.02.2025 19:00;-0.7;0.5
Lillehammer - Sætherengen;SN12680;27.02.2025 20:00;-1.3;0.6
Lillehammer - Sætherengen;SN12680;27.02.2025 21:00;-1.7;1.3
Lillehammer - Sætherengen;SN12680;27.02.2025 22:00;-1.5;1.6
Lillehammer - Sætherengen;SN12680;27.02.2025 23:00;-1.4;2.1
Lillehammer - Sætherengen;SN12680;28.02.2025 00:00;-2;1.6
Lillehammer - Sætherengen;SN12680;28.02.2025 01:00;-2.3;2.3
Lillehammer - Sætherengen;SN12680;28.02.2025 02:00;-2.6;1.7
Lillehammer - Sætherengen;SN12680;28.02.2025 03:00;-3;1.4
Lillehammer - Sætherengen;SN12680;28.02.2025 04:00;-3.5;1.4
Lillehammer - Sætherengen;SN12680;28.02.2025 05:00;-4.2;1.4
Lillehammer - Sætherengen;SN12680;28.02.2025 06:00;-4.4;1.3
Lillehammer - Sætherengen;SN12680;28.02.2025 07:00;-4.7;1.3
Lillehammer - Sætherengen;SN12680;28.02.2025 08:00;-5.2;0.8
Lillehammer - Sætherengen;SN12680;28.02.2025 09:00;-5;1.5
Lillehammer - Sætherengen;SN12680;28.02.2025 10:00;-3.3;0.9
Lillehammer - Sætherengen;SN12680;28.02.2025 11:00;-2.1;1.1
Lillehammer - Sætherengen;SN12680;28.02.2025 12:00;-0.5;0.5
Lillehammer - Sætherengen;SN12680;28.02.2025 13:00;1.3;0.6
Lillehammer - Sætherengen;SN12680;28.02.2025 14:00;2.3;0.9
Lillehammer - Sætherengen;SN12680;28.02.2025 15:00;3.2;0.5
Lillehammer - Sætherengen;SN12680;28.02.2025 16:00;1.9;1.2
Lillehammer - Sætherengen;SN12680;28.02.2025 17:00;0.1;0.4
Lillehammer - Sætherengen;SN12680;28.02.2025 18:00;-0.4;0.6
Lillehammer - Sætherengen;SN12680;28.02.2025 19:00;-0.8;0.6
Lillehammer - Sætherengen;SN12680;28.02.2025 20:00;-1.5;1
Lillehammer - Sætherengen;SN12680;28.02.2025 21:00;-1.1;0.4
Lillehammer - Sætherengen;SN12680;28.02.2025 22:00;-1.4;0.7
Lillehammer - Sætherengen;SN12680;28.02.2025 23:00;-1.5;0.4
Lillehammer - Sætherengen;SN12680;01.03.2025 00:00;-1.3;1.6
Lillehammer - Sætherengen;SN12680;01.03.2025 01:00;-2.6;0.8
Lillehammer - Sætherengen;SN12680;01.03.2025 02:00;-1.6;1.1
Lillehammer - Sætherengen;SN12680;01.03.2025 03:00;-2.5;0.5
Lillehammer - Sætherengen;SN12680;01.03.2025 04:00;-3.8;0.9
Lillehammer - Sætherengen;SN12680;01.03.2025 05:00;-4.2;0.8
Lillehammer - Sætherengen;SN12680;01.03.2025 06:00;-4.1;0.9
Lillehammer - Sætherengen;SN12680;01.03.2025 07:00;-4.2;0.6
Lillehammer - Sætherengen;SN12680;01.03.2025 08:00;-4.6;0.6
Lillehammer - Sætherengen;SN12680;01.03.2025 09:00;-4.1;0.7
Lillehammer - Sætherengen;SN12680;01.03.2025 10:00;-3.5;0.7
Lillehammer - Sætherengen;SN12680;01.03.2025 11:00;-3.3;0.7
Lillehammer - Sætherengen;SN12680;01.03.2025 12:00;-2.1;0.7
Lillehammer - Sætherengen;SN12680;01.03.2025 13:00;-1.7;0.8
Lillehammer - Sætherengen;SN12680;01.03.2025 14:00;-1.1;0.5
Lillehammer - Sætherengen;SN12680;01.03.2025 15:00;-1.3;0.7
Lillehammer - Sætherengen;SN12680;01.03.2025 16:00;-1.3;1.1
Lillehammer - Sætherengen;SN12680;01.03.2025 17:00;-1.4;0.7
Lillehammer - Sætherengen;SN12680;01.03.2025 18:00;-1.8;1.7
Lillehammer - Sætherengen;SN12680;01.03.2025 19:00;-2.7;1
Lillehammer - Sætherengen;SN12680;01.03.2025 20:00;-3.5;0.8
Lillehammer - Sætherengen;SN12680;01.03.2025 21:00;-2.9;0.9
Lillehammer - Sætherengen;SN12680;01.03.2025 22:00;-2.8;1.1
Lillehammer - Sætherengen;SN12680;01.03.2025 23:00;-4.2;1.2
Lillehammer - Sætherengen;SN12680;02.03.2025 00:00;-3.3;1.5
Lillehammer - Sætherengen;SN12680;02.03.2025 01:00;-3;1.9
Lillehammer - Sætherengen;SN12680;02.03.2025 02:00;-4.1;1.4
Lillehammer - Sætherengen;SN12680;02.03.2025 03:00;-2.6;0.6
Lillehammer - Sætherengen;SN12680;02.03.2025 04:00;-2.9;0.7
Lillehammer - Sætherengen;SN12680;02.03.2025 05:00;-2.5;0.8
Lillehammer - Sætherengen;SN12680;02.03.2025 06:00;-1.4;1.2
Lillehammer - Sætherengen;SN12680;02.03.2025 07:00;-2;1.2
Lillehammer - Sætherengen;SN12680;02.03.2025 08:00;-1.8;0.8
Lillehammer - Sætherengen;SN12680;02.03.2025 09:00;-1.1;0.8
Lillehammer - Sætherengen;SN12680;02.03.2025 10:00;-2.6;1.9
Lillehammer - Sætherengen;SN12680;02.03.2025 11:00;0;1.7
Lillehammer - Sætherengen;SN12680;02.03.2025 12:00;2.1;1.1
Lillehammer - Sætherengen;SN12680;02.03.2025 13:00;2.8;1.7
Lillehammer - Sætherengen;SN12680;02.03.2025 14:00;3.5;1.3
Lillehammer - Sætherengen;SN12680;02.03.2025 15:00;6.4;1.4
Lillehammer - Sætherengen;SN12680;02.03.2025 16:00;8.5;1.4
Lillehammer - Sætherengen;SN12680;02.03.2025 17:00;8.6;2.9
Lillehammer - Sætherengen;SN12680;02.03.2025 18:00;7.2;1.1
Lillehammer - Sætherengen;SN12680;02.03.2025 19:00;7.5;3.3
Lillehammer - Sætherengen;SN12680;02.03.2025 20:00;7.5;1.1
Lillehammer - Sætherengen;SN12680;02.03.2025 21:00;7.6;3.4
Lillehammer - Sætherengen;SN12680;02.03.2025 22:00;7.7;2.5
Lillehammer - Sætherengen;SN12680;02.03.2025 23:00;7;3
Lillehammer - Sætherengen;SN12680;03.03.2025 00:00;5.5;2.4
Lillehammer - Sætherengen;SN12680;03.03.2025 01:00;5.1;3
Lillehammer - Sætherengen;SN12680;03.03.2025 02:00;5;2.6
Lillehammer - Sætherengen;SN12680;03.03.2025 03:00;5.4;3.7
Lillehammer - Sætherengen;SN12680;03.03.2025 04:00;5.3;4.1
Lillehammer - Sætherengen;SN12680;03.03.2025 05:00;5.3;3.8
Lillehammer - Sætherengen;SN12680;03.03.2025 06:00;6.9;3.2
Lillehammer - Sætherengen;SN12680;03.03.2025 07:00;5.6;1.4
Lillehammer - Sætherengen;SN12680;03.03.2025 08:00;3.5;1.4
Lillehammer - Sætherengen;SN12680;03.03.2025 09:00;4.9;1.9
Lillehammer - Sætherengen;SN12680;03.03.2025 10:00;7;2.1
Lillehammer - Sætherengen;SN12680;03.03.2025 11:00;9.2;2.5
Lillehammer - Sætherengen;SN12680;03.03.2025 12:00;9.3;3
Lillehammer - Sætherengen;SN12680;03.03.2025 13:00;8.9;5
Lillehammer - Sætherengen;SN12680;03.03.2025 14:00;9;5.2
Lillehammer - Sætherengen;SN12680;03.03.2025 15:00;8.2;5.9
Lillehammer - Sætherengen;SN12680;03.03.2025 16:00;6.9;4.5
Lillehammer - Sætherengen;SN12680;03.03.2025 17:00;6.6;4.6
Lillehammer - Sætherengen;SN12680;03.03.2025 18:00;5.9;3.2
Lillehammer - Sætherengen;SN12680;03.03.2025 19:00;6;3.2
Lillehammer - Sætherengen;SN12680;03.03.2025 20:00;5.7;3.5
Lillehammer - Sætherengen;SN12680;03.03.2025 21:00;5.7;4.6
Lillehammer - Sætherengen;SN12680;03.03.2025 22:00;5.9;4.3
Lillehammer - Sætherengen;SN12680;03.03.2025 23:00;5.4;2.4
Lillehammer - Sætherengen;SN12680;04.03.2025 00:00;5.9;2.8
Lillehammer - Sætherengen;SN12680;04.03.2025 01:00;6.1;2.5
Lillehammer - Sætherengen;SN12680;04.03.2025 02:00;6;2.8
Lillehammer - Sætherengen;SN12680;04.03.2025 03:00;5.8;1.8
Lillehammer - Sætherengen;SN12680;04.03.2025 04:00;5.4;0.6
Lillehammer - Sætherengen;SN12680;04.03.2025 05:00;6;2.2
Lillehammer - Sætherengen;SN12680;04.03.2025 06:00;5.3;1.2
Lillehammer - Sætherengen;SN12680;04.03.2025 07:00;5.7;1.9
Lillehammer - Sætherengen;SN12680;04.03.2025 08:00;6;1.7
Lillehammer - Sætherengen;SN12680;04.03.2025 09:00;5.1;1.3
Lillehammer - Sætherengen;SN12680;04.03.2025 10:00;6.4;1.2
Lillehammer - Sætherengen;SN12680;04.03.2025 11:00;5.8;1.5
Lillehammer - Sætherengen;SN12680;04.03.2025 12:00;8.6;1.9
Lillehammer - Sætherengen;SN12680;04.03.2025 13:00;9.9;3.1
Lillehammer - Sætherengen;SN12680;04.03.2025 14:00;9.9;2.1
Lillehammer - Sætherengen;SN12680;04.03.2025 15:00;10.2;1.6
Lillehammer - Sætherengen;SN12680;04.03.2025 16:00;8.3;2.9
Lillehammer - Sætherengen;SN12680;04.03.2025 17:00;8.3;4.5
Lillehammer - Sætherengen;SN12680;04.03.2025 18:00;8.2;5.6
Lillehammer - Sætherengen;SN12680;04.03.2025 19:00;7.6;4.7
Lillehammer - Sætherengen;SN12680;04.03.2025 20:00;7.5;4.1
Lillehammer - Sætherengen;SN12680;04.03.2025 21:00;6.7;3
Lillehammer - Sætherengen;SN12680;04.03.2025 22:00;5.3;1.9
Lillehammer - Sætherengen;SN12680;04.03.2025 23:00;5.3;1.2
Lillehammer - Sætherengen;SN12680;05.03.2025 00:00;5.8;1.3
Lillehammer - Sætherengen;SN12680;05.03.2025 01:00;6.5;1
Lillehammer - Sætherengen;SN12680;05.03.2025 02:00;6.1;0.9
Lillehammer - Sætherengen;SN12680;05.03.2025 03:00;5.2;1.7
Lillehammer - Sætherengen;SN12680;05.03.2025 04:00;8.1;3
Lillehammer - Sætherengen;SN12680;05.03.2025 05:00;7.3;2.2
Lillehammer - Sætherengen;SN12680;05.03.2025 06:00;5.8;0.9
Lillehammer - Sætherengen;SN12680;05.03.2025 07:00;4.7;2.7
Lillehammer - Sætherengen;SN12680;05.03.2025 08:00;3.7;0.7
Lillehammer - Sætherengen;SN12680;05.03.2025 09:00;4.6;1.5
Lillehammer - Sætherengen;SN12680;05.03.2025 10:00;5.7;1.2
Lillehammer - Sætherengen;SN12680;05.03.2025 11:00;7.6;1.4
Lillehammer - Sætherengen;SN12680;05.03.2025 12:00;8.9;1.1
Lillehammer - Sætherengen;SN12680;05.03.2025 13:00;9.7;0.9
Lillehammer - Sætherengen;SN12680;05.03.2025 14:00;8;1.2
Lillehammer - Sætherengen;SN12680;05.03.2025 15:00;9;2.4
Lillehammer - Sætherengen;SN12680;05.03.2025 16:00;7.8;2.1
Lillehammer - Sætherengen;SN12680;05.03.2025 17:00;7.3;1.6
Lillehammer - Sætherengen;SN12680;05.03.2025 18:00;8.4;1.9
Lillehammer - Sætherengen;SN12680;05.03.2025 19:00;7.6;1.9
Lillehammer - Sætherengen;SN12680;05.03.2025 20:00;7.2;1.3
Lillehammer - Sætherengen;SN12680;05.03.2025 21:00;6.3;1.7
Lillehammer - Sætherengen;SN12680;05.03.2025 22:00;6.5;1.4
Lillehammer - Sætherengen;SN12680;05.03.2025 23:00;5.7;0.9
Lillehammer - Sætherengen;SN12680;06.03.2025 00:00;4.9;1
Lillehammer - Sætherengen;SN12680;06.03.2025 01:00;4.9;0.9
Lillehammer - Sætherengen;SN12680;06.03.2025 02:00;6.5;1
Lillehammer - Sætherengen;SN12680;06.03.2025 03:00;9.9;2.8
Lillehammer - Sætherengen;SN12680;06.03.2025 04:00;8.9;1.4
Lillehammer - Sætherengen;SN12680;06.03.2025 05:00;9;2.3
Lillehammer - Sætherengen;SN12680;06.03.2025 06:00;11.3;2.4
Lillehammer - Sætherengen;SN12680;06.03.2025 07:00;9.3;1.6
Lillehammer - Sætherengen;SN12680;06.03.2025 08:00;10.1;1
Lillehammer - Sætherengen;SN12680;06.03.2025 09:00;10.3;3.2
Lillehammer - Sætherengen;SN12680;06.03.2025 10:00;10.2;6.2
Lillehammer - Sætherengen;SN12680;06.03.2025 11:00;10.1;6.1
Lillehammer - Sætherengen;SN12680;06.03.2025 12:00;10.3;6.1
Lillehammer - Sætherengen;SN12680;06.03.2025 13:00;10.6;1.7
Lillehammer - Sætherengen;SN12680;06.03.2025 14:00;10.3;4.4
Lillehammer - Sætherengen;SN12680;06.03.2025 15:00;10.2;2.5
Lillehammer - Sætherengen;SN12680;06.03.2025 16:00;9.6;2.7
Lillehammer - Sætherengen;SN12680;06.03.2025 17:00;8.9;1.2
Lillehammer - Sætherengen;SN12680;06.03.2025 18:00;7.5;0.7
Lillehammer - Sætherengen;SN12680;06.03.2025 19:00;5.7;1.8
Lillehammer - Sætherengen;SN12680;06.03.2025 20:00;5.9;0.5
Lillehammer - Sætherengen;SN12680;06.03.2025 21:00;4.8;1.2
Lillehammer - Sætherengen;SN12680;06.03.2025 22:00;5;0.6
Lillehammer - Sætherengen;SN12680;06.03.2025 23:00;4;0.6
Lillehammer - Sætherengen;SN12680;07.03.2025 00:00;2.9;1.2
Lillehammer - Sætherengen;SN12680;07.03.2025 01:00;2.2;0.4
Lillehammer - Sætherengen;SN12680;07.03.2025 02:00;2.4;0.7
Lillehammer - Sætherengen;SN12680;07.03.2025 03:00;1.1;0.9
Lillehammer - Sætherengen;SN12680;07.03.2025 04:00;0.7;0.9
Lillehammer - Sætherengen;SN12680;07.03.2025 05:00;0.8;1.7
Lillehammer - Sætherengen;SN12680;07.03.2025 06:00;-0.7;1.2
Lillehammer - Sætherengen;SN12680;07.03.2025 07:00;-0.1;1.3
Lillehammer - Sætherengen;SN12680;07.03.2025 08:00;0.4;1.2
Lillehammer - Sætherengen;SN12680;07.03.2025 09:00;1.6;1.4
Lillehammer - Sætherengen;SN12680;07.03.2025 10:00;2.5;1
Lillehammer - Sætherengen;SN12680;07.03.2025 11:00;2.9;1
Lillehammer - Sætherengen;SN12680;07.03.2025 12:00;4.7;1.5
Lillehammer - Sætherengen;SN12680;07.03.2025 13:00;5.3;1.6
Lillehammer - Sætherengen;SN12680;07.03.2025 14:00;6.5;1.1
Lillehammer - Sætherengen;SN12680;07.03.2025 15:00;6.9;2.5
Lillehammer - Sætherengen;SN12680;07.03.2025 16:00;8.2;5
Lillehammer - Sætherengen;SN12680;07.03.2025 17:00;8.2;4.1
Lillehammer - Sætherengen;SN12680;07.03.2025 18:00;7.1;1.5
Lillehammer - Sætherengen;SN12680;07.03.2025 19:00;5.8;1.5
Lillehammer - Sætherengen;SN12680;07.03.2025 20:00;7.4;1.6
Lillehammer - Sætherengen;SN12680;07.03.2025 21:00;4.9;2.4
Lillehammer - Sætherengen;SN12680;07.03.2025 22:00;6.7;1.4
Lillehammer - Sætherengen;SN12680;07.03.2025 23:00;5.1;0.6
Lillehammer - Sætherengen;SN12680;08.03.2025 00:00;2.8;1
Lillehammer - Sætherengen;SN12680;08.03.2025 01:00;2.4;1.5
Lillehammer - Sætherengen;SN12680;08.03.2025 02:00;1.6;0.8
Lillehammer - Sætherengen;SN12680;08.03.2025 03:00;0.8;1
Lillehammer - Sætherengen;SN12680;08.03.2025 04:00;-0.4;1.3
Lillehammer - Sætherengen;SN12680;08.03.2025 05:00;-0.5;0.5
Lillehammer - Sætherengen;SN12680;08.03.2025 06:00;-1.4;0.6
Lillehammer - Sætherengen;SN12680;08.03.2025 07:00;-1;1.1
Lillehammer - Sætherengen;SN12680;08.03.2025 08:00;0;2
Lillehammer - Sætherengen;SN12680;08.03.2025 09:00;0.4;1.1
Lillehammer - Sætherengen;SN12680;08.03.2025 10:00;0.7;1.7
Lillehammer - Sætherengen;SN12680;08.03.2025 11:00;2;2.2
Lillehammer - Sætherengen;SN12680;08.03.2025 12:00;3.8;1.6
Lillehammer - Sætherengen;SN12680;08.03.2025 13:00;4.6;1.6
Lillehammer - Sætherengen;SN12680;08.03.2025 14:00;5.1;1.4
Lillehammer - Sætherengen;SN12680;08.03.2025 15:00;5.5;0.7
Lillehammer - Sætherengen;SN12680;08.03.2025 16:00;5.5;1.4
Lillehammer - Sætherengen;SN12680;08.03.2025 17:00;4.1;0.7
Lillehammer - Sætherengen;SN12680;08.03.2025 18:00;3.4;1
Lillehammer - Sætherengen;SN12680;08.03.2025 19:00;2.6;0.5
Lillehammer - Sætherengen;SN12680;08.03.2025 20:00;2.4;0.6
Lillehammer - Sætherengen;SN12680;08.03.2025 21:00;2.3;0.9
Lillehammer - Sætherengen;SN12680;08.03.2025 22:00;2.3;0.6
Lillehammer - Sætherengen;SN12680;08.03.2025 23:00;1.9;0.8
Lillehammer - Sætherengen;SN12680;09.03.2025 00:00;1.5;0.4
Lillehammer - Sætherengen;SN12680;09.03.2025 01:00;0.5;0.9
Lillehammer - Sætherengen;SN12680;09.03.2025 02:00;0.6;0.5
Lillehammer - Sætherengen;SN12680;09.03.2025 03:00;0;0.5
Lillehammer - Sætherengen;SN12680;09.03.2025 04:00;0.1;1
Lillehammer - Sætherengen;SN12680;09.03.2025 05:00;0.2;0.4
Lillehammer - Sætherengen;SN12680;09.03.2025 06:00;0.3;0.4
Lillehammer - Sætherengen;SN12680;09.03.2025 07:00;0.5;0.9
Lillehammer - Sætherengen;SN12680;09.03.2025 08:00;0.8;0.7
Lillehammer - Sætherengen;SN12680;09.03.2025 09:00;1;1.3
Lillehammer - Sætherengen;SN12680;09.03.2025 10:00;1.6;1
Lillehammer - Sætherengen;SN12680;09.03.2025 11:00;1.7;0.8
Lillehammer - Sætherengen;SN12680;09.03.2025 12:00;3;0.8
Lillehammer - Sætherengen;SN12680;09.03.2025 13:00;3.2;1.1
Lillehammer - Sætherengen;SN12680;09.03.2025 14:00;3.4;1.3
Lillehammer - Sætherengen;SN12680;09.03.2025 15:00;3.4;2.4
Lillehammer - Sætherengen;SN12680;09.03.2025 16:00;3.3;2.7
Lillehammer - Sætherengen;SN12680;09.03.2025 17:00;2.6;1.4
Lillehammer - Sætherengen;SN12680;09.03.2025 18:00;2.2;1.3
Lillehammer - Sætherengen;SN12680;09.03.2025 19:00;2.1;0.6
Lillehammer - Sætherengen;SN12680;09.03.2025 20:00;1.9;0.9
Lillehammer - Sætherengen;SN12680;09.03.2025 21:00;1.9;0.5
Lillehammer - Sætherengen;SN12680;09.03.2025 22:00;1.9;0
Lillehammer - Sætherengen;SN12680;09.03.2025 23:00;1.6;0.8
Lillehammer - Sætherengen;SN12680;10.03.2025 00:00;1.7;0.9
Lillehammer - Sætherengen;SN12680;10.03.2025 01:00;1.1;1.5
Lillehammer - Sætherengen;SN12680;10.03.2025 02:00;0.4;1.6
Lillehammer - Sætherengen;SN12680;10.03.2025 03:00;0.3;1.5
Lillehammer - Sætherengen;SN12680;10.03.2025 04:00;0.2;1.7
Lillehammer - Sætherengen;SN12680;10.03.2025 05:00;0.3;2.5
Lillehammer - Sætherengen;SN12680;10.03.2025 06:00;0.4;1.8
Lillehammer - Sætherengen;SN12680;10.03.2025 07:00;0.5;1.8
Lillehammer - Sætherengen;SN12680;10.03.2025 08:00;0.7;1.6
Lillehammer - Sætherengen;SN12680;10.03.2025 09:00;0.9;1.9
Lillehammer - Sætherengen;SN12680;10.03.2025 10:00;1.2;2.2
Lillehammer - Sætherengen;SN12680;10.03.2025 11:00;2.1;1.6
Lillehammer - Sætherengen;SN12680;10.03.2025 12:00;2.2;2.7
Lillehammer - Sætherengen;SN12680;10.03.2025 13:00;2.4;3.3
Lillehammer - Sætherengen;SN12680;10.03.2025 14:00;1.9;3.2
Lillehammer - Sætherengen;SN12680;10.03.2025 15:00;2.4;1.6
Lillehammer - Sætherengen;SN12680;10.03.2025 16:00;2.4;2.4
Lillehammer - Sætherengen;SN12680;10.03.2025 17:00;1.9;1.7
Lillehammer - Sætherengen;SN12680;10.03.2025 18:00;1.3;1.7
Lillehammer - Sætherengen;SN12680;10.03.2025 19:00;0.8;2
Lillehammer - Sætherengen;SN12680;10.03.2025 20:00;0;0.9
Lillehammer - Sætherengen;SN12680;10.03.2025 21:00;0.3;0.7
Lillehammer - Sætherengen;SN12680;10.03.2025 22:00;0;0.7
Lillehammer - Sætherengen;SN12680;10.03.2025 23:00;-0.3;0.9
Lillehammer - Sætherengen;SN12680;11.03.2025 00:00;-0.4;1.8
Lillehammer - Sætherengen;SN12680;11.03.2025 01:00;-1;2
Lillehammer - Sætherengen;SN12680;11.03.2025 02:00;-1.4;2.2
Lillehammer - Sætherengen;SN12680;11.03.2025 03:00;-1.6;1.7
Lillehammer - Sætherengen;SN12680;11.03.2025 04:00;-1.9;1.2
Lillehammer - Sætherengen;SN12680;11.03.2025 05:00;-2.1;1.3
Lillehammer - Sætherengen;SN12680;11.03.2025 06:00;-2.4;1.1
Lillehammer - Sætherengen;SN12680;11.03.2025 07:00;-2.5;1.2
Lillehammer - Sætherengen;SN12680;11.03.2025 08:00;-2.6;0.7
Lillehammer - Sætherengen;SN12680;11.03.2025 09:00;-3.2;1.4
Lillehammer - Sætherengen;SN12680;11.03.2025 10:00;-1.4;0
Lillehammer - Sætherengen;SN12680;11.03.2025 11:00;-2.1;1.6
Lillehammer - Sætherengen;SN12680;11.03.2025 12:00;-1;0.6
Lillehammer - Sætherengen;SN12680;11.03.2025 13:00;-0.4;1.3
Lillehammer - Sætherengen;SN12680;11.03.2025 14:00;0.1;2.2
Lillehammer - Sætherengen;SN12680;11.03.2025 15:00;0.1;2.4
Lillehammer - Sætherengen;SN12680;11.03.2025 16:00;-0.4;1.3
Lillehammer - Sætherengen;SN12680;11.03.2025 17:00;-0.4;0.5
Lillehammer - Sætherengen;SN12680;11.03.2025 18:00;-0.9;0
Lillehammer - Sætherengen;SN12680;11.03.2025 19:00;-1.1;0.6
Lillehammer - Sætherengen;SN12680;11.03.2025 20:00;-1.5;0.8
Lillehammer - Sætherengen;SN12680;11.03.2025 21:00;-1.6;0.5
Lillehammer - Sætherengen;SN12680;11.03.2025 22:00;-2.1;1.7
Lillehammer - Sætherengen;SN12680;11.03.2025 23:00;-2.5;1.4
Lillehammer - Sætherengen;SN12680;12.03.2025 00:00;-2.8;0.9
Lillehammer - Sætherengen;SN12680;12.03.2025 01:00;-2.8;1.1
Lillehammer - Sætherengen;SN12680;12.03.2025 02:00;-3;0.8
Lillehammer - Sætherengen;SN12680;12.03.2025 03:00;-3.1;1.2
Lillehammer - Sætherengen;SN12680;12.03.2025 04:00;-3.1;0.7
Lillehammer - Sætherengen;SN12680;12.03.2025 05:00;-3.1;1.2
Lillehammer - Sætherengen;SN12680;12.03.2025 06:00;-3.2;0.8
Lillehammer - Sætherengen;SN12680;12.03.2025 07:00;-3.2;1.7
Lillehammer - Sætherengen;SN12680;12.03.2025 08:00;-3.3;1.6
Lillehammer - Sætherengen;SN12680;12.03.2025 09:00;-3.1;1.4
Lillehammer - Sætherengen;SN12680;12.03.2025 10:00;-2.9;1.8
Lillehammer - Sætherengen;SN12680;12.03.2025 11:00;-2.5;1.8
Lillehammer - Sætherengen;SN12680;12.03.2025 12:00;-1.7;1.8
Lillehammer - Sætherengen;SN12680;12.03.2025 13:00;-1.2;1.3
Lillehammer - Sætherengen;SN12680;12.03.2025 14:00;-0.9;1.6
Lillehammer - Sætherengen;SN12680;12.03.2025 15:00;-1.2;1.6
Lillehammer - Sætherengen;SN12680;12.03.2025 16:00;1;0.8
Lillehammer - Sætherengen;SN12680;12.03.2025 17:00;0.5;0.6
Lillehammer - Sætherengen;SN12680;12.03.2025 18:00;-1.8;0.9
Lillehammer - Sætherengen;SN12680;12.03.2025 19:00;-3.2;0.9
Lillehammer - Sætherengen;SN12680;12.03.2025 20:00;-4.4;0.7
Lillehammer - Sætherengen;SN12680;12.03.2025 21:00;-5.3;0.6
Lillehammer - Sætherengen;SN12680;12.03.2025 22:00;-5.1;1.6
Lillehammer - Sætherengen;SN12680;12.03.2025 23:00;-5.9;1.4
Lillehammer - Sætherengen;SN12680;13.03.2025 00:00;-6.4;1.8
Lillehammer - Sætherengen;SN12680;13.03.2025 01:00;-6.8;2.3
Lillehammer - Sætherengen;SN12680;13.03.2025 02:00;-7.7;1.8
Lillehammer - Sætherengen;SN12680;13.03.2025 03:00;-7.6;2.6
Lillehammer - Sætherengen;SN12680;13.03.2025 04:00;-8.1;2.3
Lillehammer - Sætherengen;SN12680;13.03.2025 05:00;-9.1;2
Lillehammer - Sætherengen;SN12680;13.03.2025 06:00;-9.2;2.5
Lillehammer - Sætherengen;SN12680;13.03.2025 07:00;-9.3;2
Lillehammer - Sætherengen;SN12680;13.03.2025 08:00;-9.4;1.4
Lillehammer - Sætherengen;SN12680;13.03.2025 09:00;-7.8;2.7
Lillehammer - Sætherengen;SN12680;13.03.2025 10:00;-6;3.8
Lillehammer - Sætherengen;SN12680;13.03.2025 11:00;-4.5;3.3
Lillehammer - Sætherengen;SN12680;13.03.2025 12:00;-2.7;3
Lillehammer - Sætherengen;SN12680;13.03.2025 13:00;-0.8;2.3
Lillehammer - Sætherengen;SN12680;13.03.2025 14:00;-0.1;2.7
Lillehammer - Sætherengen;SN12680;13.03.2025 15:00;0.7;2.9
Lillehammer - Sætherengen;SN12680;13.03.2025 16:00;1.2;2
Lillehammer - Sætherengen;SN12680;13.03.2025 17:00;1.2;1.5
Lillehammer - Sætherengen;SN12680;13.03.2025 18:00;-1;0.9
Lillehammer - Sætherengen;SN12680;13.03.2025 19:00;-2.2;1.4
Lillehammer - Sætherengen;SN12680;13.03.2025 20:00;-2.8;1.5
Lillehammer - Sætherengen;SN12680;13.03.2025 21:00;-3.7;1.6
Lillehammer - Sætherengen;SN12680;13.03.2025 22:00;-4.3;1.7
Lillehammer - Sætherengen;SN12680;13.03.2025 23:00;-5;2
Lillehammer - Sætherengen;SN12680;14.03.2025 00:00;-5.1;3
Lillehammer - Sætherengen;SN12680;14.03.2025 01:00;-5.6;2.3
Lillehammer - Sætherengen;SN12680;14.03.2025 02:00;-5.8;2.4
Lillehammer - Sætherengen;SN12680;14.03.2025 03:00;-6;2.3
Lillehammer - Sætherengen;SN12680;14.03.2025 04:00;-5.9;2.3
Lillehammer - Sætherengen;SN12680;14.03.2025 05:00;-6.2;1.6
Lillehammer - Sætherengen;SN12680;14.03.2025 06:00;-6.7;1.8
Lillehammer - Sætherengen;SN12680;14.03.2025 07:00;-6.4;2.5
Lillehammer - Sætherengen;SN12680;14.03.2025 08:00;-5.9;3.2
Lillehammer - Sætherengen;SN12680;14.03.2025 09:00;-4.5;1.1
Lillehammer - Sætherengen;SN12680;14.03.2025 10:00;-2.3;2.7
Lillehammer - Sætherengen;SN12680;14.03.2025 11:00;-0.2;1.4
Lillehammer - Sætherengen;SN12680;14.03.2025 12:00;2;1.2
Lillehammer - Sætherengen;SN12680;14.03.2025 13:00;2.6;2
Lillehammer - Sætherengen;SN12680;14.03.2025 14:00;3.9;4.5
Lillehammer - Sætherengen;SN12680;14.03.2025 15:00;4.2;4.2
Lillehammer - Sætherengen;SN12680;14.03.2025 16:00;3.7;4.3
Lillehammer - Sætherengen;SN12680;14.03.2025 17:00;2.6;3.2
Lillehammer - Sætherengen;SN12680;14.03.2025 18:00;1.5;2.5
Lillehammer - Sætherengen;SN12680;14.03.2025 19:00;0.3;1.7
Lillehammer - Sætherengen;SN12680;14.03.2025 20:00;-0.5;2.2
Lillehammer - Sætherengen;SN12680;14.03.2025 21:00;-0.9;1.4
Lillehammer - Sætherengen;SN12680;14.03.2025 22:00;-2.2;0.8
Lillehammer - Sætherengen;SN12680;14.03.2025 23:00;-3.7;0.6
Lillehammer - Sætherengen;SN12680;15.03.2025 00:00;-4;0.7
Lillehammer - Sætherengen;SN12680;15.03.2025 01:00;-4.5;1.2
Lillehammer - Sætherengen;SN12680;15.03.2025 02:00;-5;0.9
Lillehammer - Sætherengen;SN12680;15.03.2025 03:00;-5.8;1.4
Lillehammer - Sætherengen;SN12680;15.03.2025 04:00;-6.3;0.6
Lillehammer - Sætherengen;SN12680;15.03.2025 05:00;-6.4;0.5
Lillehammer - Sætherengen;SN12680;15.03.2025 06:00;-6.7;0.8
Lillehammer - Sætherengen;SN12680;15.03.2025 07:00;-6.5;0.6
Lillehammer - Sætherengen;SN12680;15.03.2025 08:00;-6.2;0
Lillehammer - Sætherengen;SN12680;15.03.2025 09:00;-4.7;0.6
Lillehammer - Sætherengen;SN12680;15.03.2025 10:00;-4.5;0.8
Lillehammer - Sætherengen;SN12680;15.03.2025 11:00;-3.2;0.6
Lillehammer - Sætherengen;SN12680;15.03.2025 12:00;-2.5;1.7
Lillehammer - Sætherengen;SN12680;15.03.2025 13:00;-1.6;0.6
Lillehammer - Sætherengen;SN12680;15.03.2025 14:00;-0.5;0.7
Lillehammer - Sætherengen;SN12680;15.03.2025 15:00;0.3;0.9
Lillehammer - Sætherengen;SN12680;15.03.2025 16:00;0.4;1.6
Lillehammer - Sætherengen;SN12680;15.03.2025 17:00;4.5;1.4
Lillehammer - Sætherengen;SN12680;15.03.2025 18:00;5.3;1.3
Lillehammer - Sætherengen;SN12680;15.03.2025 19:00;5.6;1.9
Lillehammer - Sætherengen;SN12680;15.03.2025 20:00;4.6;2.1
Lillehammer - Sætherengen;SN12680;15.03.2025 21:00;3.6;0.5
Lillehammer - Sætherengen;SN12680;15.03.2025 22:00;1;1
Lillehammer - Sætherengen;SN12680;15.03.2025 23:00;0;0.7
Lillehammer - Sætherengen;SN12680;16.03.2025 00:00;-0.9;0.7
Lillehammer - Sætherengen;SN12680;16.03.2025 01:00;-0.5;0.9
Lillehammer - Sætherengen;SN12680;16.03.2025 02:00;1.7;1.1
Lillehammer - Sætherengen;SN12680;16.03.2025 03:00;-0.2;0.5
Lillehammer - Sætherengen;SN12680;16.03.2025 04:00;1.6;2.8
Lillehammer - Sætherengen;SN12680;16.03.2025 05:00;-0.5;0.9
Lillehammer - Sætherengen;SN12680;16.03.2025 06:00;0.8;2.3
Lillehammer - Sætherengen;SN12680;16.03.2025 07:00;0.2;1.5
Lillehammer - Sætherengen;SN12680;16.03.2025 08:00;0.1;2
Lillehammer - Sætherengen;SN12680;16.03.2025 09:00;1;5.9
Lillehammer - Sætherengen;SN12680;16.03.2025 10:00;1.3;5.3
Lillehammer - Sætherengen;SN12680;16.03.2025 11:00;1.3;6.1
Lillehammer - Sætherengen;SN12680;16.03.2025 12:00;1.7;7.5
Lillehammer - Sætherengen;SN12680;16.03.2025 13:00;2.6;5.5
Lillehammer - Sætherengen;SN12680;16.03.2025 14:00;2.8;3.7
Lillehammer - Sætherengen;SN12680;16.03.2025 15:00;2.7;5.6
Lillehammer - Sætherengen;SN12680;16.03.2025 16:00;2.4;5.6
Lillehammer - Sætherengen;SN12680;16.03.2025 17:00;1.9;5.5
Lillehammer - Sætherengen;SN12680;16.03.2025 18:00;1;4.2
Lillehammer - Sætherengen;SN12680;16.03.2025 19:00;-0.5;1.9
Lillehammer - Sætherengen;SN12680;16.03.2025 20:00;-0.8;1.8
Lillehammer - Sætherengen;SN12680;16.03.2025 21:00;-2.2;0.9
Lillehammer - Sætherengen;SN12680;16.03.2025 22:00;-2.4;1.8
Lillehammer - Sætherengen;SN12680;16.03.2025 23:00;-3.2;0.8
Lillehammer - Sætherengen;SN12680;17.03.2025 00:00;-3.1;1.3
Lillehammer - Sætherengen;SN12680;17.03.2025 01:00;-4.1;0.9
Lillehammer - Sætherengen;SN12680;17.03.2025 02:00;-4.8;1.1
Lillehammer - Sætherengen;SN12680;17.03.2025 03:00;-4.6;1.8
Lillehammer - Sætherengen;SN12680;17.03.2025 04:00;-5.4;1.3
Lillehammer - Sætherengen;SN12680;17.03.2025 05:00;-6;0.7
Lillehammer - Sætherengen;SN12680;17.03.2025 06:00;-5.3;1.1
Lillehammer - Sætherengen;SN12680;17.03.2025 07:00;-5.3;0.7
Lillehammer - Sætherengen;SN12680;17.03.2025 08:00;-5.2;0.5
Lillehammer - Sætherengen;SN12680;17.03.2025 09:00;-4.1;1
Lillehammer - Sætherengen;SN12680;17.03.2025 10:00;-2.5;0.6
Lillehammer - Sætherengen;SN12680;17.03.2025 11:00;-1.3;0.6
Lillehammer - Sætherengen;SN12680;17.03.2025 12:00;0.5;0.5
Lillehammer - Sætherengen;SN12680;17.03.2025 13:00;1.7;0.4
Lillehammer - Sætherengen;SN12680;17.03.2025 14:00;2.9;0.9
Lillehammer - Sætherengen;SN12680;17.03.2025 15:00;3;1.8
Lillehammer - Sætherengen;SN12680;17.03.2025 16:00;2.6;0.7
Lillehammer - Sætherengen;SN12680;17.03.2025 17:00;3;0.9
Lillehammer - Sætherengen;SN12680;17.03.2025 18:00;2.4;1.2
Lillehammer - Sætherengen;SN12680;17.03.2025 19:00;3.8;2.5
Lillehammer - Sætherengen;SN12680;17.03.2025 20:00;3.6;1.2
Lillehammer - Sætherengen;SN12680;17.03.2025 21:00;5.4;2.8
Lillehammer - Sætherengen;SN12680;17.03.2025 22:00;5.8;1.7
Lillehammer - Sætherengen;SN12680;17.03.2025 23:00;4.8;2.2
Lillehammer - Sætherengen;SN12680;18.03.2025 00:00;4.3;1.8
Lillehammer - Sætherengen;SN12680;18.03.2025 01:00;3.3;0.7
Lillehammer - Sætherengen;SN12680;18.03.2025 02:00;2.4;2.2
Lillehammer - Sætherengen;SN12680;18.03.2025 03:00;3.8;1.4
Lillehammer - Sætherengen;SN12680;18.03.2025 04:00;4.5;1.1
Lillehammer - Sætherengen;SN12680;18.03.2025 05:00;2.5;2.6
Lillehammer - Sætherengen;SN12680;18.03.2025 06:00;1.8;1.7
Lillehammer - Sætherengen;SN12680;18.03.2025 07:00;-0.2;1.3
Lillehammer - Sætherengen;SN12680;18.03.2025 08:00;0.1;0.7
Lillehammer - Sætherengen;SN12680;18.03.2025 09:00;1.2;0.9
Lillehammer - Sætherengen;SN12680;18.03.2025 10:00;1.9;0
Lillehammer - Sætherengen;SN12680;18.03.2025 11:00;3;0.9
Lillehammer - Sætherengen;SN12680;18.03.2025 12:00;5.1;0.6
Lillehammer - Sætherengen;SN12680;18.03.2025 13:00;8.3;0.9
Lillehammer - Sætherengen;SN12680;18.03.2025 14:00;8.8;1.4
Lillehammer - Sætherengen;SN12680;18.03.2025 15:00;9.3;1.3
Lillehammer - Sætherengen;SN12680;18.03.2025 16:00;10.5;1.3
Lillehammer - Sætherengen;SN12680;18.03.2025 17:00;9.1;1.3
Lillehammer - Sætherengen;SN12680;18.03.2025 18:00;7.6;1.7
Lillehammer - Sætherengen;SN12680;18.03.2025 19:00;4.8;1.2
Lillehammer - Sætherengen;SN12680;18.03.2025 20:00;4.3;0.4
Lillehammer - Sætherengen;SN12680;18.03.2025 21:00;2;1.6
Lillehammer - Sætherengen;SN12680;18.03.2025 22:00;2.5;1.5
Lillehammer - Sætherengen;SN12680;18.03.2025 23:00;2.3;1.6
Lillehammer - Sætherengen;SN12680;19.03.2025 00:00;2.6;1.3
Lillehammer - Sætherengen;SN12680;19.03.2025 01:00;0.5;0.9
Lillehammer - Sætherengen;SN12680;19.03.2025 02:00;1.5;0.7
Lillehammer - Sætherengen;SN12680;19.03.2025 03:00;0;0.6
Lillehammer - Sætherengen;SN12680;19.03.2025 04:00;-0.2;0.5
Lillehammer - Sætherengen;SN12680;19.03.2025 05:00;-1.2;0.6
Lillehammer - Sætherengen;SN12680;19.03.2025 06:00;-0.9;0.9
Lillehammer - Sætherengen;SN12680;19.03.2025 07:00;-1;1
Lillehammer - Sætherengen;SN12680;19.03.2025 08:00;-0.9;1
Lillehammer - Sætherengen;SN12680;19.03.2025 09:00;2.5;0
Lillehammer - Sætherengen;SN12680;19.03.2025 10:00;3.6;1.2
Lillehammer - Sætherengen;SN12680;19.03.2025 11:00;5.1;0.9
Lillehammer - Sætherengen;SN12680;19.03.2025 12:00;7;1.6
Lillehammer - Sætherengen;SN12680;19.03.2025 13:00;8.2;1.7
Lillehammer - Sætherengen;SN12680;19.03.2025 14:00;10.7;0.7
Lillehammer - Sætherengen;SN12680;19.03.2025 15:00;11.2;0.5
Lillehammer - Sætherengen;SN12680;19.03.2025 16:00;11.8;0.6
Lillehammer - Sætherengen;SN12680;19.03.2025 17:00;10.1;1.2
Lillehammer - Sætherengen;SN12680;19.03.2025 18:00;8.2;1.8
Lillehammer - Sætherengen;SN12680;19.03.2025 19:00;5.7;1
Lillehammer - Sætherengen;SN12680;19.03.2025 20:00;3.2;0.4
Lillehammer - Sætherengen;SN12680;19.03.2025 21:00;1.6;1.1
Lillehammer - Sætherengen;SN12680;19.03.2025 22:00;0.7;0.8
Lillehammer - Sætherengen;SN12680;19.03.2025 23:00;1.4;1.8
Lillehammer - Sætherengen;SN12680;20.03.2025 00:00;-0.3;0.5
Lillehammer - Sætherengen;SN12680;20.03.2025 01:00;-0.8;1.5
Lillehammer - Sætherengen;SN12680;20.03.2025 02:00;-1.6;0
Lillehammer - Sætherengen;SN12680;20.03.2025 03:00;-2.2;0.7
Lillehammer - Sætherengen;SN12680;20.03.2025 04:00;-2.9;0.8
Lillehammer - Sætherengen;SN12680;20.03.2025 05:00;-2.1;1.8
Lillehammer - Sætherengen;SN12680;20.03.2025 06:00;-2;1.1
Lillehammer - Sætherengen;SN12680;20.03.2025 07:00;-1.6;1.6
Lillehammer - Sætherengen;SN12680;20.03.2025 08:00;-0.7;2
Lillehammer - Sætherengen;SN12680;20.03.2025 09:00;-0.2;1.3
Lillehammer - Sætherengen;SN12680;20.03.2025 10:00;1.8;1
Lillehammer - Sætherengen;SN12680;20.03.2025 11:00;4;1.3
Lillehammer - Sætherengen;SN12680;20.03.2025 12:00;5.7;2.8
Lillehammer - Sætherengen;SN12680;20.03.2025 13:00;7.2;0.8
Lillehammer - Sætherengen;SN12680;20.03.2025 14:00;7.6;4.1
Lillehammer - Sætherengen;SN12680;20.03.2025 15:00;8.4;3.6
Lillehammer - Sætherengen;SN12680;20.03.2025 16:00;8.2;3.3
Lillehammer - Sætherengen;SN12680;20.03.2025 17:00;7.3;3
Lillehammer - Sætherengen;SN12680;20.03.2025 18:00;7.3;1.9
Lillehammer - Sætherengen;SN12680;20.03.2025 19:00;4.9;0.9
Lillehammer - Sætherengen;SN12680;20.03.2025 20:00;3.1;1.5
Lillehammer - Sætherengen;SN12680;20.03.2025 21:00;0.8;0.6
Lillehammer - Sætherengen;SN12680;20.03.2025 22:00;-0.3;1.1
Lillehammer - Sætherengen;SN12680;20.03.2025 23:00;-0.3;0.5
Lillehammer - Sætherengen;SN12680;21.03.2025 00:00;-1.5;0.9
Lillehammer - Sætherengen;SN12680;21.03.2025 01:00;-1.9;0
Lillehammer - Sætherengen;SN12680;21.03.2025 02:00;-2.1;0.5
Lillehammer - Sætherengen;SN12680;21.03.2025 03:00;-2.5;0.5
Lillehammer - Sætherengen;SN12680;21.03.2025 04:00;-2;1.4
Lillehammer - Sætherengen;SN12680;21.03.2025 05:00;-2.9;1
Lillehammer - Sætherengen;SN12680;21.03.2025 06:00;-2.6;1.7
Lillehammer - Sætherengen;SN12680;21.03.2025 07:00;-3.2;0.5
Lillehammer - Sætherengen;SN12680;21.03.2025 08:00;-3.2;0.4
Lillehammer - Sætherengen;SN12680;21.03.2025 09:00;0.7;0.4
Lillehammer - Sætherengen;SN12680;21.03.2025 10:00;1.2;0.7
Lillehammer - Sætherengen;SN12680;21.03.2025 11:00;1.4;2
Lillehammer - Sætherengen;SN12680;21.03.2025 12:00;3.2;0.8
Lillehammer - Sætherengen;SN12680;21.03.2025 13:00;4.7;1.2
Lillehammer - Sætherengen;SN12680;21.03.2025 14:00;7.5;2.3
Lillehammer - Sætherengen;SN12680;21.03.2025 15:00;8.5;3.3
Lillehammer - Sætherengen;SN12680;21.03.2025 16:00;8.4;3.6
Lillehammer - Sætherengen;SN12680;21.03.2025 17:00;8.2;2.9
Lillehammer - Sætherengen;SN12680;21.03.2025 18:00;7.2;3.3
Lillehammer - Sætherengen;SN12680;21.03.2025 19:00;5.9;2.4
Lillehammer - Sætherengen;SN12680;21.03.2025 20:00;3.9;0.9
Lillehammer - Sætherengen;SN12680;21.03.2025 21:00;2.6;0.8
Lillehammer - Sætherengen;SN12680;21.03.2025 22:00;1.6;0.6
Lillehammer - Sætherengen;SN12680;21.03.2025 23:00;0.9;0.8
Lillehammer - Sætherengen;SN12680;22.03.2025 00:00;0.2;0.6
Lillehammer - Sætherengen;SN12680;22.03.2025 01:00;-1;0.5
Lillehammer - Sætherengen;SN12680;22.03.2025 02:00;-1.1;0.9
Lillehammer - Sætherengen;SN12680;22.03.2025 03:00;-1.5;0.7
Lillehammer - Sætherengen;SN12680;22.03.2025 04:00;-1.2;0.7
Lillehammer - Sætherengen;SN12680;22.03.2025 05:00;-2.5;0.5
Lillehammer - Sætherengen;SN12680;22.03.2025 06:00;-2.8;0
Lillehammer - Sætherengen;SN12680;22.03.2025 07:00;-2.6;0.4
Lillehammer - Sætherengen;SN12680;22.03.2025 08:00;-2.4;0.4
Lillehammer - Sætherengen;SN12680;22.03.2025 09:00;0.4;0.4
Lillehammer - Sætherengen;SN12680;22.03.2025 10:00;1.9;1.2
Lillehammer - Sætherengen;SN12680;22.03.2025 11:00;3.2;0.9
Lillehammer - Sætherengen;SN12680;22.03.2025 12:00;4.1;1.2
Lillehammer - Sætherengen;SN12680;22.03.2025 13:00;7.2;3.7
Lillehammer - Sætherengen;SN12680;22.03.2025 14:00;8;3.5
Lillehammer - Sætherengen;SN12680;22.03.2025 15:00;8.5;3.4
Lillehammer - Sætherengen;SN12680;22.03.2025 16:00;8.4;4.2
Lillehammer - Sætherengen;SN12680;22.03.2025 17:00;8.1;3.8
Lillehammer - Sætherengen;SN12680;22.03.2025 18:00;6.7;3.2
Lillehammer - Sætherengen;SN12680;22.03.2025 19:00;4.2;1.4
Lillehammer - Sætherengen;SN12680;22.03.2025 20:00;3.8;2.2
Lillehammer - Sætherengen;SN12680;22.03.2025 21:00;3.8;3.1
Lillehammer - Sætherengen;SN12680;22.03.2025 22:00;1.5;1.1
Lillehammer - Sætherengen;SN12680;22.03.2025 23:00;-0.2;0.4
Lillehammer - Sætherengen;SN12680;23.03.2025 00:00;-0.3;0.7
Lillehammer - Sætherengen;SN12680;23.03.2025 01:00;-1.8;0.4
Lillehammer - Sætherengen;SN12680;23.03.2025 02:00;-2.6;0.6
Lillehammer - Sætherengen;SN12680;23.03.2025 03:00;-3;0.5
Lillehammer - Sætherengen;SN12680;23.03.2025 04:00;-2.6;1.5
Lillehammer - Sætherengen;SN12680;23.03.2025 05:00;-3.7;0.7
Lillehammer - Sætherengen;SN12680;23.03.2025 06:00;-3.3;1.2
Lillehammer - Sætherengen;SN12680;23.03.2025 07:00;-4;0.9
Lillehammer - Sætherengen;SN12680;23.03.2025 08:00;-3.6;1
Lillehammer - Sætherengen;SN12680;23.03.2025 09:00;-0.5;1.8
Lillehammer - Sætherengen;SN12680;23.03.2025 10:00;0.7;0.9
Lillehammer - Sætherengen;SN12680;23.03.2025 11:00;3;0.6
Lillehammer - Sætherengen;SN12680;23.03.2025 12:00;5.2;0.7
Lillehammer - Sætherengen;SN12680;23.03.2025 13:00;5.5;2
Lillehammer - Sætherengen;SN12680;23.03.2025 14:00;6.1;2.6
Lillehammer - Sætherengen;SN12680;23.03.2025 15:00;7.3;3.6
Lillehammer - Sætherengen;SN12680;23.03.2025 16:00;7.7;3.2
Lillehammer - Sætherengen;SN12680;23.03.2025 17:00;8.3;1.9
Lillehammer - Sætherengen;SN12680;23.03.2025 18:00;7.2;1
Lillehammer - Sætherengen;SN12680;23.03.2025 19:00;4.1;0.9
Lillehammer - Sætherengen;SN12680;23.03.2025 20:00;2;0.7
Lillehammer - Sætherengen;SN12680;23.03.2025 21:00;0.5;0.7
Lillehammer - Sætherengen;SN12680;23.03.2025 22:00;0.2;0.7
Lillehammer - Sætherengen;SN12680;23.03.2025 23:00;-0.6;0.9
Lillehammer - Sætherengen;SN12680;24.03.2025 00:00;-0.9;0.6
Lillehammer - Sætherengen;SN12680;24.03.2025 01:00;-1.8;0.5
Lillehammer - Sætherengen;SN12680;24.03.2025 02:00;-2.5;1
Lillehammer - Sætherengen;SN12680;24.03.2025 03:00;-3.1;1.2
Lillehammer - Sætherengen;SN12680;24.03.2025 04:00;-3.5;0.4
Lillehammer - Sætherengen;SN12680;24.03.2025 05:00;-3.7;0.5
Lillehammer - Sætherengen;SN12680;24.03.2025 06:00;-3.7;0.7
Lillehammer - Sætherengen;SN12680;24.03.2025 07:00;-3.2;0.6
Lillehammer - Sætherengen;SN12680;24.03.2025 08:00;-2.6;0.7
Lillehammer - Sætherengen;SN12680;24.03.2025 09:00;-1.8;1.6
Lillehammer - Sætherengen;SN12680;24.03.2025 10:00;-1.1;0.7
Lillehammer - Sætherengen;SN12680;24.03.2025 11:00;-0.7;2.3
Lillehammer - Sætherengen;SN12680;24.03.2025 12:00;0.2;1.6
Lillehammer - Sætherengen;SN12680;24.03.2025 13:00;1;1.2
Lillehammer - Sætherengen;SN12680;24.03.2025 14:00;1.4;1
Lillehammer - Sætherengen;SN12680;24.03.2025 15:00;1.5;0.6
Lillehammer - Sætherengen;SN12680;24.03.2025 16:00;1.7;0.4
Lillehammer - Sætherengen;SN12680;24.03.2025 17:00;2;0.9
Lillehammer - Sætherengen;SN12680;24.03.2025 18:00;1.9;1.1
Lillehammer - Sætherengen;SN12680;24.03.2025 19:00;2.3;1.5
Lillehammer - Sætherengen;SN12680;24.03.2025 20:00;4.1;2.2
Lillehammer - Sætherengen;SN12680;24.03.2025 21:00;3;0.5
Lillehammer - Sætherengen;SN12680;24.03.2025 22:00;3.6;1.2
Lillehammer - Sætherengen;SN12680;24.03.2025 23:00;5.2;2.7
Lillehammer - Sætherengen;SN12680;25.03.2025 00:00;4.4;2.6
Lillehammer - Sætherengen;SN12680;25.03.2025 01:00;1.1;1.2
Lillehammer - Sætherengen;SN12680;25.03.2025 02:00;1.1;1.3
Lillehammer - Sætherengen;SN12680;25.03.2025 03:00;0.3;1.5
Lillehammer - Sætherengen;SN12680;25.03.2025 04:00;1.4;1.8
Lillehammer - Sætherengen;SN12680;25.03.2025 05:00;1.1;1.1
Lillehammer - Sætherengen;SN12680;25.03.2025 06:00;1.3;0.7
Lillehammer - Sætherengen;SN12680;25.03.2025 07:00;0.8;1.2
Lillehammer - Sætherengen;SN12680;25.03.2025 08:00;1.6;1
Lillehammer - Sætherengen;SN12680;25.03.2025 09:00;2.1;1.7
Lillehammer - Sætherengen;SN12680;25.03.2025 10:00;3.3;1.1
Lillehammer - Sætherengen;SN12680;25.03.2025 11:00;4.1;1.1
Lillehammer - Sætherengen;SN12680;25.03.2025 12:00;7.3;0.8
Lillehammer - Sætherengen;SN12680;25.03.2025 13:00;7.6;1.7
Lillehammer - Sætherengen;SN12680;25.03.2025 14:00;8.4;1.8
Lillehammer - Sætherengen;SN12680;25.03.2025 15:00;8.8;2.1
Lillehammer - Sætherengen;SN12680;25.03.2025 16:00;10.4;1
Lillehammer - Sætherengen;SN12680;25.03.2025 17:00;8.3;0.6
Lillehammer - Sætherengen;SN12680;25.03.2025 18:00;6.9;4.7
Lillehammer - Sætherengen;SN12680;25.03.2025 19:00;5.9;2.1
Lillehammer - Sætherengen;SN12680;25.03.2025 20:00;5.6;2.7
Lillehammer - Sætherengen;SN12680;25.03.2025 21:00;3.8;2.7
Lillehammer - Sætherengen;SN12680;25.03.2025 22:00;2.7;0.8
Lillehammer - Sætherengen;SN12680;25.03.2025 23:00;2;1
Lillehammer - Sætherengen;SN12680;26.03.2025 00:00;2.3;0.7
Lillehammer - Sætherengen;SN12680;26.03.2025 01:00;1.5;1.1
Lillehammer - Sætherengen;SN12680;26.03.2025 02:00;1.5;0.7
Lillehammer - Sætherengen;SN12680;26.03.2025 03:00;1.1;0.8
Lillehammer - Sætherengen;SN12680;26.03.2025 04:00;0.6;0
Lillehammer - Sætherengen;SN12680;26.03.2025 05:00;0.2;0.5
Lillehammer - Sætherengen;SN12680;26.03.2025 06:00;-0.5;0.5
Lillehammer - Sætherengen;SN12680;26.03.2025 07:00;-0.3;1
Lillehammer - Sætherengen;SN12680;26.03.2025 08:00;0.5;0.9
Lillehammer - Sætherengen;SN12680;26.03.2025 09:00;2.3;0.5
Lillehammer - Sætherengen;SN12680;26.03.2025 10:00;4.6;0.7
Lillehammer - Sætherengen;SN12680;26.03.2025 11:00;5.3;1.2
Lillehammer - Sætherengen;SN12680;26.03.2025 12:00;6.7;2.1
Lillehammer - Sætherengen;SN12680;26.03.2025 13:00;8.4;1.8
Lillehammer - Sætherengen;SN12680;26.03.2025 14:00;7.7;1.4
Lillehammer - Sætherengen;SN12680;26.03.2025 15:00;10;3.3
Lillehammer - Sætherengen;SN12680;26.03.2025 16:00;9.9;3.8
Lillehammer - Sætherengen;SN12680;26.03.2025 17:00;9.4;1.5
Lillehammer - Sætherengen;SN12680;26.03.2025 18:00;9.2;1.7
Lillehammer - Sætherengen;SN12680;26.03.2025 19:00;7.9;1.9
Lillehammer - Sætherengen;SN12680;26.03.2025 20:00;7.9;1.8
Lillehammer - Sætherengen;SN12680;26.03.2025 21:00;7.7;2.3
Lillehammer - Sætherengen;SN12680;26.03.2025 22:00;7.7;2.9
Lillehammer - Sætherengen;SN12680;26.03.2025 23:00;6.1;1.6
Lillehammer - Sætherengen;SN12680;27.03.2025 00:00;6.8;3.1
Lillehammer - Sætherengen;SN12680;27.03.2025 01:00;6.5;3.2
Lillehammer - Sætherengen;SN12680;27.03.2025 02:00;6.2;2.3
Lillehammer - Sætherengen;SN12680;27.03.2025 03:00;5.3;2.1
Lillehammer - Sætherengen;SN12680;27.03.2025 04:00;5;1.5
Lillehammer - Sætherengen;SN12680;27.03.2025 05:00;4.7;1.6
Lillehammer - Sætherengen;SN12680;27.03.2025 06:00;3.5;1.4
Lillehammer - Sætherengen;SN12680;27.03.2025 07:00;3.4;0.9
Lillehammer - Sætherengen;SN12680;27.03.2025 08:00;3.9;0.8
Lillehammer - Sætherengen;SN12680;27.03.2025 09:00;5.5;1.6
Lillehammer - Sætherengen;SN12680;27.03.2025 10:00;7;0.7
Lillehammer - Sætherengen;SN12680;27.03.2025 11:00;9.2;2.1
Lillehammer - Sætherengen;SN12680;27.03.2025 12:00;8.7;1.5
Lillehammer - Sætherengen;SN12680;27.03.2025 13:00;9.6;1.5
Lillehammer - Sætherengen;SN12680;27.03.2025 14:00;11.8;2.7
Lillehammer - Sætherengen;SN12680;27.03.2025 15:00;14;4.3
Lillehammer - Sætherengen;SN12680;27.03.2025 16:00;13.4;2.8
Lillehammer - Sætherengen;SN12680;27.03.2025 17:00;11.8;4.2
Lillehammer - Sætherengen;SN12680;27.03.2025 18:00;10.6;2.9
Lillehammer - Sætherengen;SN12680;27.03.2025 19:00;9.6;2.2
Lillehammer - Sætherengen;SN12680;27.03.2025 20:00;9.3;2.4
Lillehammer - Sætherengen;SN12680;27.03.2025 21:00;8.9;1.9
Lillehammer - Sætherengen;SN12680;27.03.2025 22:00;7.8;1.2
Lillehammer - Sætherengen;SN12680;27.03.2025 23:00;7.9;1.6
Lillehammer - Sætherengen;SN12680;28.03.2025 00:00;7.4;1.7
Lillehammer - Sætherengen;SN12680;28.03.2025 01:00;8.3;3.3
Lillehammer - Sætherengen;SN12680;28.03.2025 02:00;8;4.8
Lillehammer - Sætherengen;SN12680;28.03.2025 03:00;7.7;3.6
Lillehammer - Sætherengen;SN12680;28.03.2025 04:00;7.9;4.2
Lillehammer - Sætherengen;SN12680;28.03.2025 05:00;7.9;3.6
Lillehammer - Sætherengen;SN12680;28.03.2025 06:00;8;5.1
Lillehammer - Sætherengen;SN12680;28.03.2025 07:00;8;4.8
Lillehammer - Sætherengen;SN12680;28.03.2025 08:00;7.9;4.3
Lillehammer - Sætherengen;SN12680;28.03.2025 09:00;7.8;4.2
Lillehammer - Sætherengen;SN12680;28.03.2025 10:00;8.2;5.2
Lillehammer - Sætherengen;SN12680;28.03.2025 11:00;9.5;4.8
Lillehammer - Sætherengen;SN12680;28.03.2025 12:00;10.1;5.3
Lillehammer - Sætherengen;SN12680;28.03.2025 13:00;9.9;6.6
Lillehammer - Sætherengen;SN12680;28.03.2025 14:00;9.3;4.7
Lillehammer - Sætherengen;SN12680;28.03.2025 15:00;11.6;4.4
Lillehammer - Sætherengen;SN12680;28.03.2025 16:00;10;4.9
Lillehammer - Sætherengen;SN12680;28.03.2025 17:00;9.2;4.1
Lillehammer - Sætherengen;SN12680;28.03.2025 18:00;8.6;2.9
Lillehammer - Sætherengen;SN12680;28.03.2025 19:00;6.6;1.1
Lillehammer - Sætherengen;SN12680;28.03.2025 20:00;7.1;4.7
Lillehammer - Sætherengen;SN12680;28.03.2025 21:00;6.3;2.1
Lillehammer - Sætherengen;SN12680;28.03.2025 22:00;7;2.9
Lillehammer - Sætherengen;SN12680;28.03.2025 23:00;6.7;3.2
Lillehammer - Sætherengen;SN12680;29.03.2025 00:00;6.6;2.1
Lillehammer - Sætherengen;SN12680;29.03.2025 01:00;6;3.1
Lillehammer - Sætherengen;SN12680;29.03.2025 02:00;5.6;3
Lillehammer - Sætherengen;SN12680;29.03.2025 03:00;5.6;4.4
Lillehammer - Sætherengen;SN12680;29.03.2025 04:00;4.2;3.6
Lillehammer - Sætherengen;SN12680;29.03.2025 05:00;3.8;2.8
Lillehammer - Sætherengen;SN12680;29.03.2025 06:00;3.4;2.7
Lillehammer - Sætherengen;SN12680;29.03.2025 07:00;3.3;3.1
Lillehammer - Sætherengen;SN12680;29.03.2025 08:00;4;4.2
Lillehammer - Sætherengen;SN12680;29.03.2025 09:00;5.5;3.3
Lillehammer - Sætherengen;SN12680;29.03.2025 10:00;7.7;2.9
Lillehammer - Sætherengen;SN12680;29.03.2025 11:00;8.5;4.4
Lillehammer - Sætherengen;SN12680;29.03.2025 12:00;9.6;4.7
Lillehammer - Sætherengen;SN12680;29.03.2025 13:00;10.7;3.7
Lillehammer - Sætherengen;SN12680;29.03.2025 14:00;11.1;4.9
Lillehammer - Sætherengen;SN12680;29.03.2025 15:00;10.8;4.4
Lillehammer - Sætherengen;SN12680;29.03.2025 16:00;11.2;3.6
Lillehammer - Sætherengen;SN12680;29.03.2025 17:00;10.5;2.6
Lillehammer - Sætherengen;SN12680;29.03.2025 18:00;8.9;3.6
Lillehammer - Sætherengen;SN12680;29.03.2025 19:00;7.2;1.5
Lillehammer - Sætherengen;SN12680;29.03.2025 20:00;5.1;0.8
Lillehammer - Sætherengen;SN12680;29.03.2025 21:00;4.1;1.9
Lillehammer - Sætherengen;SN12680;29.03.2025 22:00;2.6;1.4
Lillehammer - Sætherengen;SN12680;29.03.2025 23:00;2.6;1
Lillehammer - Sætherengen;SN12680;30.03.2025 00:00;1.7;1
Lillehammer - Sætherengen;SN12680;30.03.2025 01:00;0.9;0.6
Lillehammer - Sætherengen;SN12680;30.03.2025 02:00;0.9;1
Lillehammer - Sætherengen;SN12680;30.03.2025 03:00;1.2;0.9
Lillehammer - Sætherengen;SN12680;30.03.2025 04:00;1.3;1.2
Lillehammer - Sætherengen;SN12680;30.03.2025 05:00;1.2;0.7
Lillehammer - Sætherengen;SN12680;30.03.2025 06:00;1.2;1.1
Lillehammer - Sætherengen;SN12680;30.03.2025 07:00;0.1;0.4
Lillehammer - Sætherengen;SN12680;30.03.2025 08:00;0.1;0.7
Lillehammer - Sætherengen;SN12680;30.03.2025 09:00;0.1;0.9
Lillehammer - Sætherengen;SN12680;30.03.2025 10:00;0.6;1.3
Lillehammer - Sætherengen;SN12680;30.03.2025 11:00;1.1;1.7
Lillehammer - Sætherengen;SN12680;30.03.2025 12:00;2.1;1.8
Lillehammer - Sætherengen;SN12680;30.03.2025 13:00;3.8;1.2
Lillehammer - Sætherengen;SN12680;30.03.2025 14:00;5.6;1.5
Lillehammer - Sætherengen;SN12680;30.03.2025 15:00;6.4;3
Lillehammer - Sætherengen;SN12680;30.03.2025 16:00;6.1;2.4
Lillehammer - Sætherengen;SN12680;30.03.2025 17:00;6.3;2.3
Lillehammer - Sætherengen;SN12680;30.03.2025 18:00;6;2.9
Lillehammer - Sætherengen;SN12680;30.03.2025 19:00;4.8;2.1
Lillehammer - Sætherengen;SN12680;30.03.2025 20:00;4.2;2.7
Lillehammer - Sætherengen;SN12680;30.03.2025 21:00;3.4;1.3
Lillehammer - Sætherengen;SN12680;30.03.2025 22:00;3.3;2.5
Lillehammer - Sætherengen;SN12680;30.03.2025 23:00;3.3;2.9
Lillehammer - Sætherengen;SN12680;31.03.2025 00:00;3;2.7
Lillehammer - Sætherengen;SN12680;31.03.2025 01:00;2.1;1.9
Lillehammer - Sætherengen;SN12680;31.03.2025 02:00;1.4;1.2
Lillehammer - Sætherengen;SN12680;31.03.2025 03:00;1.5;2.2
Lillehammer - Sætherengen;SN12680;31.03.2025 04:00;0.9;2.7
Lillehammer - Sætherengen;SN12680;31.03.2025 05:00;0.1;1.9
Lillehammer - Sætherengen;SN12680;31.03.2025 06:00;-0.4;2.3
Lillehammer - Sætherengen;SN12680;31.03.2025 07:00;-0.6;1.6
Lillehammer - Sætherengen;SN12680;31.03.2025 08:00;0.9;1.9
Lillehammer - Sætherengen;SN12680;31.03.2025 09:00;2.8;1.3
Lillehammer - Sætherengen;SN12680;31.03.2025 10:00;4.6;2
Lillehammer - Sætherengen;SN12680;31.03.2025 11:00;6.1;2.7
Lillehammer - Sætherengen;SN12680;31.03.2025 12:00;7.4;2.1
Lillehammer - Sætherengen;SN12680;31.03.2025 13:00;8.8;1.1
Lillehammer - Sætherengen;SN12680;31.03.2025 14:00;9.1;1.4
Lillehammer - Sætherengen;SN12680;31.03.2025 15:00;9.4;0.8
Lillehammer - Sætherengen;SN12680;31.03.2025 16:00;9.5;1
Lillehammer - Sætherengen;SN12680;31.03.2025 17:00;8.5;1.2
Lillehammer - Sætherengen;SN12680;31.03.2025 18:00;7.7;0.7
Lillehammer - Sætherengen;SN12680;31.03.2025 19:00;6.4;0.4
Lillehammer - Sætherengen;SN12680;31.03.2025 20:00;4.7;0.6
Lillehammer - Sætherengen;SN12680;31.03.2025 21:00;3.8;0.9
Lillehammer - Sætherengen;SN12680;31.03.2025 22:00;2.5;0.7
Lillehammer - Sætherengen;SN12680;31.03.2025 23:00;2.6;1
Lillehammer - Sætherengen;SN12680;01.04.2025 00:00;2.8;1.6
Lillehammer - Sætherengen;SN12680;01.04.2025 01:00;3.4;2.1
Lillehammer - Sætherengen;SN12680;01.04.2025 02:00;2.9;1.2
Lillehammer - Sætherengen;SN12680;01.04.2025 03:00;2.6;1.8
Lillehammer - Sætherengen;SN12680;01.04.2025 04:00;2;1.7
Lillehammer - Sætherengen;SN12680;01.04.2025 05:00;2;0.8
Lillehammer - Sætherengen;SN12680;01.04.2025 06:00;2.2;1.2
Lillehammer - Sætherengen;SN12680;01.04.2025 07:00;2.9;1.9
Lillehammer - Sætherengen;SN12680;01.04.2025 08:00;4.1;2.7
Lillehammer - Sætherengen;SN12680;01.04.2025 09:00;6.4;3.1
Lillehammer - Sætherengen;SN12680;01.04.2025 10:00;8.8;2.8
Lillehammer - Sætherengen;SN12680;01.04.2025 11:00;10;2.6
Lillehammer - Sætherengen;SN12680;01.04.2025 12:00;12.4;2
Lillehammer - Sætherengen;SN12680;01.04.2025 13:00;14.5;1
Lillehammer - Sætherengen;SN12680;01.04.2025 14:00;15;1.8
Lillehammer - Sætherengen;SN12680;01.04.2025 15:00;14.1;2.5
Lillehammer - Sætherengen;SN12680;01.04.2025 16:00;15.4;2.1
Lillehammer - Sætherengen;SN12680;01.04.2025 17:00;13.6;1.7
Lillehammer - Sætherengen;SN12680;01.04.2025 18:00;12.7;0.7
Lillehammer - Sætherengen;SN12680;01.04.2025 19:00;11.1;0.7
Lillehammer - Sætherengen;SN12680;01.04.2025 20:00;9.2;0.5
Lillehammer - Sætherengen;SN12680;01.04.2025 21:00;7.3;0.6
Lillehammer - Sætherengen;SN12680;01.04.2025 22:00;8.1;1.7
Lillehammer - Sætherengen;SN12680;01.04.2025 23:00;7.1;1.3
Lillehammer - Sætherengen;SN12680;02.04.2025 00:00;6.9;1.9
Lillehammer - Sætherengen;SN12680;02.04.2025 01:00;5.5;1.7
Lillehammer - Sætherengen;SN12680;02.04.2025 02:00;5.5;1.8
Lillehammer - Sætherengen;SN12680;02.04.2025 03:00;4.6;1.6
Lillehammer - Sætherengen;SN12680;02.04.2025 04:00;4;2.5
Lillehammer - Sætherengen;SN12680;02.04.2025 05:00;3.4;2.2
Lillehammer - Sætherengen;SN12680;02.04.2025 06:00;3.2;1.5
Lillehammer - Sætherengen;SN12680;02.04.2025 07:00;2.9;1.2
Lillehammer - Sætherengen;SN12680;02.04.2025 08:00;3.7;2.1
Lillehammer - Sætherengen;SN12680;02.04.2025 09:00;5.8;1.2
Lillehammer - Sætherengen;SN12680;02.04.2025 10:00;7.6;1.7
Lillehammer - Sætherengen;SN12680;02.04.2025 11:00;9.9;1.9
Lillehammer - Sætherengen;SN12680;02.04.2025 12:00;12.1;1.5
Lillehammer - Sætherengen;SN12680;02.04.2025 13:00;14.1;1.5
Lillehammer - Sætherengen;SN12680;02.04.2025 14:00;15.9;1.2
Lillehammer - Sætherengen;SN12680;02.04.2025 15:00;16.4;1.6
Lillehammer - Sætherengen;SN12680;02.04.2025 16:00;16.9;1.8
Lillehammer - Sætherengen;SN12680;02.04.2025 17:00;16.5;2.3
Lillehammer - Sætherengen;SN12680;02.04.2025 18:00;16;1.7
Lillehammer - Sætherengen;SN12680;02.04.2025 19:00;12.5;1.6
Lillehammer - Sætherengen;SN12680;02.04.2025 20:00;9.3;1
Lillehammer - Sætherengen;SN12680;02.04.2025 21:00;7.8;1.1
Lillehammer - Sætherengen;SN12680;02.04.2025 22:00;7;1.5
Lillehammer - Sætherengen;SN12680;02.04.2025 23:00;7;1.3
Lillehammer - Sætherengen;SN12680;03.04.2025 00:00;6.4;1.7
Lillehammer - Sætherengen;SN12680;03.04.2025 01:00;5.4;2.3
Lillehammer - Sætherengen;SN12680;03.04.2025 02:00;4.5;1.9
Lillehammer - Sætherengen;SN12680;03.04.2025 03:00;3.5;1.3
Lillehammer - Sætherengen;SN12680;03.04.2025 04:00;3;1.9
Lillehammer - Sætherengen;SN12680;03.04.2025 05:00;2.5;1.2
Lillehammer - Sætherengen;SN12680;03.04.2025 06:00;2.2;2.2
Lillehammer - Sætherengen;SN12680;03.04.2025 07:00;2.1;1.2
Lillehammer - Sætherengen;SN12680;03.04.2025 08:00;3;0.5
Lillehammer - Sætherengen;SN12680;03.04.2025 09:00;5.7;1.2
Lillehammer - Sætherengen;SN12680;03.04.2025 10:00;8.2;1.2
Lillehammer - Sætherengen;SN12680;03.04.2025 11:00;10.2;1.4
Lillehammer - Sætherengen;SN12680;03.04.2025 12:00;12.4;2
Lillehammer - Sætherengen;SN12680;03.04.2025 13:00;15.6;1.5
Lillehammer - Sætherengen;SN12680;03.04.2025 14:00;16.4;1.6
Lillehammer - Sætherengen;SN12680;03.04.2025 15:00;16;4.8
Lillehammer - Sætherengen;SN12680;03.04.2025 16:00;15;5.9
Lillehammer - Sætherengen;SN12680;03.04.2025 17:00;13.8;6
Lillehammer - Sætherengen;SN12680;03.04.2025 18:00;12.4;4.3
Lillehammer - Sætherengen;SN12680;03.04.2025 19:00;10;4.4
Lillehammer - Sætherengen;SN12680;03.04.2025 20:00;8.3;4.9
Lillehammer - Sætherengen;SN12680;03.04.2025 21:00;7;6.7
Lillehammer - Sætherengen;SN12680;03.04.2025 22:00;6.5;6.6
Lillehammer - Sætherengen;SN12680;03.04.2025 23:00;5.5;4.5
Lillehammer - Sætherengen;SN12680;04.04.2025 00:00;4.4;4.5
Lillehammer - Sætherengen;SN12680;04.04.2025 01:00;3.9;5.4
Lillehammer - Sætherengen;SN12680;04.04.2025 02:00;2.7;2.2
Lillehammer - Sætherengen;SN12680;04.04.2025 03:00;2.1;2.5
Lillehammer - Sætherengen;SN12680;04.04.2025 04:00;0.4;1
Lillehammer - Sætherengen;SN12680;04.04.2025 05:00;-0.1;0.4
Lillehammer - Sætherengen;SN12680;04.04.2025 06:00;0.1;1.2
Lillehammer - Sætherengen;SN12680;04.04.2025 07:00;0.4;1.3
Lillehammer - Sætherengen;SN12680;04.04.2025 08:00;1.7;2.8
Lillehammer - Sætherengen;SN12680;04.04.2025 09:00;3.4;4.3
Lillehammer - Sætherengen;SN12680;04.04.2025 10:00;4.5;4.3
Lillehammer - Sætherengen;SN12680;04.04.2025 11:00;5.4;4.6
Lillehammer - Sætherengen;SN12680;04.04.2025 12:00;6.2;4.9
Lillehammer - Sætherengen;SN12680;04.04.2025 13:00;7;4.3
Lillehammer - Sætherengen;SN12680;04.04.2025 14:00;7.7;5.2
Lillehammer - Sætherengen;SN12680;04.04.2025 15:00;8;7.2
Lillehammer - Sætherengen;SN12680;04.04.2025 16:00;7.1;7.7
Lillehammer - Sætherengen;SN12680;04.04.2025 17:00;7;6.5
Lillehammer - Sætherengen;SN12680;04.04.2025 18:00;5.3;5.9
Lillehammer - Sætherengen;SN12680;04.04.2025 19:00;4.5;4.6
Lillehammer - Sætherengen;SN12680;04.04.2025 20:00;4.1;4.2
Lillehammer - Sætherengen;SN12680;04.04.2025 21:00;3.3;3.8
Lillehammer - Sætherengen;SN12680;04.04.2025 22:00;2.5;3.1
Lillehammer - Sætherengen;SN12680;04.04.2025 23:00;1.4;1
Lillehammer - Sætherengen;SN12680;05.04.2025 00:00;0.9;1.1
Lillehammer - Sætherengen;SN12680;05.04.2025 01:00;-0.1;1.1
Lillehammer - Sætherengen;SN12680;05.04.2025 02:00;0.2;0.8
Lillehammer - Sætherengen;SN12680;05.04.2025 03:00;1.2;1.4
Lillehammer - Sætherengen;SN12680;05.04.2025 04:00;0.7;0.5
Lillehammer - Sætherengen;SN12680;05.04.2025 05:00;-0.1;0.9
Lillehammer - Sætherengen;SN12680;05.04.2025 06:00;0.4;1.6
Lillehammer - Sætherengen;SN12680;05.04.2025 07:00;1.7;1.9
Lillehammer - Sætherengen;SN12680;05.04.2025 08:00;3.4;3.4
Lillehammer - Sætherengen;SN12680;05.04.2025 09:00;4.7;4.8
Lillehammer - Sætherengen;SN12680;05.04.2025 10:00;5.1;4.4
Lillehammer - Sætherengen;SN12680;05.04.2025 11:00;5.5;4.9
Lillehammer - Sætherengen;SN12680;05.04.2025 12:00;7.4;5.1
Lillehammer - Sætherengen;SN12680;05.04.2025 13:00;6;6.2
Lillehammer - Sætherengen;SN12680;05.04.2025 14:00;7;5.2
Lillehammer - Sætherengen;SN12680;05.04.2025 15:00;7.1;6.4
Lillehammer - Sætherengen;SN12680;05.04.2025 16:00;7.1;5.9
Lillehammer - Sætherengen;SN12680;05.04.2025 17:00;6.4;4.7
Lillehammer - Sætherengen;SN12680;05.04.2025 18:00;6.4;4.4
Lillehammer - Sætherengen;SN12680;05.04.2025 19:00;5.5;3.9
Lillehammer - Sætherengen;SN12680;05.04.2025 20:00;3.9;0.9
Lillehammer - Sætherengen;SN12680;05.04.2025 21:00;2.4;0.6
Lillehammer - Sætherengen;SN12680;05.04.2025 22:00;3.2;0.6
Lillehammer - Sætherengen;SN12680;05.04.2025 23:00;1.2;0.8
Lillehammer - Sætherengen;SN12680;06.04.2025 00:00;2.4;2.1
Lillehammer - Sætherengen;SN12680;06.04.2025 01:00;1.5;0
Lillehammer - Sætherengen;SN12680;06.04.2025 02:00;2.5;1.2
Lillehammer - Sætherengen;SN12680;06.04.2025 03:00;2.1;0.6
Lillehammer - Sætherengen;SN12680;06.04.2025 04:00;3.6;1.4
Lillehammer - Sætherengen;SN12680;06.04.2025 05:00;3.5;1.5
Lillehammer - Sætherengen;SN12680;06.04.2025 06:00;2.8;1.4
Lillehammer - Sætherengen;SN12680;06.04.2025 07:00;2.7;1.1
Lillehammer - Sætherengen;SN12680;06.04.2025 08:00;4.1;1.7
Lillehammer - Sætherengen;SN12680;06.04.2025 09:00;6.3;1.2
Lillehammer - Sætherengen;SN12680;06.04.2025 10:00;9;1.2
Lillehammer - Sætherengen;SN12680;06.04.2025 11:00;10.4;3.3
Lillehammer - Sætherengen;SN12680;06.04.2025 12:00;11.1;3.8
Lillehammer - Sætherengen;SN12680;06.04.2025 13:00;12.1;4.7
Lillehammer - Sætherengen;SN12680;06.04.2025 14:00;12.7;3.9
Lillehammer - Sætherengen;SN12680;06.04.2025 15:00;13.3;3.4
Lillehammer - Sætherengen;SN12680;06.04.2025 16:00;13.2;2.7
Lillehammer - Sætherengen;SN12680;06.04.2025 17:00;12.3;3.3
Lillehammer - Sætherengen;SN12680;06.04.2025 18:00;11.3;3.1
Lillehammer - Sætherengen;SN12680;06.04.2025 19:00;9.5;2.1
Lillehammer - Sætherengen;SN12680;06.04.2025 20:00;7.7;1.5
Lillehammer - Sætherengen;SN12680;06.04.2025 21:00;6.5;2
Lillehammer - Sætherengen;SN12680;06.04.2025 22:00;6.1;1.8
Lillehammer - Sætherengen;SN12680;06.04.2025 23:00;3.5;1
Lillehammer - Sætherengen;SN12680;07.04.2025 00:00;2.7;0.6
Lillehammer - Sætherengen;SN12680;07.04.2025 01:00;2.1;0.9
Lillehammer - Sætherengen;SN12680;07.04.2025 02:00;1.5;1
Lillehammer - Sætherengen;SN12680;07.04.2025 03:00;0.2;0.6
Lillehammer - Sætherengen;SN12680;07.04.2025 04:00;0.8;1.3
Lillehammer - Sætherengen;SN12680;07.04.2025 05:00;-0.1;1
Lillehammer - Sætherengen;SN12680;07.04.2025 06:00;1;1.3
Lillehammer - Sætherengen;SN12680;07.04.2025 07:00;1.5;1.4
Lillehammer - Sætherengen;SN12680;07.04.2025 08:00;3.2;1.6
Lillehammer - Sætherengen;SN12680;07.04.2025 09:00;5.2;1.1
Lillehammer - Sætherengen;SN12680;07.04.2025 10:00;6.9;1
Lillehammer - Sætherengen;SN12680;07.04.2025 11:00;7.5;1.9
Lillehammer - Sætherengen;SN12680;07.04.2025 12:00;9.1;2.7
Lillehammer - Sætherengen;SN12680;07.04.2025 13:00;10.5;2.7
Lillehammer - Sætherengen;SN12680;07.04.2025 14:00;10.6;1.8
Lillehammer - Sætherengen;SN12680;07.04.2025 15:00;10.5;2.3
Lillehammer - Sætherengen;SN12680;07.04.2025 16:00;11.1;1.7
Lillehammer - Sætherengen;SN12680;07.04.2025 17:00;11.2;1.4
Lillehammer - Sætherengen;SN12680;07.04.2025 18:00;10.2;1.8
Lillehammer - Sætherengen;SN12680;07.04.2025 19:00;8.5;1.6
Lillehammer - Sætherengen;SN12680;07.04.2025 20:00;6.9;0.4
Lillehammer - Sætherengen;SN12680;07.04.2025 21:00;5.1;1.3
Lillehammer - Sætherengen;SN12680;07.04.2025 22:00;4.4;1.3
Lillehammer - Sætherengen;SN12680;07.04.2025 23:00;4.3;0.8
Lillehammer - Sætherengen;SN12680;08.04.2025 00:00;4.1;0.6
Lillehammer - Sætherengen;SN12680;08.04.2025 01:00;3.6;0.6
Lillehammer - Sætherengen;SN12680;08.04.2025 02:00;2.8;0.7
Lillehammer - Sætherengen;SN12680;08.04.2025 03:00;1.9;0
Lillehammer - Sætherengen;SN12680;08.04.2025 04:00;1.5;0.6
Lillehammer - Sætherengen;SN12680;08.04.2025 05:00;0.5;0.4
Lillehammer - Sætherengen;SN12680;08.04.2025 06:00;0.3;0
Lillehammer - Sætherengen;SN12680;08.04.2025 07:00;0.9;1.7
Lillehammer - Sætherengen;SN12680;08.04.2025 08:00;3.2;1.1
Lillehammer - Sætherengen;SN12680;08.04.2025 09:00;4.8;1.2
Lillehammer - Sætherengen;SN12680;08.04.2025 10:00;6.7;1.9
Lillehammer - Sætherengen;SN12680;08.04.2025 11:00;9.1;1.4
Lillehammer - Sætherengen;SN12680;08.04.2025 12:00;10.6;1.9
Lillehammer - Sætherengen;SN12680;08.04.2025 13:00;12.7;2.3
Lillehammer - Sætherengen;SN12680;08.04.2025 14:00;13.1;2.5
Lillehammer - Sætherengen;SN12680;08.04.2025 15:00;13.9;3.5
Lillehammer - Sætherengen;SN12680;08.04.2025 16:00;14.4;2.2
Lillehammer - Sætherengen;SN12680;08.04.2025 17:00;14.5;2
Lillehammer - Sætherengen;SN12680;08.04.2025 18:00;13.4;2.3
Lillehammer - Sætherengen;SN12680;08.04.2025 19:00;12;1.6
Lillehammer - Sætherengen;SN12680;08.04.2025 20:00;10.9;1.7
Lillehammer - Sætherengen;SN12680;08.04.2025 21:00;9.5;2.5
Lillehammer - Sætherengen;SN12680;08.04.2025 22:00;8.6;3.6
Lillehammer - Sætherengen;SN12680;08.04.2025 23:00;7.2;3
Lillehammer - Sætherengen;SN12680;09.04.2025 00:00;5.7;2.1
Lillehammer - Sætherengen;SN12680;09.04.2025 01:00;5.6;2.3
Lillehammer - Sætherengen;SN12680;09.04.2025 02:00;4.3;0.7
Lillehammer - Sætherengen;SN12680;09.04.2025 03:00;3.4;0.6
Lillehammer - Sætherengen;SN12680;09.04.2025 04:00;3;0.8
Lillehammer - Sætherengen;SN12680;09.04.2025 05:00;4.7;2
Lillehammer - Sætherengen;SN12680;09.04.2025 06:00;5.4;3.3
Lillehammer - Sætherengen;SN12680;09.04.2025 07:00;5.6;1.6
Lillehammer - Sætherengen;SN12680;09.04.2025 08:00;6;1.8
Lillehammer - Sætherengen;SN12680;09.04.2025 09:00;7.7;2
Lillehammer - Sætherengen;SN12680;09.04.2025 10:00;7.8;4.2
Lillehammer - Sætherengen;SN12680;09.04.2025 11:00;7.7;4.5
Lillehammer - Sætherengen;SN12680;09.04.2025 12:00;9.4;2.6
Lillehammer - Sætherengen;SN12680;09.04.2025 13:00;8.5;5.6
Lillehammer - Sætherengen;SN12680;09.04.2025 14:00;8.7;5.7
Lillehammer - Sætherengen;SN12680;09.04.2025 15:00;8.5;4.9
Lillehammer - Sætherengen;SN12680;09.04.2025 16:00;6.9;7
Lillehammer - Sætherengen;SN12680;09.04.2025 17:00;6.1;6.7
Lillehammer - Sætherengen;SN12680;09.04.2025 18:00;5.8;6.8
Lillehammer - Sætherengen;SN12680;09.04.2025 19:00;4.6;3.4
Lillehammer - Sætherengen;SN12680;09.04.2025 20:00;3.4;2.3
Lillehammer - Sætherengen;SN12680;09.04.2025 21:00;2.5;1.4
Lillehammer - Sætherengen;SN12680;09.04.2025 22:00;1.6;0.4
Lillehammer - Sætherengen;SN12680;09.04.2025 23:00;1.5;1.4
Lillehammer - Sætherengen;SN12680;10.04.2025 00:00;0.6;1.2
Lillehammer - Sætherengen;SN12680;10.04.2025 01:00;1;0.9
Lillehammer - Sætherengen;SN12680;10.04.2025 02:00;0.6;1.2
Lillehammer - Sætherengen;SN12680;10.04.2025 03:00;0.6;0.6
Lillehammer - Sætherengen;SN12680;10.04.2025 04:00;0.1;0.4
Lillehammer - Sætherengen;SN12680;10.04.2025 05:00;-1.2;0
Lillehammer - Sætherengen;SN12680;10.04.2025 06:00;-0.9;0.4
Lillehammer - Sætherengen;SN12680;10.04.2025 07:00;-0.1;0.6
Lillehammer - Sætherengen;SN12680;10.04.2025 08:00;1;1.1
Lillehammer - Sætherengen;SN12680;10.04.2025 09:00;1.8;1.2
Lillehammer - Sætherengen;SN12680;10.04.2025 10:00;3.4;2
Lillehammer - Sætherengen;SN12680;10.04.2025 11:00;3.8;2.7
Lillehammer - Sætherengen;SN12680;10.04.2025 12:00;5.5;2.7
Lillehammer - Sætherengen;SN12680;10.04.2025 13:00;6.8;2.9
Lillehammer - Sætherengen;SN12680;10.04.2025 14:00;8.7;1.7
Lillehammer - Sætherengen;SN12680;10.04.2025 15:00;12;1.8
Lillehammer - Sætherengen;SN12680;10.04.2025 16:00;14;1.8
Lillehammer - Sætherengen;SN12680;10.04.2025 17:00;14.1;2.8
Lillehammer - Sætherengen;SN12680;10.04.2025 18:00;12.6;4
Lillehammer - Sætherengen;SN12680;10.04.2025 19:00;10.5;2.3
Lillehammer - Sætherengen;SN12680;10.04.2025 20:00;9.4;2.2
Lillehammer - Sætherengen;SN12680;10.04.2025 21:00;7.9;3.2
Lillehammer - Sætherengen;SN12680;10.04.2025 22:00;8.1;3.6
Lillehammer - Sætherengen;SN12680;10.04.2025 23:00;7.8;4.2
Lillehammer - Sætherengen;SN12680;11.04.2025 00:00;6.8;3.2
Lillehammer - Sætherengen;SN12680;11.04.2025 01:00;5.6;1.4
Lillehammer - Sætherengen;SN12680;11.04.2025 02:00;3.7;0.6
Lillehammer - Sætherengen;SN12680;11.04.2025 03:00;3.3;1
Lillehammer - Sætherengen;SN12680;11.04.2025 04:00;2.3;1
Lillehammer - Sætherengen;SN12680;11.04.2025 05:00;2;0.8
Lillehammer - Sætherengen;SN12680;11.04.2025 06:00;1.7;0.9
Lillehammer - Sætherengen;SN12680;11.04.2025 07:00;2.6;0.8
Lillehammer - Sætherengen;SN12680;11.04.2025 08:00;4.4;1.2
Lillehammer - Sætherengen;SN12680;11.04.2025 09:00;7.3;0.7
Lillehammer - Sætherengen;SN12680;11.04.2025 10:00;9.5;0.9
Lillehammer - Sætherengen;SN12680;11.04.2025 11:00;9.8;1.2
Lillehammer - Sætherengen;SN12680;11.04.2025 12:00;12.4;2.4
Lillehammer - Sætherengen;SN12680;11.04.2025 13:00;14.3;2.8
Lillehammer - Sætherengen;SN12680;11.04.2025 14:00;14.2;1.2
Lillehammer - Sætherengen;SN12680;11.04.2025 15:00;13.8;2.3
Lillehammer - Sætherengen;SN12680;11.04.2025 16:00;13;2.8
Lillehammer - Sætherengen;SN12680;11.04.2025 17:00;13.1;1.2
Lillehammer - Sætherengen;SN12680;11.04.2025 18:00;12.3;0.7
Lillehammer - Sætherengen;SN12680;11.04.2025 19:00;11.2;0.9
Lillehammer - Sætherengen;SN12680;11.04.2025 20:00;10.4;1
Lillehammer - Sætherengen;SN12680;11.04.2025 21:00;8.9;1.1
Lillehammer - Sætherengen;SN12680;11.04.2025 22:00;7.3;1.4
Lillehammer - Sætherengen;SN12680;11.04.2025 23:00;6.1;0.9
Lillehammer - Sætherengen;SN12680;12.04.2025 00:00;5.5;0.7
Lillehammer - Sætherengen;SN12680;12.04.2025 01:00;4.8;0.9
Lillehammer - Sætherengen;SN12680;12.04.2025 02:00;5.2;1.7
Lillehammer - Sætherengen;SN12680;12.04.2025 03:00;4.5;0.8
Lillehammer - Sætherengen;SN12680;12.04.2025 04:00;5.3;2.9
Lillehammer - Sætherengen;SN12680;12.04.2025 05:00;5.8;2.2
Lillehammer - Sætherengen;SN12680;12.04.2025 06:00;5.3;1.3
Lillehammer - Sætherengen;SN12680;12.04.2025 07:00;4.6;0.9
Lillehammer - Sætherengen;SN12680;12.04.2025 08:00;7.1;2.4
Lillehammer - Sætherengen;SN12680;12.04.2025 09:00;8.7;2.5
Lillehammer - Sætherengen;SN12680;12.04.2025 10:00;9.8;2.7
Lillehammer - Sætherengen;SN12680;12.04.2025 11:00;11.1;2.3
Lillehammer - Sætherengen;SN12680;12.04.2025 12:00;12;1.6
Lillehammer - Sætherengen;SN12680;12.04.2025 13:00;13.3;1.5
Lillehammer - Sætherengen;SN12680;12.04.2025 14:00;14.5;2.8
Lillehammer - Sætherengen;SN12680;12.04.2025 15:00;14.4;1.9
Lillehammer - Sætherengen;SN12680;12.04.2025 16:00;14.4;2.2
Lillehammer - Sætherengen;SN12680;12.04.2025 17:00;13.8;2.6
Lillehammer - Sætherengen;SN12680;12.04.2025 18:00;13.6;1.7
Lillehammer - Sætherengen;SN12680;12.04.2025 19:00;12.2;0.6
Lillehammer - Sætherengen;SN12680;12.04.2025 20:00;9.8;1.2
Lillehammer - Sætherengen;SN12680;12.04.2025 21:00;7;0.4
Lillehammer - Sætherengen;SN12680;12.04.2025 22:00;7.1;1.5
Lillehammer - Sætherengen;SN12680;12.04.2025 23:00;5;0.7
Lillehammer - Sætherengen;SN12680;13.04.2025 00:00;3.3;0.8
Lillehammer - Sætherengen;SN12680;13.04.2025 01:00;3.4;0.7
Lillehammer - Sætherengen;SN12680;13.04.2025 02:00;2.9;1.4
Lillehammer - Sætherengen;SN12680;13.04.2025 03:00;2.3;1.1
Lillehammer - Sætherengen;SN12680;13.04.2025 04:00;1.6;0.9
Lillehammer - Sætherengen;SN12680;13.04.2025 05:00;0.8;0.8
Lillehammer - Sætherengen;SN12680;13.04.2025 06:00;0.1;1.2
Lillehammer - Sætherengen;SN12680;13.04.2025 07:00;0.7;0.5
Lillehammer - Sætherengen;SN12680;13.04.2025 08:00;3.6;1.2
Lillehammer - Sætherengen;SN12680;13.04.2025 09:00;3.8;2.6
Lillehammer - Sætherengen;SN12680;13.04.2025 10:00;6;3.3
Lillehammer - Sætherengen;SN12680;13.04.2025 11:00;7.2;4.4
Lillehammer - Sætherengen;SN12680;13.04.2025 12:00;11.6;2.6
Lillehammer - Sætherengen;SN12680;13.04.2025 13:00;11.2;4
Lillehammer - Sætherengen;SN12680;13.04.2025 14:00;11.3;4.5
Lillehammer - Sætherengen;SN12680;13.04.2025 15:00;11.5;3.8
Lillehammer - Sætherengen;SN12680;13.04.2025 16:00;10.6;2.9
Lillehammer - Sætherengen;SN12680;13.04.2025 17:00;10.9;1.1
Lillehammer - Sætherengen;SN12680;13.04.2025 18:00;10.7;1.5
Lillehammer - Sætherengen;SN12680;13.04.2025 19:00;10.3;1.6
Lillehammer - Sætherengen;SN12680;13.04.2025 20:00;9.8;3.1
Lillehammer - Sætherengen;SN12680;13.04.2025 21:00;8.6;2.4
Lillehammer - Sætherengen;SN12680;13.04.2025 22:00;7.7;1
Lillehammer - Sætherengen;SN12680;13.04.2025 23:00;7.5;0.7
Lillehammer - Sætherengen;SN12680;14.04.2025 00:00;7.6;0.9
Lillehammer - Sætherengen;SN12680;14.04.2025 01:00;8;1.7
Lillehammer - Sætherengen;SN12680;14.04.2025 02:00;6.4;1.2
Lillehammer - Sætherengen;SN12680;14.04.2025 03:00;7.1;2.5
Lillehammer - Sætherengen;SN12680;14.04.2025 04:00;5.6;1.9
Lillehammer - Sætherengen;SN12680;14.04.2025 05:00;4.3;1.1
Lillehammer - Sætherengen;SN12680;14.04.2025 06:00;4.4;0.6
Lillehammer - Sætherengen;SN12680;14.04.2025 07:00;5.5;0.5
Lillehammer - Sætherengen;SN12680;14.04.2025 08:00;6.3;2.1
Lillehammer - Sætherengen;SN12680;14.04.2025 09:00;7.3;2.4
Lillehammer - Sætherengen;SN12680;14.04.2025 10:00;8.3;3.9
Lillehammer - Sætherengen;SN12680;14.04.2025 11:00;9.6;2.7
Lillehammer - Sætherengen;SN12680;14.04.2025 12:00;10.1;0.8
Lillehammer - Sætherengen;SN12680;14.04.2025 13:00;12.1;1.4
Lillehammer - Sætherengen;SN12680;14.04.2025 14:00;12.6;2.2
Lillehammer - Sætherengen;SN12680;14.04.2025 15:00;12.9;2.7
Lillehammer - Sætherengen;SN12680;14.04.2025 16:00;12.8;2.7
Lillehammer - Sætherengen;SN12680;14.04.2025 17:00;12.3;2.5
Lillehammer - Sætherengen;SN12680;14.04.2025 18:00;11.7;3
Lillehammer - Sætherengen;SN12680;14.04.2025 19:00;10.5;1.6
Lillehammer - Sætherengen;SN12680;14.04.2025 20:00;8.1;1.6
Lillehammer - Sætherengen;SN12680;14.04.2025 21:00;6.5;1.5
Lillehammer - Sætherengen;SN12680;14.04.2025 22:00;4;0.8
Lillehammer - Sætherengen;SN12680;14.04.2025 23:00;3.2;0.4
Lillehammer - Sætherengen;SN12680;15.04.2025 00:00;1.4;0
Lillehammer - Sætherengen;SN12680;15.04.2025 01:00;0.6;0.6
Lillehammer - Sætherengen;SN12680;15.04.2025 02:00;0.6;0.4
Lillehammer - Sætherengen;SN12680;15.04.2025 03:00;-0.3;0
Lillehammer - Sætherengen;SN12680;15.04.2025 04:00;-0.9;0.9
Lillehammer - Sætherengen;SN12680;15.04.2025 05:00;-1;0.5
Lillehammer - Sætherengen;SN12680;15.04.2025 06:00;-1.2;0
Lillehammer - Sætherengen;SN12680;15.04.2025 07:00;0.1;0
Lillehammer - Sætherengen;SN12680;15.04.2025 08:00;2.4;0.6
Lillehammer - Sætherengen;SN12680;15.04.2025 09:00;2.7;2.2
Lillehammer - Sætherengen;SN12680;15.04.2025 10:00;3.5;2.1
Lillehammer - Sætherengen;SN12680;15.04.2025 11:00;5;1.6
Lillehammer - Sætherengen;SN12680;15.04.2025 12:00;7.2;2.2
Lillehammer - Sætherengen;SN12680;15.04.2025 13:00;9.2;2.5
Lillehammer - Sætherengen;SN12680;15.04.2025 14:00;10;1.6
Lillehammer - Sætherengen;SN12680;15.04.2025 15:00;11.7;3.7
Lillehammer - Sætherengen;SN12680;15.04.2025 16:00;12.3;4.2
Lillehammer - Sætherengen;SN12680;15.04.2025 17:00;12.2;3.7
Lillehammer - Sætherengen;SN12680;15.04.2025 18:00;11.7;2.1
Lillehammer - Sætherengen;SN12680;15.04.2025 19:00;10.3;1.4
Lillehammer - Sætherengen;SN12680;15.04.2025 20:00;8.7;2
Lillehammer - Sætherengen;SN12680;15.04.2025 21:00;7.4;1.4
Lillehammer - Sætherengen;SN12680;15.04.2025 22:00;7.2;0
Lillehammer - Sætherengen;SN12680;15.04.2025 23:00;6.4;1.5
Lillehammer - Sætherengen;SN12680;16.04.2025 00:00;6.2;1.1
Lillehammer - Sætherengen;SN12680;16.04.2025 01:00;6.1;0.7
Lillehammer - Sætherengen;SN12680;16.04.2025 02:00;5.7;1.5
Lillehammer - Sætherengen;SN12680;16.04.2025 03:00;5;0.9
Lillehammer - Sætherengen;SN12680;16.04.2025 04:00;5.3;1
Lillehammer - Sætherengen;SN12680;16.04.2025 05:00;5;1.1
Lillehammer - Sætherengen;SN12680;16.04.2025 06:00;4.8;1
Lillehammer - Sætherengen;SN12680;16.04.2025 07:00;5.7;1.5
Lillehammer - Sætherengen;SN12680;16.04.2025 08:00;6.1;1.1
Lillehammer - Sætherengen;SN12680;16.04.2025 09:00;6.9;1.2
Lillehammer - Sætherengen;SN12680;16.04.2025 10:00;7.3;0.7
Lillehammer - Sætherengen;SN12680;16.04.2025 11:00;8.3;1.2
Lillehammer - Sætherengen;SN12680;16.04.2025 12:00;8.2;0.7
Lillehammer - Sætherengen;SN12680;16.04.2025 13:00;7.5;0.7
Lillehammer - Sætherengen;SN12680;16.04.2025 14:00;7.8;0.6
Lillehammer - Sætherengen;SN12680;16.04.2025 15:00;8.3;0.7
Lillehammer - Sætherengen;SN12680;16.04.2025 16:00;8.6;0.9
Lillehammer - Sætherengen;SN12680;16.04.2025 17:00;8.1;0.9
Lillehammer - Sætherengen;SN12680;16.04.2025 18:00;8.8;1
Lillehammer - Sætherengen;SN12680;16.04.2025 19:00;8.6;1
Lillehammer - Sætherengen;SN12680;16.04.2025 20:00;8.8;0.4
Lillehammer - Sætherengen;SN12680;16.04.2025 21:00;9;0.4
Lillehammer - Sætherengen;SN12680;16.04.2025 22:00;8.9;0.5
Lillehammer - Sætherengen;SN12680;16.04.2025 23:00;8.7;0.9
Lillehammer - Sætherengen;SN12680;17.04.2025 00:00;8.6;0.4
Lillehammer - Sætherengen;SN12680;17.04.2025 01:00;8.4;0.7
Lillehammer - Sætherengen;SN12680;17.04.2025 02:00;8.5;0.5
Lillehammer - Sætherengen;SN12680;17.04.2025 03:00;7.6;1.3
Lillehammer - Sætherengen;SN12680;17.04.2025 04:00;8.1;0.6
Lillehammer - Sætherengen;SN12680;17.04.2025 05:00;8;0.7
Lillehammer - Sætherengen;SN12680;17.04.2025 06:00;7.9;0.5
Lillehammer - Sætherengen;SN12680;17.04.2025 07:00;8.3;1
Lillehammer - Sætherengen;SN12680;17.04.2025 08:00;8.5;1.1
Lillehammer - Sætherengen;SN12680;17.04.2025 09:00;8.7;0.9
Lillehammer - Sætherengen;SN12680;17.04.2025 10:00;9;1
Lillehammer - Sætherengen;SN12680;17.04.2025 11:00;9.3;1
Lillehammer - Sætherengen;SN12680;17.04.2025 12:00;9.9;0.6
Lillehammer - Sætherengen;SN12680;17.04.2025 13:00;9.7;1.2
Lillehammer - Sætherengen;SN12680;17.04.2025 14:00;9.5;0.6
Lillehammer - Sætherengen;SN12680;17.04.2025 15:00;9.5;0.7
Lillehammer - Sætherengen;SN12680;17.04.2025 16:00;9.4;0.9
Lillehammer - Sætherengen;SN12680;17.04.2025 17:00;9.6;1
Lillehammer - Sætherengen;SN12680;17.04.2025 18:00;9.4;1
Lillehammer - Sætherengen;SN12680;17.04.2025 19:00;10.1;2.2
Lillehammer - Sætherengen;SN12680;17.04.2025 20:00;8.5;2.6
Lillehammer - Sætherengen;SN12680;17.04.2025 21:00;7.5;3.1
Lillehammer - Sætherengen;SN12680;17.04.2025 22:00;7;2.3
Lillehammer - Sætherengen;SN12680;17.04.2025 23:00;6.5;2.3
Lillehammer - Sætherengen;SN12680;18.04.2025 00:00;6.4;1.8
Lillehammer - Sætherengen;SN12680;18.04.2025 01:00;6.2;1.2
Lillehammer - Sætherengen;SN12680;18.04.2025 02:00;5.7;0.9
Lillehammer - Sætherengen;SN12680;18.04.2025 03:00;5.5;0.7
Lillehammer - Sætherengen;SN12680;18.04.2025 04:00;5;1.2
Lillehammer - Sætherengen;SN12680;18.04.2025 05:00;4.8;2.2
Lillehammer - Sætherengen;SN12680;18.04.2025 06:00;4.7;2.4
Lillehammer - Sætherengen;SN12680;18.04.2025 07:00;5.1;1.6
Lillehammer - Sætherengen;SN12680;18.04.2025 08:00;6.7;1.3
Lillehammer - Sætherengen;SN12680;18.04.2025 09:00;7.8;2.9
Lillehammer - Sætherengen;SN12680;18.04.2025 10:00;10;3.2
Lillehammer - Sætherengen;SN12680;18.04.2025 11:00;11.4;4
Lillehammer - Sætherengen;SN12680;18.04.2025 12:00;12.5;3.3
Lillehammer - Sætherengen;SN12680;18.04.2025 13:00;12.9;2.9
Lillehammer - Sætherengen;SN12680;18.04.2025 14:00;14.1;2.3
Lillehammer - Sætherengen;SN12680;18.04.2025 15:00;14.7;2.6
Lillehammer - Sætherengen;SN12680;18.04.2025 16:00;15.2;2.5
Lillehammer - Sætherengen;SN12680;18.04.2025 17:00;15.2;2.7
Lillehammer - Sætherengen;SN12680;18.04.2025 18:00;15.1;1.8
Lillehammer - Sætherengen;SN12680;18.04.2025 19:00;13.6;1.3
Lillehammer - Sætherengen;SN12680;18.04.2025 20:00;11;2.8
Lillehammer - Sætherengen;SN12680;18.04.2025 21:00;9.9;2.8
Lillehammer - Sætherengen;SN12680;18.04.2025 22:00;9.1;2.3
Lillehammer - Sætherengen;SN12680;18.04.2025 23:00;8.6;2.6
Lillehammer - Sætherengen;SN12680;19.04.2025 00:00;8.1;3.9
Lillehammer - Sætherengen;SN12680;19.04.2025 01:00;6.8;3.6
Lillehammer - Sætherengen;SN12680;19.04.2025 02:00;5.5;1.1
Lillehammer - Sætherengen;SN12680;19.04.2025 03:00;5.1;1.4
Lillehammer - Sætherengen;SN12680;19.04.2025 04:00;5.2;3
Lillehammer - Sætherengen;SN12680;19.04.2025 05:00;5.2;2
Lillehammer - Sætherengen;SN12680;19.04.2025 06:00;5.1;2.4
Lillehammer - Sætherengen;SN12680;19.04.2025 07:00;5.9;2.6
Lillehammer - Sætherengen;SN12680;19.04.2025 08:00;6.4;2.4
Lillehammer - Sætherengen;SN12680;19.04.2025 09:00;7;2.7
Lillehammer - Sætherengen;SN12680;19.04.2025 10:00;7.8;2.8
Lillehammer - Sætherengen;SN12680;19.04.2025 11:00;8.7;4.3
Lillehammer - Sætherengen;SN12680;19.04.2025 12:00;10.6;3.9
Lillehammer - Sætherengen;SN12680;19.04.2025 13:00;11.2;3.3
Lillehammer - Sætherengen;SN12680;19.04.2025 14:00;12;3
Lillehammer - Sætherengen;SN12680;19.04.2025 15:00;12.4;3.2
Lillehammer - Sætherengen;SN12680;19.04.2025 16:00;12;2.5
Lillehammer - Sætherengen;SN12680;19.04.2025 17:00;11.8;3.7
Lillehammer - Sætherengen;SN12680;19.04.2025 18:00;11;3.9
Lillehammer - Sætherengen;SN12680;19.04.2025 19:00;10.3;3.4
Lillehammer - Sætherengen;SN12680;19.04.2025 20:00;9.9;2.7
Lillehammer - Sætherengen;SN12680;19.04.2025 21:00;9.7;3.1
Lillehammer - Sætherengen;SN12680;19.04.2025 22:00;8.4;1.2
Lillehammer - Sætherengen;SN12680;19.04.2025 23:00;8.5;3.1
Lillehammer - Sætherengen;SN12680;20.04.2025 00:00;7.4;3.2
Lillehammer - Sætherengen;SN12680;20.04.2025 01:00;7;1.9
Lillehammer - Sætherengen;SN12680;20.04.2025 02:00;6.9;1.5
Lillehammer - Sætherengen;SN12680;20.04.2025 03:00;7.1;1.5
Lillehammer - Sætherengen;SN12680;20.04.2025 04:00;6.3;1.2
Lillehammer - Sætherengen;SN12680;20.04.2025 05:00;5.9;1
Lillehammer - Sætherengen;SN12680;20.04.2025 06:00;5.6;1
Lillehammer - Sætherengen;SN12680;20.04.2025 07:00;6.5;1.6
Lillehammer - Sætherengen;SN12680;20.04.2025 08:00;7.2;1.7
Lillehammer - Sætherengen;SN12680;20.04.2025 09:00;7.7;2.3
Lillehammer - Sætherengen;SN12680;20.04.2025 10:00;8.2;2.4
Lillehammer - Sætherengen;SN12680;20.04.2025 11:00;9.2;0.9
Lillehammer - Sætherengen;SN12680;20.04.2025 12:00;9.3;1
Lillehammer - Sætherengen;SN12680;20.04.2025 13:00;9.5;1
Lillehammer - Sætherengen;SN12680;20.04.2025 14:00;10.4;1.4
Lillehammer - Sætherengen;SN12680;20.04.2025 15:00;10;1.4
Lillehammer - Sætherengen;SN12680;20.04.2025 16:00;10.4;1
Lillehammer - Sætherengen;SN12680;20.04.2025 17:00;10.5;0.5
Lillehammer - Sætherengen;SN12680;20.04.2025 18:00;9.9;1
Lillehammer - Sætherengen;SN12680;20.04.2025 19:00;9.2;0.4
Lillehammer - Sætherengen;SN12680;20.04.2025 20:00;8.4;0.7
Lillehammer - Sætherengen;SN12680;20.04.2025 21:00;8;0.9
Lillehammer - Sætherengen;SN12680;20.04.2025 22:00;7.4;0.5
Lillehammer - Sætherengen;SN12680;20.04.2025 23:00;7.2;0.5
Lillehammer - Sætherengen;SN12680;21.04.2025 00:00;6.7;0.9
Lillehammer - Sætherengen;SN12680;21.04.2025 01:00;6;0.7
Lillehammer - Sætherengen;SN12680;21.04.2025 02:00;5.9;0
Lillehammer - Sætherengen;SN12680;21.04.2025 03:00;5.4;0
Lillehammer - Sætherengen;SN12680;21.04.2025 04:00;5.6;0.4
Lillehammer - Sætherengen;SN12680;21.04.2025 05:00;5.4;0.9
Lillehammer - Sætherengen;SN12680;21.04.2025 06:00;5.2;0.9
Lillehammer - Sætherengen;SN12680;21.04.2025 07:00;5.6;0.8
Lillehammer - Sætherengen;SN12680;21.04.2025 08:00;6;1.2
Lillehammer - Sætherengen;SN12680;21.04.2025 09:00;7.6;0.6
Lillehammer - Sætherengen;SN12680;21.04.2025 10:00;9;2.1
Lillehammer - Sætherengen;SN12680;21.04.2025 11:00;10.7;2.5
Lillehammer - Sætherengen;SN12680;21.04.2025 12:00;10.9;1.2
Lillehammer - Sætherengen;SN12680;21.04.2025 13:00;12;3.4
Lillehammer - Sætherengen;SN12680;21.04.2025 14:00;12.1;3.5
Lillehammer - Sætherengen;SN12680;21.04.2025 15:00;12.7;4.3
Lillehammer - Sætherengen;SN12680;21.04.2025 16:00;13.3;3.5
Lillehammer - Sætherengen;SN12680;21.04.2025 17:00;12.3;2.9
Lillehammer - Sætherengen;SN12680;21.04.2025 18:00;12.2;3.6
Lillehammer - Sætherengen;SN12680;21.04.2025 19:00;10.7;2.6
Lillehammer - Sætherengen;SN12680;21.04.2025 20:00;10;3.3
Lillehammer - Sætherengen;SN12680;21.04.2025 21:00;9.4;2.8
Lillehammer - Sætherengen;SN12680;21.04.2025 22:00;8.8;2.4
Lillehammer - Sætherengen;SN12680;21.04.2025 23:00;8.3;2
Lillehammer - Sætherengen;SN12680;22.04.2025 00:00;7.9;1.7
Lillehammer - Sætherengen;SN12680;22.04.2025 01:00;7.5;1
Lillehammer - Sætherengen;SN12680;22.04.2025 02:00;7.1;1.5
Lillehammer - Sætherengen;SN12680;22.04.2025 03:00;6;1.1
Lillehammer - Sætherengen;SN12680;22.04.2025 04:00;5.3;0
Lillehammer - Sætherengen;SN12680;22.04.2025 05:00;5.3;0
Lillehammer - Sætherengen;SN12680;22.04.2025 06:00;5.5;0.7
Lillehammer - Sætherengen;SN12680;22.04.2025 07:00;5.4;1.3
Lillehammer - Sætherengen;SN12680;22.04.2025 08:00;5.4;2.2
Lillehammer - Sætherengen;SN12680;22.04.2025 09:00;5.4;2.4
Lillehammer - Sætherengen;SN12680;22.04.2025 10:00;5.5;2
Lillehammer - Sætherengen;SN12680;22.04.2025 11:00;5.9;1.9
Lillehammer - Sætherengen;SN12680;22.04.2025 12:00;6.4;2
Lillehammer - Sætherengen;SN12680;22.04.2025 13:00;7.8;1.4
Lillehammer - Sætherengen;SN12680;22.04.2025 14:00;7.9;1.9
Lillehammer - Sætherengen;SN12680;22.04.2025 15:00;8.4;2.3
Lillehammer - Sætherengen;SN12680;22.04.2025 16:00;7.8;2.6
Lillehammer - Sætherengen;SN12680;22.04.2025 17:00;7.8;2.6
Lillehammer - Sætherengen;SN12680;22.04.2025 18:00;6.8;1.8
Lillehammer - Sætherengen;SN12680;22.04.2025 19:00;6.6;0.8
Lillehammer - Sætherengen;SN12680;22.04.2025 20:00;6;0.6
Lillehammer - Sætherengen;SN12680;22.04.2025 21:00;5.8;0
Lillehammer - Sætherengen;SN12680;22.04.2025 22:00;5.6;0
Lillehammer - Sætherengen;SN12680;22.04.2025 23:00;5.5;0.6
Lillehammer - Sætherengen;SN12680;23.04.2025 00:00;5.2;0
Lillehammer - Sætherengen;SN12680;23.04.2025 01:00;5;0.6
Lillehammer - Sætherengen;SN12680;23.04.2025 02:00;5.1;1.1
Lillehammer - Sætherengen;SN12680;23.04.2025 03:00;5.1;1.4
Lillehammer - Sætherengen;SN12680;23.04.2025 04:00;5.4;1.7
Lillehammer - Sætherengen;SN12680;23.04.2025 05:00;4.9;1.5
Lillehammer - Sætherengen;SN12680;23.04.2025 06:00;4.8;2.7
Lillehammer - Sætherengen;SN12680;23.04.2025 07:00;4.9;0.4
Lillehammer - Sætherengen;SN12680;23.04.2025 08:00;7.7;1.1
Lillehammer - Sætherengen;SN12680;23.04.2025 09:00;8.7;2.2
Lillehammer - Sætherengen;SN12680;23.04.2025 10:00;9.2;2.2
Lillehammer - Sætherengen;SN12680;23.04.2025 11:00;10.3;3.2
Lillehammer - Sætherengen;SN12680;23.04.2025 12:00;10.5;2.3
Lillehammer - Sætherengen;SN12680;23.04.2025 13:00;10.4;3.2
Lillehammer - Sætherengen;SN12680;23.04.2025 14:00;10.9;1.9
Lillehammer - Sætherengen;SN12680;23.04.2025 15:00;10.6;2.3
Lillehammer - Sætherengen;SN12680;23.04.2025 16:00;10.8;2.5
Lillehammer - Sætherengen;SN12680;23.04.2025 17:00;9.9;3.2
Lillehammer - Sætherengen;SN12680;23.04.2025 18:00;9.4;3.6
Lillehammer - Sætherengen;SN12680;23.04.2025 19:00;8.4;3.6
Lillehammer - Sætherengen;SN12680;23.04.2025 20:00;6.9;3.4
Lillehammer - Sætherengen;SN12680;23.04.2025 21:00;4.1;0.6
Lillehammer - Sætherengen;SN12680;23.04.2025 22:00;3.6;1.6
Lillehammer - Sætherengen;SN12680;23.04.2025 23:00;2.3;0.9
Lillehammer - Sætherengen;SN12680;24.04.2025 00:00;2.1;1.5
Lillehammer - Sætherengen;SN12680;24.04.2025 01:00;2.8;1.2
Lillehammer - Sætherengen;SN12680;24.04.2025 02:00;2.6;0.8
Lillehammer - Sætherengen;SN12680;24.04.2025 03:00;1.8;0.7
Lillehammer - Sætherengen;SN12680;24.04.2025 04:00;2;0.9
Lillehammer - Sætherengen;SN12680;24.04.2025 05:00;2.4;0
Lillehammer - Sætherengen;SN12680;24.04.2025 06:00;2.1;0.6
Lillehammer - Sætherengen;SN12680;24.04.2025 07:00;3;0.7
Lillehammer - Sætherengen;SN12680;24.04.2025 08:00;3.9;0.6
Lillehammer - Sætherengen;SN12680;24.04.2025 09:00;4.8;0.8
Lillehammer - Sætherengen;SN12680;24.04.2025 10:00;6.5;1.1
Lillehammer - Sætherengen;SN12680;24.04.2025 11:00;8.1;1
Lillehammer - Sætherengen;SN12680;24.04.2025 12:00;9.1;2.4
Lillehammer - Sætherengen;SN12680;24.04.2025 13:00;10.6;2.8
Lillehammer - Sætherengen;SN12680;24.04.2025 14:00;10.1;5
Lillehammer - Sætherengen;SN12680;24.04.2025 15:00;10.7;3.8
Lillehammer - Sætherengen;SN12680;24.04.2025 16:00;9.6;4.6
Lillehammer - Sætherengen;SN12680;24.04.2025 17:00;8.9;5
Lillehammer - Sætherengen;SN12680;24.04.2025 18:00;8;5.7
Lillehammer - Sætherengen;SN12680;24.04.2025 19:00;6.7;5.4
Lillehammer - Sætherengen;SN12680;24.04.2025 20:00;5.3;2.8
Lillehammer - Sætherengen;SN12680;24.04.2025 21:00;3.7;1.6
Lillehammer - Sætherengen;SN12680;24.04.2025 22:00;2.1;0.8
Lillehammer - Sætherengen;SN12680;24.04.2025 23:00;2.2;1.6
Lillehammer - Sætherengen;SN12680;25.04.2025 00:00;1.3;1.2
Lillehammer - Sætherengen;SN12680;25.04.2025 01:00;0.4;0.7
Lillehammer - Sætherengen;SN12680;25.04.2025 02:00;0;1
Lillehammer - Sætherengen;SN12680;25.04.2025 03:00;-0.1;0.6
Lillehammer - Sætherengen;SN12680;25.04.2025 04:00;-0.6;1.1
Lillehammer - Sætherengen;SN12680;25.04.2025 05:00;-0.9;0.9
Lillehammer - Sætherengen;SN12680;25.04.2025 06:00;-0.5;1.2
Lillehammer - Sætherengen;SN12680;25.04.2025 07:00;0.5;1.1
Lillehammer - Sætherengen;SN12680;25.04.2025 08:00;2.4;1.4
Lillehammer - Sætherengen;SN12680;25.04.2025 09:00;4.4;0.7
Lillehammer - Sætherengen;SN12680;25.04.2025 10:00;5.6;1.1
Lillehammer - Sætherengen;SN12680;25.04.2025 11:00;6.7;1.2
Lillehammer - Sætherengen;SN12680;25.04.2025 12:00;7.2;1.8
Lillehammer - Sætherengen;SN12680;25.04.2025 13:00;8.4;1.5
Lillehammer - Sætherengen;SN12680;25.04.2025 14:00;9.2;2.2
Lillehammer - Sætherengen;SN12680;25.04.2025 15:00;9.6;2.7
Lillehammer - Sætherengen;SN12680;25.04.2025 16:00;10.1;2.7
Lillehammer - Sætherengen;SN12680;25.04.2025 17:00;10.5;3.3
Lillehammer - Sætherengen;SN12680;25.04.2025 18:00;10;2.1
Lillehammer - Sætherengen;SN12680;25.04.2025 19:00;8.6;1.2
Lillehammer - Sætherengen;SN12680;25.04.2025 20:00;6.9;0.5
Lillehammer - Sætherengen;SN12680;25.04.2025 21:00;5.4;0.9
Lillehammer - Sætherengen;SN12680;25.04.2025 22:00;3.5;0.6
Lillehammer - Sætherengen;SN12680;25.04.2025 23:00;2.5;0.6
Lillehammer - Sætherengen;SN12680;26.04.2025 00:00;1.6;1
Lillehammer - Sætherengen;SN12680;26.04.2025 01:00;0.6;0.5
Lillehammer - Sætherengen;SN12680;26.04.2025 02:00;0.2;1
Lillehammer - Sætherengen;SN12680;26.04.2025 03:00;-1.1;0.5
Lillehammer - Sætherengen;SN12680;26.04.2025 04:00;-1;1
Lillehammer - Sætherengen;SN12680;26.04.2025 05:00;-1.7;0.5
Lillehammer - Sætherengen;SN12680;26.04.2025 06:00;-1.4;0.7
Lillehammer - Sætherengen;SN12680;26.04.2025 07:00;0;0.5
Lillehammer - Sætherengen;SN12680;26.04.2025 08:00;3.2;0.6
Lillehammer - Sætherengen;SN12680;26.04.2025 09:00;5;1.4
Lillehammer - Sætherengen;SN12680;26.04.2025 10:00;6.4;2.8
Lillehammer - Sætherengen;SN12680;26.04.2025 11:00;8;3.1
Lillehammer - Sætherengen;SN12680;26.04.2025 12:00;9.6;2.8
Lillehammer - Sætherengen;SN12680;26.04.2025 13:00;10.7;2.4
Lillehammer - Sætherengen;SN12680;26.04.2025 14:00;11.8;2.5
Lillehammer - Sætherengen;SN12680;26.04.2025 15:00;12.9;2.7
Lillehammer - Sætherengen;SN12680;26.04.2025 16:00;13.6;2.6
Lillehammer - Sætherengen;SN12680;26.04.2025 17:00;13.4;3.9
Lillehammer - Sætherengen;SN12680;26.04.2025 18:00;13.1;3.2
Lillehammer - Sætherengen;SN12680;26.04.2025 19:00;12.3;2.7
Lillehammer - Sætherengen;SN12680;26.04.2025 20:00;9.2;0.5
Lillehammer - Sætherengen;SN12680;26.04.2025 21:00;8.5;0.5
Lillehammer - Sætherengen;SN12680;26.04.2025 22:00;7.5;0.8
Lillehammer - Sætherengen;SN12680;26.04.2025 23:00;5.4;1
Lillehammer - Sætherengen;SN12680;27.04.2025 00:00;4.8;0.8
Lillehammer - Sætherengen;SN12680;27.04.2025 01:00;3.3;0.6
Lillehammer - Sætherengen;SN12680;27.04.2025 02:00;2.6;0
Lillehammer - Sætherengen;SN12680;27.04.2025 03:00;1.7;0.6
Lillehammer - Sætherengen;SN12680;27.04.2025 04:00;1.9;1.3
Lillehammer - Sætherengen;SN12680;27.04.2025 05:00;0.9;0.3
Lillehammer - Sætherengen;SN12680;27.04.2025 06:00;1.3;0.5
Lillehammer - Sætherengen;SN12680;27.04.2025 07:00;2.8;0.4
Lillehammer - Sætherengen;SN12680;27.04.2025 08:00;4.3;0.8
Lillehammer - Sætherengen;SN12680;27.04.2025 09:00;6.2;1.4
Lillehammer - Sætherengen;SN12680;27.04.2025 10:00;7.2;2.6
Lillehammer - Sætherengen;SN12680;27.04.2025 11:00;8.9;2.3
Lillehammer - Sætherengen;SN12680;27.04.2025 12:00;12.1;2.9
Lillehammer - Sætherengen;SN12680;27.04.2025 13:00;14;2.3
Lillehammer - Sætherengen;SN12680;27.04.2025 14:00;15.8;3.3
Lillehammer - Sætherengen;SN12680;27.04.2025 15:00;16.2;3.5
Lillehammer - Sætherengen;SN12680;27.04.2025 16:00;15.9;3
Lillehammer - Sætherengen;SN12680;27.04.2025 17:00;16.1;4.2
Lillehammer - Sætherengen;SN12680;27.04.2025 18:00;15;3.2
Lillehammer - Sætherengen;SN12680;27.04.2025 19:00;13.9;4.1
Lillehammer - Sætherengen;SN12680;27.04.2025 20:00;13;3.5
Lillehammer - Sætherengen;SN12680;27.04.2025 21:00;9;1.5
Lillehammer - Sætherengen;SN12680;27.04.2025 22:00;8.9;1.7
Lillehammer - Sætherengen;SN12680;27.04.2025 23:00;7.9;2.1
Lillehammer - Sætherengen;SN12680;28.04.2025 00:00;7.6;1.9
Lillehammer - Sætherengen;SN12680;28.04.2025 01:00;7.3;0.7
Lillehammer - Sætherengen;SN12680;28.04.2025 02:00;6.6;1.2
Lillehammer - Sætherengen;SN12680;28.04.2025 03:00;6.3;0.6
Lillehammer - Sætherengen;SN12680;28.04.2025 04:00;6.2;0.7
Lillehammer - Sætherengen;SN12680;28.04.2025 05:00;6.1;0.9
Lillehammer - Sætherengen;SN12680;28.04.2025 06:00;5.9;0.6
Lillehammer - Sætherengen;SN12680;28.04.2025 07:00;5.9;0.4
Lillehammer - Sætherengen;SN12680;28.04.2025 08:00;6.4;0.8
Lillehammer - Sætherengen;SN12680;28.04.2025 09:00;7.2;1.2
Lillehammer - Sætherengen;SN12680;28.04.2025 10:00;9.5;1.4
Lillehammer - Sætherengen;SN12680;28.04.2025 11:00;12.1;1.5
Lillehammer - Sætherengen;SN12680;28.04.2025 12:00;14;2
Lillehammer - Sætherengen;SN12680;28.04.2025 13:00;16.3;5.5
Lillehammer - Sætherengen;SN12680;28.04.2025 14:00;16.5;7
Lillehammer - Sætherengen;SN12680;28.04.2025 15:00;16.3;7.4
Lillehammer - Sætherengen;SN12680;28.04.2025 16:00;16.2;5.8
Lillehammer - Sætherengen;SN12680;28.04.2025 17:00;15.8;3.6
Lillehammer - Sætherengen;SN12680;28.04.2025 18:00;15.1;3.4
Lillehammer - Sætherengen;SN12680;28.04.2025 19:00;14;2.2
Lillehammer - Sætherengen;SN12680;28.04.2025 20:00;11.9;1.8
Lillehammer - Sætherengen;SN12680;28.04.2025 21:00;10.7;1.2
Lillehammer - Sætherengen;SN12680;28.04.2025 22:00;9.1;0.9
Lillehammer - Sætherengen;SN12680;28.04.2025 23:00;7.5;0.7
Lillehammer - Sætherengen;SN12680;29.04.2025 00:00;7.7;1.1
Lillehammer - Sætherengen;SN12680;29.04.2025 01:00;6.1;0.9
Lillehammer - Sætherengen;SN12680;29.04.2025 02:00;5.4;1.3
Lillehammer - Sætherengen;SN12680;29.04.2025 03:00;4.3;1.1
Lillehammer - Sætherengen;SN12680;29.04.2025 04:00;4.3;1.4
Lillehammer - Sætherengen;SN12680;29.04.2025 05:00;4;1.4
Lillehammer - Sætherengen;SN12680;29.04.2025 06:00;4.3;0.8
Lillehammer - Sætherengen;SN12680;29.04.2025 07:00;5.4;0.8
Lillehammer - Sætherengen;SN12680;29.04.2025 08:00;9.5;1.2
Lillehammer - Sætherengen;SN12680;29.04.2025 09:00;8.9;2
Lillehammer - Sætherengen;SN12680;29.04.2025 10:00;10.2;0.8
Lillehammer - Sætherengen;SN12680;29.04.2025 11:00;13;1.2
Lillehammer - Sætherengen;SN12680;29.04.2025 12:00;14.5;0.4
Lillehammer - Sætherengen;SN12680;29.04.2025 13:00;15.2;1
Lillehammer - Sætherengen;SN12680;29.04.2025 14:00;14.7;2.1
Lillehammer - Sætherengen;SN12680;29.04.2025 15:00;15.6;1.9
Lillehammer - Sætherengen;SN12680;29.04.2025 16:00;15.1;0.9
Lillehammer - Sætherengen;SN12680;29.04.2025 17:00;14;3.8
Lillehammer - Sætherengen;SN12680;29.04.2025 18:00;11.2;2.1
Lillehammer - Sætherengen;SN12680;29.04.2025 19:00;11.7;1.7
Lillehammer - Sætherengen;SN12680;29.04.2025 20:00;9.5;0.5
Lillehammer - Sætherengen;SN12680;29.04.2025 21:00;8.3;1.2
Lillehammer - Sætherengen;SN12680;29.04.2025 22:00;7.6;1.2
Lillehammer - Sætherengen;SN12680;29.04.2025 23:00;6.9;1.7
Lillehammer - Sætherengen;SN12680;30.04.2025 00:00;5.9;2.4
Lillehammer - Sætherengen;SN12680;30.04.2025 01:00;5.9;1.5
Lillehammer - Sætherengen;SN12680;30.04.2025 02:00;5.3;1
Lillehammer - Sætherengen;SN12680;30.04.2025 03:00;4.9;1.2
Lillehammer - Sætherengen;SN12680;30.04.2025 04:00;4.8;2.2
Lillehammer - Sætherengen;SN12680;30.04.2025 05:00;3.4;0.9
Lillehammer - Sætherengen;SN12680;30.04.2025 06:00;3.4;1.2
Lillehammer - Sætherengen;SN12680;30.04.2025 07:00;5.3;0.7
Lillehammer - Sætherengen;SN12680;30.04.2025 08:00;8.7;0.8
Lillehammer - Sætherengen;SN12680;30.04.2025 09:00;10.3;0.9
Lillehammer - Sætherengen;SN12680;30.04.2025 10:00;11.9;1.6
Lillehammer - Sætherengen;SN12680;30.04.2025 11:00;12.4;3.3
Lillehammer - Sætherengen;SN12680;30.04.2025 12:00;13.1;4.1
Lillehammer - Sætherengen;SN12680;30.04.2025 13:00;13.9;3.9
Lillehammer - Sætherengen;SN12680;30.04.2025 14:00;13.9;1.7
Lillehammer - Sætherengen;SN12680;30.04.2025 15:00;14.4;3.1
Lillehammer - Sætherengen;SN12680;30.04.2025 16:00;14.7;2.3
Lillehammer - Sætherengen;SN12680;30.04.2025 17:00;14.7;2
Lillehammer - Sætherengen;SN12680;30.04.2025 18:00;14.2;1.6
Lillehammer - Sætherengen;SN12680;30.04.2025 19:00;12.4;1.8
Lillehammer - Sætherengen;SN12680;30.04.2025 20:00;11.5;1.7
Lillehammer - Sætherengen;SN12680;30.04.2025 21:00;10.6;0.9
Lillehammer - Sætherengen;SN12680;30.04.2025 22:00;9.5;0.6
Lillehammer - Sætherengen;SN12680;30.04.2025 23:00;9.4;1.2
Lillehammer - Sætherengen;SN12680;01.05.2025 00:00;8.8;0.9
Lillehammer - Sætherengen;SN12680;01.05.2025 01:00;8.4;1
Lillehammer - Sætherengen;SN12680;01.05.2025 02:00;6.7;1.4
Lillehammer - Sætherengen;SN12680;01.05.2025 03:00;6.3;0.5
Lillehammer - Sætherengen;SN12680;01.05.2025 04:00;6.1;0.7
Lillehammer - Sætherengen;SN12680;01.05.2025 05:00;5.9;0.6
Lillehammer - Sætherengen;SN12680;01.05.2025 06:00;6;0.3
Lillehammer - Sætherengen;SN12680;01.05.2025 07:00;6.4;1
Lillehammer - Sætherengen;SN12680;01.05.2025 08:00;7.1;0.6
Lillehammer - Sætherengen;SN12680;01.05.2025 09:00;9;1
Lillehammer - Sætherengen;SN12680;01.05.2025 10:00;9.8;1.5
Lillehammer - Sætherengen;SN12680;01.05.2025 11:00;11.2;2.2
Lillehammer - Sætherengen;SN12680;01.05.2025 12:00;13.3;1.1
Lillehammer - Sætherengen;SN12680;01.05.2025 13:00;15;2.1
Lillehammer - Sætherengen;SN12680;01.05.2025 14:00;16.5;2.8
Lillehammer - Sætherengen;SN12680;01.05.2025 15:00;16.3;4.9
Lillehammer - Sætherengen;SN12680;01.05.2025 16:00;13;3.6
Lillehammer - Sætherengen;SN12680;01.05.2025 17:00;12.5;0
Lillehammer - Sætherengen;SN12680;01.05.2025 18:00;12;2
Lillehammer - Sætherengen;SN12680;01.05.2025 19:00;12.3;0.7
Lillehammer - Sætherengen;SN12680;01.05.2025 20:00;11.3;1
Lillehammer - Sætherengen;SN12680;01.05.2025 21:00;10.7;0.8
Lillehammer - Sætherengen;SN12680;01.05.2025 22:00;10.3;1
Lillehammer - Sætherengen;SN12680;01.05.2025 23:00;10.1;0.7
Lillehammer - Sætherengen;SN12680;02.05.2025 00:00;9.9;0.9
Lillehammer - Sætherengen;SN12680;02.05.2025 01:00;10.2;2.5
Lillehammer - Sætherengen;SN12680;02.05.2025 02:00;9.7;1.5
Lillehammer - Sætherengen;SN12680;02.05.2025 03:00;9.5;1.7
Lillehammer - Sætherengen;SN12680;02.05.2025 04:00;8;1.6
Lillehammer - Sætherengen;SN12680;02.05.2025 05:00;7.2;1.5
Lillehammer - Sætherengen;SN12680;02.05.2025 06:00;7.8;0.8
Lillehammer - Sætherengen;SN12680;02.05.2025 07:00;8.5;3.1
Lillehammer - Sætherengen;SN12680;02.05.2025 08:00;9.7;2.1
Lillehammer - Sætherengen;SN12680;02.05.2025 09:00;10.3;1.1
Lillehammer - Sætherengen;SN12680;02.05.2025 10:00;11.7;4.7
Lillehammer - Sætherengen;SN12680;02.05.2025 11:00;11.6;5.1
Lillehammer - Sætherengen;SN12680;02.05.2025 12:00;12.4;5.4
Lillehammer - Sætherengen;SN12680;02.05.2025 13:00;12.9;5.2
Lillehammer - Sætherengen;SN12680;02.05.2025 14:00;13.2;6.1
Lillehammer - Sætherengen;SN12680;02.05.2025 15:00;13.4;4.7
Lillehammer - Sætherengen;SN12680;02.05.2025 16:00;12.8;5.7
Lillehammer - Sætherengen;SN12680;02.05.2025 17:00;13;3.5
Lillehammer - Sætherengen;SN12680;02.05.2025 18:00;12.4;4.2
Lillehammer - Sætherengen;SN12680;02.05.2025 19:00;11.8;4
Lillehammer - Sætherengen;SN12680;02.05.2025 20:00;9.7;2.7
Lillehammer - Sætherengen;SN12680;02.05.2025 21:00;7.9;0.9
Lillehammer - Sætherengen;SN12680;02.05.2025 22:00;6.6;0.5
Lillehammer - Sætherengen;SN12680;02.05.2025 23:00;5.7;1.5
Lillehammer - Sætherengen;SN12680;03.05.2025 00:00;4.2;0.5
Lillehammer - Sætherengen;SN12680;03.05.2025 01:00;2.9;1.1
Lillehammer - Sætherengen;SN12680;03.05.2025 02:00;2.9;1
Lillehammer - Sætherengen;SN12680;03.05.2025 03:00;1.7;1.6
Lillehammer - Sætherengen;SN12680;03.05.2025 04:00;1.7;1
Lillehammer - Sætherengen;SN12680;03.05.2025 05:00;1.3;0.7
Lillehammer - Sætherengen;SN12680;03.05.2025 06:00;3.2;1
Lillehammer - Sætherengen;SN12680;03.05.2025 07:00;5.1;1.3
Lillehammer - Sætherengen;SN12680;03.05.2025 08:00;7.9;0.7
Lillehammer - Sætherengen;SN12680;03.05.2025 09:00;9.7;1.8
Lillehammer - Sætherengen;SN12680;03.05.2025 10:00;10.3;2
Lillehammer - Sætherengen;SN12680;03.05.2025 11:00;11;1.9
Lillehammer - Sætherengen;SN12680;03.05.2025 12:00;11.5;1.9
Lillehammer - Sætherengen;SN12680;03.05.2025 13:00;11.9;2.4
Lillehammer - Sætherengen;SN12680;03.05.2025 14:00;12;2.7
Lillehammer - Sætherengen;SN12680;03.05.2025 15:00;11.5;2.4
Lillehammer - Sætherengen;SN12680;03.05.2025 16:00;10.7;4.4
Lillehammer - Sætherengen;SN12680;03.05.2025 17:00;10.9;4.2
Lillehammer - Sætherengen;SN12680;03.05.2025 18:00;9.4;5.9
Lillehammer - Sætherengen;SN12680;03.05.2025 19:00;8.4;5.6
Lillehammer - Sætherengen;SN12680;03.05.2025 20:00;7.8;5.8
Lillehammer - Sætherengen;SN12680;03.05.2025 21:00;6.5;3.8
Lillehammer - Sætherengen;SN12680;03.05.2025 22:00;5.4;3.6
Lillehammer - Sætherengen;SN12680;03.05.2025 23:00;4.3;3.1
Lillehammer - Sætherengen;SN12680;04.05.2025 00:00;3.4;5.1
Lillehammer - Sætherengen;SN12680;04.05.2025 01:00;2.8;3.8
Lillehammer - Sætherengen;SN12680;04.05.2025 02:00;2.4;3.9
Lillehammer - Sætherengen;SN12680;04.05.2025 03:00;1.9;3.7
Lillehammer - Sætherengen;SN12680;04.05.2025 04:00;1.2;2.6
Lillehammer - Sætherengen;SN12680;04.05.2025 05:00;1.8;4.1
Lillehammer - Sætherengen;SN12680;04.05.2025 06:00;2.7;4.9
Lillehammer - Sætherengen;SN12680;04.05.2025 07:00;3.1;6.9
Lillehammer - Sætherengen;SN12680;04.05.2025 08:00;4.4;7.5
Lillehammer - Sætherengen;SN12680;04.05.2025 09:00;4.8;8.5
Lillehammer - Sætherengen;SN12680;04.05.2025 10:00;5.1;7.6
Lillehammer - Sætherengen;SN12680;04.05.2025 11:00;6.7;8.1
Lillehammer - Sætherengen;SN12680;04.05.2025 12:00;7.1;4.4
Lillehammer - Sætherengen;SN12680;04.05.2025 13:00;7.9;3.3
Lillehammer - Sætherengen;SN12680;04.05.2025 14:00;7.9;6.4
Lillehammer - Sætherengen;SN12680;04.05.2025 15:00;8.5;5.5
Lillehammer - Sætherengen;SN12680;04.05.2025 16:00;8.8;5.3
Lillehammer - Sætherengen;SN12680;04.05.2025 17:00;7.8;2.2
Lillehammer - Sætherengen;SN12680;04.05.2025 18:00;8;5.3
Lillehammer - Sætherengen;SN12680;04.05.2025 19:00;7;5.4
Lillehammer - Sætherengen;SN12680;04.05.2025 20:00;6.1;5.7
Lillehammer - Sætherengen;SN12680;04.05.2025 21:00;4.8;3.3
Lillehammer - Sætherengen;SN12680;04.05.2025 22:00;3;0.8
Lillehammer - Sætherengen;SN12680;04.05.2025 23:00;2.3;1.4
Lillehammer - Sætherengen;SN12680;05.05.2025 00:00;2.1;2.3
Lillehammer - Sætherengen;SN12680;05.05.2025 01:00;0.9;0.6
Lillehammer - Sætherengen;SN12680;05.05.2025 02:00;1.1;1.4
Lillehammer - Sætherengen;SN12680;05.05.2025 03:00;0.4;0.7
Lillehammer - Sætherengen;SN12680;05.05.2025 04:00;0.2;0.4
Lillehammer - Sætherengen;SN12680;05.05.2025 05:00;0.6;0.8
Lillehammer - Sætherengen;SN12680;05.05.2025 06:00;1.6;1.1
Lillehammer - Sætherengen;SN12680;05.05.2025 07:00;1.8;1
Lillehammer - Sætherengen;SN12680;05.05.2025 08:00;3.1;0.8
Lillehammer - Sætherengen;SN12680;05.05.2025 09:00;4.7;0.9
Lillehammer - Sætherengen;SN12680;05.05.2025 10:00;5.2;1.3
Lillehammer - Sætherengen;SN12680;05.05.2025 11:00;6.1;0.8
Lillehammer - Sætherengen;SN12680;05.05.2025 12:00;7.5;1.4
Lillehammer - Sætherengen;SN12680;05.05.2025 13:00;7.6;1.4
Lillehammer - Sætherengen;SN12680;05.05.2025 14:00;10.5;1.3
Lillehammer - Sætherengen;SN12680;05.05.2025 15:00;10.7;1.8
Lillehammer - Sætherengen;SN12680;05.05.2025 16:00;13.3;0.9
Lillehammer - Sætherengen;SN12680;05.05.2025 17:00;13.1;3.8
Lillehammer - Sætherengen;SN12680;05.05.2025 18:00;11.7;7.4
Lillehammer - Sætherengen;SN12680;05.05.2025 19:00;9.5;6.4
Lillehammer - Sætherengen;SN12680;05.05.2025 20:00;8;4.7
Lillehammer - Sætherengen;SN12680;05.05.2025 21:00;6.9;2.1
Lillehammer - Sætherengen;SN12680;05.05.2025 22:00;5.9;2.1
Lillehammer - Sætherengen;SN12680;05.05.2025 23:00;5.9;2.2
Lillehammer - Sætherengen;SN12680;06.05.2025 00:00;4.6;1.4
Lillehammer - Sætherengen;SN12680;06.05.2025 01:00;4.5;1.1
Lillehammer - Sætherengen;SN12680;06.05.2025 02:00;3.1;0.8
Lillehammer - Sætherengen;SN12680;06.05.2025 03:00;2.7;1.7
Lillehammer - Sætherengen;SN12680;06.05.2025 04:00;1.3;1
Lillehammer - Sætherengen;SN12680;06.05.2025 05:00;2.1;1
Lillehammer - Sætherengen;SN12680;06.05.2025 06:00;3.1;0.9
Lillehammer - Sætherengen;SN12680;06.05.2025 07:00;4.6;0.7
Lillehammer - Sætherengen;SN12680;06.05.2025 08:00;5.9;0.7
Lillehammer - Sætherengen;SN12680;06.05.2025 09:00;7.3;3.7
Lillehammer - Sætherengen;SN12680;06.05.2025 10:00;8.1;3.7
Lillehammer - Sætherengen;SN12680;06.05.2025 11:00;9.8;3.8
Lillehammer - Sætherengen;SN12680;06.05.2025 12:00;10.7;3.2
Lillehammer - Sætherengen;SN12680;06.05.2025 13:00;11.1;2.7
Lillehammer - Sætherengen;SN12680;06.05.2025 14:00;12.3;1.5
Lillehammer - Sætherengen;SN12680;06.05.2025 15:00;12.9;3.6
Lillehammer - Sætherengen;SN12680;06.05.2025 16:00;12.9;3.7
Lillehammer - Sætherengen;SN12680;06.05.2025 17:00;11.7;4.7
Lillehammer - Sætherengen;SN12680;06.05.2025 18:00;10.9;4.3
Lillehammer - Sætherengen;SN12680;06.05.2025 19:00;11.2;3.5
Lillehammer - Sætherengen;SN12680;06.05.2025 20:00;9.8;3.1
Lillehammer - Sætherengen;SN12680;06.05.2025 21:00;7.4;2.6
Lillehammer - Sætherengen;SN12680;06.05.2025 22:00;6.2;2.2
Lillehammer - Sætherengen;SN12680;06.05.2025 23:00;4.4;1
Lillehammer - Sætherengen;SN12680;07.05.2025 00:00;3.2;0.8
Lillehammer - Sætherengen;SN12680;07.05.2025 01:00;2.3;1.3
Lillehammer - Sætherengen;SN12680;07.05.2025 02:00;1.7;0.7
Lillehammer - Sætherengen;SN12680;07.05.2025 03:00;0.4;0.6
Lillehammer - Sætherengen;SN12680;07.05.2025 04:00;0.5;0.6
Lillehammer - Sætherengen;SN12680;07.05.2025 05:00;0.3;0.9
Lillehammer - Sætherengen;SN12680;07.05.2025 06:00;2.1;1.6
Lillehammer - Sætherengen;SN12680;07.05.2025 07:00;2.6;0.7
Lillehammer - Sætherengen;SN12680;07.05.2025 08:00;4.8;1.3
Lillehammer - Sætherengen;SN12680;07.05.2025 09:00;6.9;1.2
Lillehammer - Sætherengen;SN12680;07.05.2025 10:00;8;1.8
Lillehammer - Sætherengen;SN12680;07.05.2025 11:00;8.9;1.8
Lillehammer - Sætherengen;SN12680;07.05.2025 12:00;10.4;2.1
Lillehammer - Sætherengen;SN12680;07.05.2025 13:00;13;1.4
Lillehammer - Sætherengen;SN12680;07.05.2025 14:00;14.5;1.3
Lillehammer - Sætherengen;SN12680;07.05.2025 15:00;15.1;2.3
Lillehammer - Sætherengen;SN12680;07.05.2025 16:00;16.4;0.6
Lillehammer - Sætherengen;SN12680;07.05.2025 17:00;14.3;0.9
Lillehammer - Sætherengen;SN12680;07.05.2025 18:00;14.6;2.8
Lillehammer - Sætherengen;SN12680;07.05.2025 19:00;13.3;3.1
Lillehammer - Sætherengen;SN12680;07.05.2025 20:00;11.5;0.9
Lillehammer - Sætherengen;SN12680;07.05.2025 21:00;10.1;0.6
Lillehammer - Sætherengen;SN12680;07.05.2025 22:00;9.7;0.7
Lillehammer - Sætherengen;SN12680;07.05.2025 23:00;8.9;0.8
Lillehammer - Sætherengen;SN12680;08.05.2025 00:00;8.5;0.7
Lillehammer - Sætherengen;SN12680;08.05.2025 01:00;8.1;0.5
Lillehammer - Sætherengen;SN12680;08.05.2025 02:00;7.5;0.6
Lillehammer - Sætherengen;SN12680;08.05.2025 03:00;7.3;0.5
Lillehammer - Sætherengen;SN12680;08.05.2025 04:00;7.3;0.7
Lillehammer - Sætherengen;SN12680;08.05.2025 05:00;7.1;0
Lillehammer - Sætherengen;SN12680;08.05.2025 06:00;7.4;0.5
Lillehammer - Sætherengen;SN12680;08.05.2025 07:00;8;0.5
Lillehammer - Sætherengen;SN12680;08.05.2025 08:00;9;1.1
Lillehammer - Sætherengen;SN12680;08.05.2025 09:00;10.1;0.8
Lillehammer - Sætherengen;SN12680;08.05.2025 10:00;10.9;1.5
Lillehammer - Sætherengen;SN12680;08.05.2025 11:00;11.4;2
Lillehammer - Sætherengen;SN12680;08.05.2025 12:00;14.6;1.1
Lillehammer - Sætherengen;SN12680;08.05.2025 13:00;15;1.1
Lillehammer - Sætherengen;SN12680;08.05.2025 14:00;16.3;1.1
Lillehammer - Sætherengen;SN12680;08.05.2025 15:00;16.3;1
Lillehammer - Sætherengen;SN12680;08.05.2025 16:00;16.5;1.8
Lillehammer - Sætherengen;SN12680;08.05.2025 17:00;16;1.6
Lillehammer - Sætherengen;SN12680;08.05.2025 18:00;15.5;1
Lillehammer - Sætherengen;SN12680;08.05.2025 19:00;12.5;1
Lillehammer - Sætherengen;SN12680;08.05.2025 20:00;13.2;2
Lillehammer - Sætherengen;SN12680;08.05.2025 21:00;11.7;1.1
Lillehammer - Sætherengen;SN12680;08.05.2025 22:00;11.2;0.9
Lillehammer - Sætherengen;SN12680;08.05.2025 23:00;10.9;0.8
Lillehammer - Sætherengen;SN12680;09.05.2025 00:00;10.3;0.8
Lillehammer - Sætherengen;SN12680;09.05.2025 01:00;9.9;0.9
Lillehammer - Sætherengen;SN12680;09.05.2025 02:00;9.3;0.4
Lillehammer - Sætherengen;SN12680;09.05.2025 03:00;8.9;0.9
Lillehammer - Sætherengen;SN12680;09.05.2025 04:00;8.4;0.9
Lillehammer - Sætherengen;SN12680;09.05.2025 05:00;8.3;0.6
Lillehammer - Sætherengen;SN12680;09.05.2025 06:00;8.3;0.6
Lillehammer - Sætherengen;SN12680;09.05.2025 07:00;9.5;0.5
Lillehammer - Sætherengen;SN12680;09.05.2025 08:00;10.1;0.8
Lillehammer - Sætherengen;SN12680;09.05.2025 09:00;10.9;1.1
Lillehammer - Sætherengen;SN12680;09.05.2025 10:00;12.5;1.7
Lillehammer - Sætherengen;SN12680;09.05.2025 11:00;13;2
Lillehammer - Sætherengen;SN12680;09.05.2025 12:00;14;1.7
Lillehammer - Sætherengen;SN12680;09.05.2025 13:00;15.6;2.2
Lillehammer - Sætherengen;SN12680;09.05.2025 14:00;16.4;2.3
Lillehammer - Sætherengen;SN12680;09.05.2025 15:00;17.6;1.9
Lillehammer - Sætherengen;SN12680;09.05.2025 16:00;16.1;3.5
Lillehammer - Sætherengen;SN12680;09.05.2025 17:00;15.7;3.3
Lillehammer - Sætherengen;SN12680;09.05.2025 18:00;14.4;3
Lillehammer - Sætherengen;SN12680;09.05.2025 19:00;12.4;1.6
Lillehammer - Sætherengen;SN12680;09.05.2025 20:00;12;1.6
Lillehammer - Sætherengen;SN12680;09.05.2025 21:00;11.9;1.2
Lillehammer - Sætherengen;SN12680;09.05.2025 22:00;11;0.8
Lillehammer - Sætherengen;SN12680;09.05.2025 23:00;11;0.8
Lillehammer - Sætherengen;SN12680;10.05.2025 00:00;10.9;0.7
Lillehammer - Sætherengen;SN12680;10.05.2025 01:00;10.3;0.5
Lillehammer - Sætherengen;SN12680;10.05.2025 02:00;10.1;0.8
Lillehammer - Sætherengen;SN12680;10.05.2025 03:00;9.7;0.5
Lillehammer - Sætherengen;SN12680;10.05.2025 04:00;9.9;0.7
Lillehammer - Sætherengen;SN12680;10.05.2025 05:00;9.5;0
Lillehammer - Sætherengen;SN12680;10.05.2025 06:00;10.2;0.5
Lillehammer - Sætherengen;SN12680;10.05.2025 07:00;10.4;0.6
Lillehammer - Sætherengen;SN12680;10.05.2025 08:00;11.3;1.9
Lillehammer - Sætherengen;SN12680;10.05.2025 09:00;12.3;2.2
Lillehammer - Sætherengen;SN12680;10.05.2025 10:00;12.8;2.8
Lillehammer - Sætherengen;SN12680;10.05.2025 11:00;13.7;3.3
Lillehammer - Sætherengen;SN12680;10.05.2025 12:00;15.5;2.6
Lillehammer - Sætherengen;SN12680;10.05.2025 13:00;16.6;3.3
Lillehammer - Sætherengen;SN12680;10.05.2025 14:00;17.7;3.2
Lillehammer - Sætherengen;SN12680;10.05.2025 15:00;18.4;3
Lillehammer - Sætherengen;SN12680;10.05.2025 16:00;18.4;1.9
Lillehammer - Sætherengen;SN12680;10.05.2025 17:00;18.3;2
Lillehammer - Sætherengen;SN12680;10.05.2025 18:00;17.7;3.5
Lillehammer - Sætherengen;SN12680;10.05.2025 19:00;16.1;2.4
Lillehammer - Sætherengen;SN12680;10.05.2025 20:00;14.7;1.4
Lillehammer - Sætherengen;SN12680;10.05.2025 21:00;12.9;2.4
Lillehammer - Sætherengen;SN12680;10.05.2025 22:00;11.8;1.9
Lillehammer - Sætherengen;SN12680;10.05.2025 23:00;10.7;1.3
Lillehammer - Sætherengen;SN12680;11.05.2025 00:00;9.8;2.1
Lillehammer - Sætherengen;SN12680;11.05.2025 01:00;9.4;1.3
Lillehammer - Sætherengen;SN12680;11.05.2025 02:00;8.9;0.9
Lillehammer - Sætherengen;SN12680;11.05.2025 03:00;8.7;0.6
Lillehammer - Sætherengen;SN12680;11.05.2025 04:00;8.6;0.7
Lillehammer - Sætherengen;SN12680;11.05.2025 05:00;8.8;0
Lillehammer - Sætherengen;SN12680;11.05.2025 06:00;8.7;0.8
Lillehammer - Sætherengen;SN12680;11.05.2025 07:00;9;0.9
Lillehammer - Sætherengen;SN12680;11.05.2025 08:00;9.8;0.7
Lillehammer - Sætherengen;SN12680;11.05.2025 09:00;10.4;1.2
Lillehammer - Sætherengen;SN12680;11.05.2025 10:00;11.3;1.1
Lillehammer - Sætherengen;SN12680;11.05.2025 11:00;11.5;2.2
Lillehammer - Sætherengen;SN12680;11.05.2025 12:00;14.3;3.4
Lillehammer - Sætherengen;SN12680;11.05.2025 13:00;15.7;3.5
Lillehammer - Sætherengen;SN12680;11.05.2025 14:00;16.7;2.9
Lillehammer - Sætherengen;SN12680;11.05.2025 15:00;17.5;3.1
Lillehammer - Sætherengen;SN12680;11.05.2025 16:00;18.4;2.6
Lillehammer - Sætherengen;SN12680;11.05.2025 17:00;17.7;1.6
Lillehammer - Sætherengen;SN12680;11.05.2025 18:00;18.2;1.2
Lillehammer - Sætherengen;SN12680;11.05.2025 19:00;17.1;2.4
Lillehammer - Sætherengen;SN12680;11.05.2025 20:00;16.1;1.5
Lillehammer - Sætherengen;SN12680;11.05.2025 21:00;13.7;0.8
Lillehammer - Sætherengen;SN12680;11.05.2025 22:00;12.3;0
Lillehammer - Sætherengen;SN12680;11.05.2025 23:00;10.8;0.9
Lillehammer - Sætherengen;SN12680;12.05.2025 00:00;9.7;0.6
Lillehammer - Sætherengen;SN12680;12.05.2025 01:00;8.9;0.5
Lillehammer - Sætherengen;SN12680;12.05.2025 02:00;7.9;1.2
Lillehammer - Sætherengen;SN12680;12.05.2025 03:00;8.7;0.2
Lillehammer - Sætherengen;SN12680;12.05.2025 04:00;8.5;0.5
Lillehammer - Sætherengen;SN12680;12.05.2025 05:00;8.4;0.5
Lillehammer - Sætherengen;SN12680;12.05.2025 06:00;8.5;1.2
Lillehammer - Sætherengen;SN12680;12.05.2025 07:00;8.7;1.1
Lillehammer - Sætherengen;SN12680;12.05.2025 08:00;10.5;0.4
Lillehammer - Sætherengen;SN12680;12.05.2025 09:00;12.2;1.1
Lillehammer - Sætherengen;SN12680;12.05.2025 10:00;13;2.5
Lillehammer - Sætherengen;SN12680;12.05.2025 11:00;14.7;2.5
Lillehammer - Sætherengen;SN12680;12.05.2025 12:00;15.8;3.5
Lillehammer - Sætherengen;SN12680;12.05.2025 13:00;16.9;3.1
Lillehammer - Sætherengen;SN12680;12.05.2025 14:00;17.3;3
Lillehammer - Sætherengen;SN12680;12.05.2025 15:00;18.9;2.5
Lillehammer - Sætherengen;SN12680;12.05.2025 16:00;19.6;1.4
Lillehammer - Sætherengen;SN12680;12.05.2025 17:00;19.8;2.3
Lillehammer - Sætherengen;SN12680;12.05.2025 18:00;19.2;2.3
Lillehammer - Sætherengen;SN12680;12.05.2025 19:00;19.7;2.2
Lillehammer - Sætherengen;SN12680;12.05.2025 20:00;17.4;1.7
Lillehammer - Sætherengen;SN12680;12.05.2025 21:00;15.8;3
Lillehammer - Sætherengen;SN12680;12.05.2025 22:00;13.8;2.6
Lillehammer - Sætherengen;SN12680;12.05.2025 23:00;13;2.3
Lillehammer - Sætherengen;SN12680;13.05.2025 00:00;12.6;2.5
Lillehammer - Sætherengen;SN12680;13.05.2025 01:00;11.4;1.8
Lillehammer - Sætherengen;SN12680;13.05.2025 02:00;10.2;1
Lillehammer - Sætherengen;SN12680;13.05.2025 03:00;10;1.7
Lillehammer - Sætherengen;SN12680;13.05.2025 04:00;9.9;2.1
Lillehammer - Sætherengen;SN12680;13.05.2025 05:00;10;1.1
Lillehammer - Sætherengen;SN12680;13.05.2025 06:00;10.2;0.9
Lillehammer - Sætherengen;SN12680;13.05.2025 07:00;11.3;1.5
Lillehammer - Sætherengen;SN12680;13.05.2025 08:00;13.2;1.1
Lillehammer - Sætherengen;SN12680;13.05.2025 09:00;16;1.6
Lillehammer - Sætherengen;SN12680;13.05.2025 10:00;16.5;2.3
Lillehammer - Sætherengen;SN12680;13.05.2025 11:00;17.5;1.3
Lillehammer - Sætherengen;SN12680;13.05.2025 12:00;17.9;2.8
Lillehammer - Sætherengen;SN12680;13.05.2025 13:00;18.5;1.8
Lillehammer - Sætherengen;SN12680;13.05.2025 14:00;19;4.1
Lillehammer - Sætherengen;SN12680;13.05.2025 15:00;18.2;6.6
Lillehammer - Sætherengen;SN12680;13.05.2025 16:00;17.7;6.3
Lillehammer - Sætherengen;SN12680;13.05.2025 17:00;17.1;6.8
Lillehammer - Sætherengen;SN12680;13.05.2025 18:00;16.2;6.9
Lillehammer - Sætherengen;SN12680;13.05.2025 19:00;14.8;7.1
Lillehammer - Sætherengen;SN12680;13.05.2025 20:00;13;6.2
Lillehammer - Sætherengen;SN12680;13.05.2025 21:00;11.7;5.7
Lillehammer - Sætherengen;SN12680;13.05.2025 22:00;10.7;6.2
Lillehammer - Sætherengen;SN12680;13.05.2025 23:00;9.6;6.9
Lillehammer - Sætherengen;SN12680;14.05.2025 00:00;8.7;5.6
Lillehammer - Sætherengen;SN12680;14.05.2025 01:00;7.5;4.7
Lillehammer - Sætherengen;SN12680;14.05.2025 02:00;6.1;3.5
Lillehammer - Sætherengen;SN12680;14.05.2025 03:00;5.1;4.2
Lillehammer - Sætherengen;SN12680;14.05.2025 04:00;4.5;4.1
Lillehammer - Sætherengen;SN12680;14.05.2025 05:00;4.8;3
Lillehammer - Sætherengen;SN12680;14.05.2025 06:00;4.8;3.5
Lillehammer - Sætherengen;SN12680;14.05.2025 07:00;5.7;4.2
Lillehammer - Sætherengen;SN12680;14.05.2025 08:00;6.5;3.9
Lillehammer - Sætherengen;SN12680;14.05.2025 09:00;7;4.4
Lillehammer - Sætherengen;SN12680;14.05.2025 10:00;8.4;5.6
Lillehammer - Sætherengen;SN12680;14.05.2025 11:00;9.4;5.1
Lillehammer - Sætherengen;SN12680;14.05.2025 12:00;10.5;4.4
Lillehammer - Sætherengen;SN12680;14.05.2025 13:00;11.2;6.6
Lillehammer - Sætherengen;SN12680;14.05.2025 14:00;11.8;7.3
Lillehammer - Sætherengen;SN12680;14.05.2025 15:00;11.1;7.3
Lillehammer - Sætherengen;SN12680;14.05.2025 16:00;11.1;6.6
Lillehammer - Sætherengen;SN12680;14.05.2025 17:00;10.6;-
Lillehammer - Sætherengen;SN12680;14.05.2025 18:00;9.4;8.1
Lillehammer - Sætherengen;SN12680;14.05.2025 19:00;8.7;6.3
Lillehammer - Sætherengen;SN12680;14.05.2025 20:00;7.5;5.6
Lillehammer - Sætherengen;SN12680;14.05.2025 21:00;6.3;5.4
Lillehammer - Sætherengen;SN12680;14.05.2025 22:00;5.7;5.4
Lillehammer - Sætherengen;SN12680;14.05.2025 23:00;5.5;5.7
Lillehammer - Sætherengen;SN12680;15.05.2025 00:00;5.2;4.9
Lillehammer - Sætherengen;SN12680;15.05.2025 01:00;5;5.2
Lillehammer - Sætherengen;SN12680;15.05.2025 02:00;4.9;5.9
Lillehammer - Sætherengen;SN12680;15.05.2025 03:00;4.9;5.5
Lillehammer - Sætherengen;SN12680;15.05.2025 04:00;4.9;3.3
Lillehammer - Sætherengen;SN12680;15.05.2025 05:00;5.2;2.1
Lillehammer - Sætherengen;SN12680;15.05.2025 06:00;6.8;2.8
Lillehammer - Sætherengen;SN12680;15.05.2025 07:00;8.4;4.4
Lillehammer - Sætherengen;SN12680;15.05.2025 08:00;10.9;4.7
Lillehammer - Sætherengen;SN12680;15.05.2025 09:00;13;4.1
Lillehammer - Sætherengen;SN12680;15.05.2025 10:00;14.6;5.1
Lillehammer - Sætherengen;SN12680;15.05.2025 11:00;16.2;4.1
Lillehammer - Sætherengen;SN12680;15.05.2025 12:00;18.2;4.9
Lillehammer - Sætherengen;SN12680;15.05.2025 13:00;18.9;7.5
Lillehammer - Sætherengen;SN12680;15.05.2025 14:00;19.1;8
Lillehammer - Sætherengen;SN12680;15.05.2025 15:00;19.2;8
Lillehammer - Sætherengen;SN12680;15.05.2025 16:00;19.2;6.2
Lillehammer - Sætherengen;SN12680;15.05.2025 17:00;19.2;6.2
Lillehammer - Sætherengen;SN12680;15.05.2025 18:00;18.6;6.1
Lillehammer - Sætherengen;SN12680;15.05.2025 19:00;17.4;5.8
Lillehammer - Sætherengen;SN12680;15.05.2025 20:00;15;4.6
Lillehammer - Sætherengen;SN12680;15.05.2025 21:00;13.2;3.9
Lillehammer - Sætherengen;SN12680;15.05.2025 22:00;12.1;3.4
Lillehammer - Sætherengen;SN12680;15.05.2025 23:00;10.8;5
Lillehammer - Sætherengen;SN12680;16.05.2025 00:00;10.1;6.6
Lillehammer - Sætherengen;SN12680;16.05.2025 01:00;8.6;3.6
Lillehammer - Sætherengen;SN12680;16.05.2025 02:00;8.5;4.5
Lillehammer - Sætherengen;SN12680;16.05.2025 03:00;7.9;3.5
Lillehammer - Sætherengen;SN12680;16.05.2025 04:00;7;2.5
Lillehammer - Sætherengen;SN12680;16.05.2025 05:00;7;1.3
Lillehammer - Sætherengen;SN12680;16.05.2025 06:00;8.5;1.9
Lillehammer - Sætherengen;SN12680;16.05.2025 07:00;10.8;2.1
Lillehammer - Sætherengen;SN12680;16.05.2025 08:00;12.7;4.7
Lillehammer - Sætherengen;SN12680;16.05.2025 09:00;14.4;4.3
Lillehammer - Sætherengen;SN12680;16.05.2025 10:00;15.7;5.6
Lillehammer - Sætherengen;SN12680;16.05.2025 11:00;16;6.4
Lillehammer - Sætherengen;SN12680;16.05.2025 12:00;16.4;6.6
Lillehammer - Sætherengen;SN12680;16.05.2025 13:00;17;7.8
Lillehammer - Sætherengen;SN12680;16.05.2025 14:00;16.1;6.3
Lillehammer - Sætherengen;SN12680;16.05.2025 15:00;16.2;3.3
Lillehammer - Sætherengen;SN12680;16.05.2025 16:00;16.7;6.4
Lillehammer - Sætherengen;SN12680;16.05.2025 17:00;17.8;4.2
Lillehammer - Sætherengen;SN12680;16.05.2025 18:00;17.4;6.7
Lillehammer - Sætherengen;SN12680;16.05.2025 19:00;17.2;8.5
Lillehammer - Sætherengen;SN12680;16.05.2025 20:00;16.5;4.9
Lillehammer - Sætherengen;SN12680;16.05.2025 21:00;15.3;6.1
Lillehammer - Sætherengen;SN12680;16.05.2025 22:00;14.7;6.4
Lillehammer - Sætherengen;SN12680;16.05.2025 23:00;13.8;7.4
Lillehammer - Sætherengen;SN12680;17.05.2025 00:00;12.6;3.5
Lillehammer - Sætherengen;SN12680;17.05.2025 01:00;12.6;6
Lillehammer - Sætherengen;SN12680;17.05.2025 02:00;11.8;3.4
Lillehammer - Sætherengen;SN12680;17.05.2025 03:00;11.1;4.5
Lillehammer - Sætherengen;SN12680;17.05.2025 04:00;9.6;3.9
Lillehammer - Sætherengen;SN12680;17.05.2025 05:00;8.6;3.3
Lillehammer - Sætherengen;SN12680;17.05.2025 06:00;9.7;3.6
Lillehammer - Sætherengen;SN12680;17.05.2025 07:00;10.5;3.6
Lillehammer - Sætherengen;SN12680;17.05.2025 08:00;12.3;3.1
Lillehammer - Sætherengen;SN12680;17.05.2025 09:00;13;3.9
Lillehammer - Sætherengen;SN12680;17.05.2025 10:00;14.3;3.6
Lillehammer - Sætherengen;SN12680;17.05.2025 11:00;15.7;5.4
Lillehammer - Sætherengen;SN12680;17.05.2025 12:00;16.8;5.9
Lillehammer - Sætherengen;SN12680;17.05.2025 13:00;18.4;4
Lillehammer - Sætherengen;SN12680;17.05.2025 14:00;18.7;6.4
Lillehammer - Sætherengen;SN12680;17.05.2025 15:00;18.8;6.5
Lillehammer - Sætherengen;SN12680;17.05.2025 16:00;19.2;5.7
Lillehammer - Sætherengen;SN12680;17.05.2025 17:00;18.6;5.6
Lillehammer - Sætherengen;SN12680;17.05.2025 18:00;18;5.6
Lillehammer - Sætherengen;SN12680;17.05.2025 19:00;17.1;6.1
Lillehammer - Sætherengen;SN12680;17.05.2025 20:00;15.1;5.8
Lillehammer - Sætherengen;SN12680;17.05.2025 21:00;13.6;6.3
Lillehammer - Sætherengen;SN12680;17.05.2025 22:00;12.2;1.7
Lillehammer - Sætherengen;SN12680;17.05.2025 23:00;11.2;3.1
Lillehammer - Sætherengen;SN12680;18.05.2025 00:00;11;5.8
Lillehammer - Sætherengen;SN12680;18.05.2025 01:00;10.1;3.3
Lillehammer - Sætherengen;SN12680;18.05.2025 02:00;9.7;3.1
Lillehammer - Sætherengen;SN12680;18.05.2025 03:00;8.8;3.1
Lillehammer - Sætherengen;SN12680;18.05.2025 04:00;7.7;2.2
Lillehammer - Sætherengen;SN12680;18.05.2025 05:00;7.6;2.5
Lillehammer - Sætherengen;SN12680;18.05.2025 06:00;7.9;1.5
Lillehammer - Sætherengen;SN12680;18.05.2025 07:00;9.4;1.3
Lillehammer - Sætherengen;SN12680;18.05.2025 08:00;12.2;1.6
Lillehammer - Sætherengen;SN12680;18.05.2025 09:00;14;0.8
Lillehammer - Sætherengen;SN12680;18.05.2025 10:00;15.7;3.3
Lillehammer - Sætherengen;SN12680;18.05.2025 11:00;16.5;3.8
Lillehammer - Sætherengen;SN12680;18.05.2025 12:00;17.3;3.2
Lillehammer - Sætherengen;SN12680;18.05.2025 13:00;18.1;3.7
Lillehammer - Sætherengen;SN12680;18.05.2025 14:00;19;3.8
Lillehammer - Sætherengen;SN12680;18.05.2025 15:00;19.7;3.3
Lillehammer - Sætherengen;SN12680;18.05.2025 16:00;20.3;4.3
Lillehammer - Sætherengen;SN12680;18.05.2025 17:00;20.5;3.3
Lillehammer - Sætherengen;SN12680;18.05.2025 18:00;20.2;3.5
Lillehammer - Sætherengen;SN12680;18.05.2025 19:00;19.6;4.3
Lillehammer - Sætherengen;SN12680;18.05.2025 20:00;18.8;3.4
Lillehammer - Sætherengen;SN12680;18.05.2025 21:00;16.7;4.3
Lillehammer - Sætherengen;SN12680;18.05.2025 22:00;15.1;2.7
Lillehammer - Sætherengen;SN12680;18.05.2025 23:00;12.6;1.6
Lillehammer - Sætherengen;SN12680;19.05.2025 00:00;12.4;3.5
Lillehammer - Sætherengen;SN12680;19.05.2025 01:00;10.7;2.1
Lillehammer - Sætherengen;SN12680;19.05.2025 02:00;9.3;1.9
Lillehammer - Sætherengen;SN12680;19.05.2025 03:00;8.6;1.7
Lillehammer - Sætherengen;SN12680;19.05.2025 04:00;8.3;2.7
Lillehammer - Sætherengen;SN12680;19.05.2025 05:00;8.2;3
Lillehammer - Sætherengen;SN12680;19.05.2025 06:00;9.7;2.1
Lillehammer - Sætherengen;SN12680;19.05.2025 07:00;11.4;2.1
Lillehammer - Sætherengen;SN12680;19.05.2025 08:00;13.3;2.7
Lillehammer - Sætherengen;SN12680;19.05.2025 09:00;15.6;2.6
Lillehammer - Sætherengen;SN12680;19.05.2025 10:00;18.5;3.1
Lillehammer - Sætherengen;SN12680;19.05.2025 11:00;20.5;2
Lillehammer - Sætherengen;SN12680;19.05.2025 12:00;21.6;4.5
Lillehammer - Sætherengen;SN12680;19.05.2025 13:00;23.1;3.9
Lillehammer - Sætherengen;SN12680;19.05.2025 14:00;23.2;4.8
Lillehammer - Sætherengen;SN12680;19.05.2025 15:00;24.3;3.6
Lillehammer - Sætherengen;SN12680;19.05.2025 16:00;24.4;3.6
Lillehammer - Sætherengen;SN12680;19.05.2025 17:00;24.1;3.8
Lillehammer - Sætherengen;SN12680;19.05.2025 18:00;22.7;5
Lillehammer - Sætherengen;SN12680;19.05.2025 19:00;22.1;5
Lillehammer - Sætherengen;SN12680;19.05.2025 20:00;20.3;4.6
Lillehammer - Sætherengen;SN12680;19.05.2025 21:00;18.6;4.8
Lillehammer - Sætherengen;SN12680;19.05.2025 22:00;17;4.3
Lillehammer - Sætherengen;SN12680;19.05.2025 23:00;15.7;2.8
Lillehammer - Sætherengen;SN12680;20.05.2025 00:00;14.1;1.1
Lillehammer - Sætherengen;SN12680;20.05.2025 01:00;14.4;4
Lillehammer - Sætherengen;SN12680;20.05.2025 02:00;14;4.1
Lillehammer - Sætherengen;SN12680;20.05.2025 03:00;12.3;2.3
Lillehammer - Sætherengen;SN12680;20.05.2025 04:00;10.8;2.2
Lillehammer - Sætherengen;SN12680;20.05.2025 05:00;10.7;0.6
Lillehammer - Sætherengen;SN12680;20.05.2025 06:00;12.2;1.3
Lillehammer - Sætherengen;SN12680;20.05.2025 07:00;13.6;1.8
Lillehammer - Sætherengen;SN12680;20.05.2025 08:00;15;3.7
Lillehammer - Sætherengen;SN12680;20.05.2025 09:00;16.5;3.5
Lillehammer - Sætherengen;SN12680;20.05.2025 10:00;18.4;3.5
Lillehammer - Sætherengen;SN12680;20.05.2025 11:00;18.6;4.1
Lillehammer - Sætherengen;SN12680;20.05.2025 12:00;19.2;4
Lillehammer - Sætherengen;SN12680;20.05.2025 13:00;19.1;5.6
Lillehammer - Sætherengen;SN12680;20.05.2025 14:00;18.5;5.2
Lillehammer - Sætherengen;SN12680;20.05.2025 15:00;18.1;5.9
Lillehammer - Sætherengen;SN12680;20.05.2025 16:00;17.6;6.6
Lillehammer - Sætherengen;SN12680;20.05.2025 17:00;16.9;4.8
Lillehammer - Sætherengen;SN12680;20.05.2025 18:00;15.7;5.6
Lillehammer - Sætherengen;SN12680;20.05.2025 19:00;14.7;3.3
Lillehammer - Sætherengen;SN12680;20.05.2025 20:00;12.2;4.5
Lillehammer - Sætherengen;SN12680;20.05.2025 21:00;10.2;4
Lillehammer - Sætherengen;SN12680;20.05.2025 22:00;8.5;2.3
Lillehammer - Sætherengen;SN12680;20.05.2025 23:00;7.4;2.9
Lillehammer - Sætherengen;SN12680;21.05.2025 00:00;6.4;2.2
Lillehammer - Sætherengen;SN12680;21.05.2025 01:00;5.9;1.8
Lillehammer - Sætherengen;SN12680;21.05.2025 02:00;4.4;1.3
Lillehammer - Sætherengen;SN12680;21.05.2025 03:00;4.5;2.8
Lillehammer - Sætherengen;SN12680;21.05.2025 04:00;2.9;0.5
Lillehammer - Sætherengen;SN12680;21.05.2025 05:00;3.1;1.2
Lillehammer - Sætherengen;SN12680;21.05.2025 06:00;4.5;1.1
Lillehammer - Sætherengen;SN12680;21.05.2025 07:00;5.5;1.2
Lillehammer - Sætherengen;SN12680;21.05.2025 08:00;7.1;0.6
Lillehammer - Sætherengen;SN12680;21.05.2025 09:00;8;1.3
Lillehammer - Sætherengen;SN12680;21.05.2025 10:00;8.1;3.7
Lillehammer - Sætherengen;SN12680;21.05.2025 11:00;8.3;4.3
Lillehammer - Sætherengen;SN12680;21.05.2025 12:00;8;2.5
Lillehammer - Sætherengen;SN12680;21.05.2025 13:00;8.8;1.6
Lillehammer - Sætherengen;SN12680;21.05.2025 14:00;10.7;4.4
Lillehammer - Sætherengen;SN12680;21.05.2025 15:00;9.9;5.9
Lillehammer - Sætherengen;SN12680;21.05.2025 16:00;10.3;5.4
Lillehammer - Sætherengen;SN12680;21.05.2025 17:00;10.3;5.4
Lillehammer - Sætherengen;SN12680;21.05.2025 18:00;8.7;3.9
Lillehammer - Sætherengen;SN12680;21.05.2025 19:00;7;3
Lillehammer - Sætherengen;SN12680;21.05.2025 20:00;6.7;5.3
Lillehammer - Sætherengen;SN12680;21.05.2025 21:00;6.2;5.3
Lillehammer - Sætherengen;SN12680;21.05.2025 22:00;5.4;5.1
Lillehammer - Sætherengen;SN12680;21.05.2025 23:00;4.4;3.1
Lillehammer - Sætherengen;SN12680;22.05.2025 00:00;3.6;3.2
Lillehammer - Sætherengen;SN12680;22.05.2025 01:00;3.8;2.7
Lillehammer - Sætherengen;SN12680;22.05.2025 02:00;4.1;2.6
Lillehammer - Sætherengen;SN12680;22.05.2025 03:00;4.3;4.6
Lillehammer - Sætherengen;SN12680;22.05.2025 04:00;4;4.8
Lillehammer - Sætherengen;SN12680;22.05.2025 05:00;4.1;3.1
Lillehammer - Sætherengen;SN12680;22.05.2025 06:00;4.5;3.1
Lillehammer - Sætherengen;SN12680;22.05.2025 07:00;5.9;3.6
Lillehammer - Sætherengen;SN12680;22.05.2025 08:00;7.6;5.3
Lillehammer - Sætherengen;SN12680;22.05.2025 09:00;6.4;5
Lillehammer - Sætherengen;SN12680;22.05.2025 10:00;7.5;5.1
Lillehammer - Sætherengen;SN12680;22.05.2025 11:00;7.7;5.5
Lillehammer - Sætherengen;SN12680;22.05.2025 12:00;8.2;3.9
Lillehammer - Sætherengen;SN12680;22.05.2025 13:00;8.1;4.8
Lillehammer - Sætherengen;SN12680;22.05.2025 14:00;9;5.2
Lillehammer - Sætherengen;SN12680;22.05.2025 15:00;9.2;5.9
Lillehammer - Sætherengen;SN12680;22.05.2025 16:00;8.8;6.7
Lillehammer - Sætherengen;SN12680;22.05.2025 17:00;8.9;3.9
Lillehammer - Sætherengen;SN12680;22.05.2025 18:00;8.2;4.2
Lillehammer - Sætherengen;SN12680;22.05.2025 19:00;8;3.2
Lillehammer - Sætherengen;SN12680;22.05.2025 20:00;7.3;3.7
Lillehammer - Sætherengen;SN12680;22.05.2025 21:00;6.7;4.7
Lillehammer - Sætherengen;SN12680;22.05.2025 22:00;6;4.1
Lillehammer - Sætherengen;SN12680;22.05.2025 23:00;6;3.9
Lillehammer - Sætherengen;SN12680;23.05.2025 00:00;5.8;6.9
Lillehammer - Sætherengen;SN12680;23.05.2025 01:00;4.7;5.3
Lillehammer - Sætherengen;SN12680;23.05.2025 02:00;4.2;3.6
Lillehammer - Sætherengen;SN12680;23.05.2025 03:00;3.5;4.8
Lillehammer - Sætherengen;SN12680;23.05.2025 04:00;3.5;4.3
Lillehammer - Sætherengen;SN12680;23.05.2025 05:00;3.5;5.1
Lillehammer - Sætherengen;SN12680;23.05.2025 06:00;3.7;4.3
Lillehammer - Sætherengen;SN12680;23.05.2025 07:00;3.7;3.1
Lillehammer - Sætherengen;SN12680;23.05.2025 08:00;3.9;4.2
Lillehammer - Sætherengen;SN12680;23.05.2025 09:00;3.8;4
Lillehammer - Sætherengen;SN12680;23.05.2025 10:00;4.5;4
Lillehammer - Sætherengen;SN12680;23.05.2025 11:00;5.5;4.8
Lillehammer - Sætherengen;SN12680;23.05.2025 12:00;6.3;4.7
Lillehammer - Sætherengen;SN12680;23.05.2025 13:00;6.4;4.5
Lillehammer - Sætherengen;SN12680;23.05.2025 14:00;7.3;4.7
Lillehammer - Sætherengen;SN12680;23.05.2025 15:00;8.3;4.4
Lillehammer - Sætherengen;SN12680;23.05.2025 16:00;8.5;4.3
Lillehammer - Sætherengen;SN12680;23.05.2025 17:00;8.3;5.2
Lillehammer - Sætherengen;SN12680;23.05.2025 18:00;7.7;5.1
Lillehammer - Sætherengen;SN12680;23.05.2025 19:00;6;3
Lillehammer - Sætherengen;SN12680;23.05.2025 20:00;5.2;1.1
Lillehammer - Sætherengen;SN12680;23.05.2025 21:00;4.8;0.4
Lillehammer - Sætherengen;SN12680;23.05.2025 22:00;4.3;0.6
Lillehammer - Sætherengen;SN12680;23.05.2025 23:00;4.1;1.1
Lillehammer - Sætherengen;SN12680;24.05.2025 00:00;3.8;0.7
Lillehammer - Sætherengen;SN12680;24.05.2025 01:00;3.8;0.4
Lillehammer - Sætherengen;SN12680;24.05.2025 02:00;4;0.5
Lillehammer - Sætherengen;SN12680;24.05.2025 03:00;3.9;0
Lillehammer - Sætherengen;SN12680;24.05.2025 04:00;4.2;1.1
Lillehammer - Sætherengen;SN12680;24.05.2025 05:00;4.2;1.9
Lillehammer - Sætherengen;SN12680;24.05.2025 06:00;3.8;1.1
Lillehammer - Sætherengen;SN12680;24.05.2025 07:00;4.2;1.8
Lillehammer - Sætherengen;SN12680;24.05.2025 08:00;4.9;2.7
Lillehammer - Sætherengen;SN12680;24.05.2025 09:00;5.2;2.2
Lillehammer - Sætherengen;SN12680;24.05.2025 10:00;5.8;2.5
Lillehammer - Sætherengen;SN12680;24.05.2025 11:00;7.1;1.9
Lillehammer - Sætherengen;SN12680;24.05.2025 12:00;7.5;3
Lillehammer - Sætherengen;SN12680;24.05.2025 13:00;7.6;0.9
Lillehammer - Sætherengen;SN12680;24.05.2025 14:00;7.9;1.4
Lillehammer - Sætherengen;SN12680;24.05.2025 15:00;9.3;3.3
Lillehammer - Sætherengen;SN12680;24.05.2025 16:00;10;3.7
Lillehammer - Sætherengen;SN12680;24.05.2025 17:00;10.7;3.4
Lillehammer - Sætherengen;SN12680;24.05.2025 18:00;10.1;3.8
Lillehammer - Sætherengen;SN12680;24.05.2025 19:00;9.8;3.7
Lillehammer - Sætherengen;SN12680;24.05.2025 20:00;9.2;3.7
Lillehammer - Sætherengen;SN12680;24.05.2025 21:00;8.7;3.7
Lillehammer - Sætherengen;SN12680;24.05.2025 22:00;8.4;3.5
Lillehammer - Sætherengen;SN12680;24.05.2025 23:00;8;3.9
Lillehammer - Sætherengen;SN12680;25.05.2025 00:00;7.6;3.7
Lillehammer - Sætherengen;SN12680;25.05.2025 01:00;7.3;3.7
Lillehammer - Sætherengen;SN12680;25.05.2025 02:00;7.2;3.6
Lillehammer - Sætherengen;SN12680;25.05.2025 03:00;7.2;3.5
Lillehammer - Sætherengen;SN12680;25.05.2025 04:00;7.2;2.3
Lillehammer - Sætherengen;SN12680;25.05.2025 05:00;7.1;1.8
Lillehammer - Sætherengen;SN12680;25.05.2025 06:00;6.6;1.6
Lillehammer - Sætherengen;SN12680;25.05.2025 07:00;6.4;1.3
Lillehammer - Sætherengen;SN12680;25.05.2025 08:00;7.6;2.3
Lillehammer - Sætherengen;SN12680;25.05.2025 09:00;7.8;2.1
Lillehammer - Sætherengen;SN12680;25.05.2025 10:00;7.8;1.9
Lillehammer - Sætherengen;SN12680;25.05.2025 11:00;7.7;2.4
Lillehammer - Sætherengen;SN12680;25.05.2025 12:00;8;3.1
Lillehammer - Sætherengen;SN12680;25.05.2025 13:00;8.4;2.6
Lillehammer - Sætherengen;SN12680;25.05.2025 14:00;8.4;3.2
Lillehammer - Sætherengen;SN12680;25.05.2025 15:00;8.3;1.7
Lillehammer - Sætherengen;SN12680;25.05.2025 16:00;7.8;1.8
Lillehammer - Sætherengen;SN12680;25.05.2025 17:00;7.6;0.6
Lillehammer - Sætherengen;SN12680;25.05.2025 18:00;7.7;1.5
Lillehammer - Sætherengen;SN12680;25.05.2025 19:00;7.8;1.3
Lillehammer - Sætherengen;SN12680;25.05.2025 20:00;8;1
Lillehammer - Sætherengen;SN12680;25.05.2025 21:00;8.1;0.6
Lillehammer - Sætherengen;SN12680;25.05.2025 22:00;8.2;0
Lillehammer - Sætherengen;SN12680;25.05.2025 23:00;8.4;0
Lillehammer - Sætherengen;SN12680;26.05.2025 00:00;8.5;0.4
Lillehammer - Sætherengen;SN12680;26.05.2025 01:00;8.6;0
Lillehammer - Sætherengen;SN12680;26.05.2025 02:00;8.7;0.4
Lillehammer - Sætherengen;SN12680;26.05.2025 03:00;8.8;0.5
Lillehammer - Sætherengen;SN12680;26.05.2025 04:00;8.9;1.5
Lillehammer - Sætherengen;SN12680;26.05.2025 05:00;9.1;0.9
Lillehammer - Sætherengen;SN12680;26.05.2025 06:00;9.4;0.6
Lillehammer - Sætherengen;SN12680;26.05.2025 07:00;9.6;0.5
Lillehammer - Sætherengen;SN12680;26.05.2025 08:00;10.3;1
Lillehammer - Sætherengen;SN12680;26.05.2025 09:00;13.2;1.3
Lillehammer - Sætherengen;SN12680;26.05.2025 10:00;13.7;2
Lillehammer - Sætherengen;SN12680;26.05.2025 11:00;15.2;3.9
Lillehammer - Sætherengen;SN12680;26.05.2025 12:00;15.7;2.8
Lillehammer - Sætherengen;SN12680;26.05.2025 13:00;14.8;4.3
Lillehammer - Sætherengen;SN12680;26.05.2025 14:00;11.8;2.5
Lillehammer - Sætherengen;SN12680;26.05.2025 15:00;10.8;3.9
Lillehammer - Sætherengen;SN12680;26.05.2025 16:00;12.1;2.6
Lillehammer - Sætherengen;SN12680;26.05.2025 17:00;12.8;2
Lillehammer - Sætherengen;SN12680;26.05.2025 18:00;12.5;3.1
Lillehammer - Sætherengen;SN12680;26.05.2025 19:00;14.2;3.2
Lillehammer - Sætherengen;SN12680;26.05.2025 20:00;12.7;2.4
Lillehammer - Sætherengen;SN12680;26.05.2025 21:00;10.9;1.9
Lillehammer - Sætherengen;SN12680;26.05.2025 22:00;9;1.4
Lillehammer - Sætherengen;SN12680;26.05.2025 23:00;6.6;0.8
Lillehammer - Sætherengen;SN12680;27.05.2025 00:00;7.1;2.1
Lillehammer - Sætherengen;SN12680;27.05.2025 01:00;6.6;2
Lillehammer - Sætherengen;SN12680;27.05.2025 02:00;5.2;0.6
Lillehammer - Sætherengen;SN12680;27.05.2025 03:00;4.3;0.7
Lillehammer - Sætherengen;SN12680;27.05.2025 04:00;3.7;0.7
Lillehammer - Sætherengen;SN12680;27.05.2025 05:00;4.5;1.1
Lillehammer - Sætherengen;SN12680;27.05.2025 06:00;7.1;0.8
Lillehammer - Sætherengen;SN12680;27.05.2025 07:00;9.1;1.5
Lillehammer - Sætherengen;SN12680;27.05.2025 08:00;10.6;2.5
Lillehammer - Sætherengen;SN12680;27.05.2025 09:00;11;3.2
Lillehammer - Sætherengen;SN12680;27.05.2025 10:00;10.1;3.9
Lillehammer - Sætherengen;SN12680;27.05.2025 11:00;10.8;3.3
Lillehammer - Sætherengen;SN12680;27.05.2025 12:00;10.3;3.3
Lillehammer - Sætherengen;SN12680;27.05.2025 13:00;10;3.4
Lillehammer - Sætherengen;SN12680;27.05.2025 14:00;9.7;3.4
Lillehammer - Sætherengen;SN12680;27.05.2025 15:00;9.5;3.9
Lillehammer - Sætherengen;SN12680;27.05.2025 16:00;9.4;2.1
Lillehammer - Sætherengen;SN12680;27.05.2025 17:00;10.1;2.2
Lillehammer - Sætherengen;SN12680;27.05.2025 18:00;9.8;1.6
Lillehammer - Sætherengen;SN12680;27.05.2025 19:00;10.3;2
Lillehammer - Sætherengen;SN12680;27.05.2025 20:00;9.5;3.5
Lillehammer - Sætherengen;SN12680;27.05.2025 21:00;9.3;1.8
Lillehammer - Sætherengen;SN12680;27.05.2025 22:00;8.6;2.7
Lillehammer - Sætherengen;SN12680;27.05.2025 23:00;7.8;1.1
Lillehammer - Sætherengen;SN12680;28.05.2025 00:00;7.2;1.7
Lillehammer - Sætherengen;SN12680;28.05.2025 01:00;6.2;1
Lillehammer - Sætherengen;SN12680;28.05.2025 02:00;4.6;1.2
Lillehammer - Sætherengen;SN12680;28.05.2025 03:00;3.8;0.9
Lillehammer - Sætherengen;SN12680;28.05.2025 04:00;3.6;1
Lillehammer - Sætherengen;SN12680;28.05.2025 05:00;4.8;0.7
Lillehammer - Sætherengen;SN12680;28.05.2025 06:00;6.3;0.4
Lillehammer - Sætherengen;SN12680;28.05.2025 07:00;8.2;1.5
Lillehammer - Sætherengen;SN12680;28.05.2025 08:00;10;2
Lillehammer - Sætherengen;SN12680;28.05.2025 09:00;11.5;2.1
Lillehammer - Sætherengen;SN12680;28.05.2025 10:00;12.4;2.2
Lillehammer - Sætherengen;SN12680;28.05.2025 11:00;13.1;1.9
Lillehammer - Sætherengen;SN12680;28.05.2025 12:00;13.6;1.6
Lillehammer - Sætherengen;SN12680;28.05.2025 13:00;15.4;2.9
Lillehammer - Sætherengen;SN12680;28.05.2025 14:00;13;4.2
Lillehammer - Sætherengen;SN12680;28.05.2025 15:00;16.4;3.2
Lillehammer - Sætherengen;SN12680;28.05.2025 16:00;16.1;3.3
Lillehammer - Sætherengen;SN12680;28.05.2025 17:00;17.2;1.8
Lillehammer - Sætherengen;SN12680;28.05.2025 18:00;17.4;2.8
Lillehammer - Sætherengen;SN12680;28.05.2025 19:00;15.1;3
Lillehammer - Sætherengen;SN12680;28.05.2025 20:00;15.2;1.7
Lillehammer - Sætherengen;SN12680;28.05.2025 21:00;12.4;0.9
Lillehammer - Sætherengen;SN12680;28.05.2025 22:00;10.9;2.5
Lillehammer - Sætherengen;SN12680;28.05.2025 23:00;8.9;1.5
Lillehammer - Sætherengen;SN12680;29.05.2025 00:00;8.4;1.2
Lillehammer - Sætherengen;SN12680;29.05.2025 01:00;6.8;0.8
Lillehammer - Sætherengen;SN12680;29.05.2025 02:00;5.3;1.6
Lillehammer - Sætherengen;SN12680;29.05.2025 03:00;5.1;1.7
Lillehammer - Sætherengen;SN12680;29.05.2025 04:00;4.9;2.4
Lillehammer - Sætherengen;SN12680;29.05.2025 05:00;4.2;0.4
Lillehammer - Sætherengen;SN12680;29.05.2025 06:00;7.3;1.5
Lillehammer - Sætherengen;SN12680;29.05.2025 07:00;8.8;1.6
Lillehammer - Sætherengen;SN12680;29.05.2025 08:00;10.4;1.3
Lillehammer - Sætherengen;SN12680;29.05.2025 09:00;12.4;1.5
Lillehammer - Sætherengen;SN12680;29.05.2025 10:00;14;1.5
Lillehammer - Sætherengen;SN12680;29.05.2025 11:00;14.7;1.6
Lillehammer - Sætherengen;SN12680;29.05.2025 12:00;15.9;1.9
Lillehammer - Sætherengen;SN12680;29.05.2025 13:00;16.6;2.4
Lillehammer - Sætherengen;SN12680;29.05.2025 14:00;17.7;1.7
Lillehammer - Sætherengen;SN12680;29.05.2025 15:00;17.7;1.5
Lillehammer - Sætherengen;SN12680;29.05.2025 16:00;16.7;1.9
Lillehammer - Sætherengen;SN12680;29.05.2025 17:00;16.5;2.9
Lillehammer - Sætherengen;SN12680;29.05.2025 18:00;16.5;3.2
Lillehammer - Sætherengen;SN12680;29.05.2025 19:00;15.1;2.4
Lillehammer - Sætherengen;SN12680;29.05.2025 20:00;14.6;2.6
Lillehammer - Sætherengen;SN12680;29.05.2025 21:00;13.6;2
Lillehammer - Sætherengen;SN12680;29.05.2025 22:00;12.6;2.6
Lillehammer - Sætherengen;SN12680;29.05.2025 23:00;11.9;2.8
Lillehammer - Sætherengen;SN12680;30.05.2025 00:00;11.6;3.6
Lillehammer - Sætherengen;SN12680;30.05.2025 01:00;9.7;5
Lillehammer - Sætherengen;SN12680;30.05.2025 02:00;7.8;2.4
Lillehammer - Sætherengen;SN12680;30.05.2025 03:00;7.2;2.1
Lillehammer - Sætherengen;SN12680;30.05.2025 04:00;7.1;1.3
Lillehammer - Sætherengen;SN12680;30.05.2025 05:00;7.3;1.6
Lillehammer - Sætherengen;SN12680;30.05.2025 06:00;7.5;1.8
Lillehammer - Sætherengen;SN12680;30.05.2025 07:00;7.4;1.9
Lillehammer - Sætherengen;SN12680;30.05.2025 08:00;8.1;0.6
Lillehammer - Sætherengen;SN12680;30.05.2025 09:00;8.3;1
Lillehammer - Sætherengen;SN12680;30.05.2025 10:00;10.3;1.2
Lillehammer - Sætherengen;SN12680;30.05.2025 11:00;11.5;1.3
Lillehammer - Sætherengen;SN12680;30.05.2025 12:00;13.4;1.7
Lillehammer - Sætherengen;SN12680;30.05.2025 13:00;14;2.9
Lillehammer - Sætherengen;SN12680;30.05.2025 14:00;12.5;0.8
Lillehammer - Sætherengen;SN12680;30.05.2025 15:00;16.1;0.9
Lillehammer - Sætherengen;SN12680;30.05.2025 16:00;16;5.2
Lillehammer - Sætherengen;SN12680;30.05.2025 17:00;15.5;7.1
Lillehammer - Sætherengen;SN12680;30.05.2025 18:00;14.5;7.4
Lillehammer - Sætherengen;SN12680;30.05.2025 19:00;13.8;6.4
Lillehammer - Sætherengen;SN12680;30.05.2025 20:00;12.8;5.8
Lillehammer - Sætherengen;SN12680;30.05.2025 21:00;11.7;5.7
Lillehammer - Sætherengen;SN12680;30.05.2025 22:00;9.8;3.5
Lillehammer - Sætherengen;SN12680;30.05.2025 23:00;8.3;3
Lillehammer - Sætherengen;SN12680;31.05.2025 00:00;7.2;2.4
Lillehammer - Sætherengen;SN12680;31.05.2025 01:00;6.3;2.1
Lillehammer - Sætherengen;SN12680;31.05.2025 02:00;5.4;2.1
Lillehammer - Sætherengen;SN12680;31.05.2025 03:00;4.1;1.2
Lillehammer - Sætherengen;SN12680;31.05.2025 04:00;4;1.2
Lillehammer - Sætherengen;SN12680;31.05.2025 05:00;4.1;0.5
Lillehammer - Sætherengen;SN12680;31.05.2025 06:00;5.8;1
Lillehammer - Sætherengen;SN12680;31.05.2025 07:00;8;1.1
Lillehammer - Sætherengen;SN12680;31.05.2025 08:00;9.9;1.3
Lillehammer - Sætherengen;SN12680;31.05.2025 09:00;11.7;1.5
Lillehammer - Sætherengen;SN12680;31.05.2025 10:00;12.6;2.7
Lillehammer - Sætherengen;SN12680;31.05.2025 11:00;13.9;2.1
Lillehammer - Sætherengen;SN12680;31.05.2025 12:00;14.7;2.8
Lillehammer - Sætherengen;SN12680;31.05.2025 13:00;15.2;2.1
Lillehammer - Sætherengen;SN12680;31.05.2025 14:00;16;2
Lillehammer - Sætherengen;SN12680;31.05.2025 15:00;14.7;1.4
Lillehammer - Sætherengen;SN12680;31.05.2025 16:00;16;1.7
Lillehammer - Sætherengen;SN12680;31.05.2025 17:00;16.7;1.3
Lillehammer - Sætherengen;SN12680;31.05.2025 18:00;16.5;1.5
Lillehammer - Sætherengen;SN12680;31.05.2025 19:00;16.5;2
Lillehammer - Sætherengen;SN12680;31.05.2025 20:00;14.7;1.5
Lillehammer - Sætherengen;SN12680;31.05.2025 21:00;12.8;1.2
Lillehammer - Sætherengen;SN12680;31.05.2025 22:00;12.1;1.2
Lillehammer - Sætherengen;SN12680;31.05.2025 23:00;11.6;1.7
Lillehammer - Sætherengen;SN12680;01.06.2025 00:00;10.3;0.8
Lillehammer - Sætherengen;SN12680;01.06.2025 01:00;9.8;1
Lillehammer - Sætherengen;SN12680;01.06.2025 02:00;10.1;1.5
Lillehammer - Sætherengen;SN12680;01.06.2025 03:00;9.5;0.5
Lillehammer - Sætherengen;SN12680;01.06.2025 04:00;10.7;1.8
Lillehammer - Sætherengen;SN12680;01.06.2025 05:00;9.1;0.5
Lillehammer - Sætherengen;SN12680;01.06.2025 06:00;9.3;1.4
Lillehammer - Sætherengen;SN12680;01.06.2025 07:00;10.1;2.2
Lillehammer - Sætherengen;SN12680;01.06.2025 08:00;10.4;2.7
Lillehammer - Sætherengen;SN12680;01.06.2025 09:00;8.8;2.1
Lillehammer - Sætherengen;SN12680;01.06.2025 10:00;8.6;1.8
Lillehammer - Sætherengen;SN12680;01.06.2025 11:00;8.8;1.8
Lillehammer - Sætherengen;SN12680;01.06.2025 12:00;9.5;2.6
Lillehammer - Sætherengen;SN12680;01.06.2025 13:00;8.9;1.3
Lillehammer - Sætherengen;SN12680;01.06.2025 14:00;9.4;1.9
Lillehammer - Sætherengen;SN12680;01.06.2025 15:00;10.5;1.1
Lillehammer - Sætherengen;SN12680;01.06.2025 16:00;10.3;1.1
Lillehammer - Sætherengen;SN12680;01.06.2025 17:00;10.8;1.2
Lillehammer - Sætherengen;SN12680;01.06.2025 18:00;10.7;0.6
Lillehammer - Sætherengen;SN12680;01.06.2025 19:00;11;0.8
Lillehammer - Sætherengen;SN12680;01.06.2025 20:00;10.8;1
Lillehammer - Sætherengen;SN12680;01.06.2025 21:00;11.4;1.3
Lillehammer - Sætherengen;SN12680;01.06.2025 22:00;9.4;1.5
Lillehammer - Sætherengen;SN12680;01.06.2025 23:00;9.2;0.9
Lillehammer - Sætherengen;SN12680;02.06.2025 00:00;7.8;1
Lillehammer - Sætherengen;SN12680;02.06.2025 01:00;6.8;1.2
Lillehammer - Sætherengen;SN12680;02.06.2025 02:00;5.8;0.5
Lillehammer - Sætherengen;SN12680;02.06.2025 03:00;5.1;1
Lillehammer - Sætherengen;SN12680;02.06.2025 04:00;5.1;1
Lillehammer - Sætherengen;SN12680;02.06.2025 05:00;4.9;0.7
Lillehammer - Sætherengen;SN12680;02.06.2025 06:00;7.7;1.3
Lillehammer - Sætherengen;SN12680;02.06.2025 07:00;8.1;1.3
Lillehammer - Sætherengen;SN12680;02.06.2025 08:00;8.9;1.4
Lillehammer - Sætherengen;SN12680;02.06.2025 09:00;12.5;1.2
Lillehammer - Sætherengen;SN12680;02.06.2025 10:00;13.8;2.5
Lillehammer - Sætherengen;SN12680;02.06.2025 11:00;11.3;2.1
Lillehammer - Sætherengen;SN12680;02.06.2025 12:00;14.7;1.3
Lillehammer - Sætherengen;SN12680;02.06.2025 13:00;15.7;1.1
Lillehammer - Sætherengen;SN12680;02.06.2025 14:00;15.5;2.5
Lillehammer - Sætherengen;SN12680;02.06.2025 15:00;17.3;4
Lillehammer - Sætherengen;SN12680;02.06.2025 16:00;17.5;3.7
Lillehammer - Sætherengen;SN12680;02.06.2025 17:00;17.6;3.9
Lillehammer - Sætherengen;SN12680;02.06.2025 18:00;16.9;4.5
Lillehammer - Sætherengen;SN12680;02.06.2025 19:00;14.6;3.3
Lillehammer - Sætherengen;SN12680;02.06.2025 20:00;13.3;1.9
Lillehammer - Sætherengen;SN12680;02.06.2025 21:00;11.6;0.8
Lillehammer - Sætherengen;SN12680;02.06.2025 22:00;10;1
Lillehammer - Sætherengen;SN12680;02.06.2025 23:00;9.1;1.1
Lillehammer - Sætherengen;SN12680;03.06.2025 00:00;8.1;0.8
Lillehammer - Sætherengen;SN12680;03.06.2025 01:00;7.1;1.4
Lillehammer - Sætherengen;SN12680;03.06.2025 02:00;6.4;1
Lillehammer - Sætherengen;SN12680;03.06.2025 03:00;5.3;1.2
Lillehammer - Sætherengen;SN12680;03.06.2025 04:00;4.7;0.4
Lillehammer - Sætherengen;SN12680;03.06.2025 05:00;5.7;1
Lillehammer - Sætherengen;SN12680;03.06.2025 06:00;7.5;1.5
Lillehammer - Sætherengen;SN12680;03.06.2025 07:00;8.1;0.5
Lillehammer - Sætherengen;SN12680;03.06.2025 08:00;10.5;1.2
Lillehammer - Sætherengen;SN12680;03.06.2025 09:00;11.9;1.9
Lillehammer - Sætherengen;SN12680;03.06.2025 10:00;14.7;1.7
Lillehammer - Sætherengen;SN12680;03.06.2025 11:00;15.3;4
Lillehammer - Sætherengen;SN12680;03.06.2025 12:00;15.7;4.4
Lillehammer - Sætherengen;SN12680;03.06.2025 13:00;16.7;5.6
Lillehammer - Sætherengen;SN12680;03.06.2025 14:00;17.6;5.9
Lillehammer - Sætherengen;SN12680;03.06.2025 15:00;17.3;5.3
Lillehammer - Sætherengen;SN12680;03.06.2025 16:00;15.4;5.3
Lillehammer - Sætherengen;SN12680;03.06.2025 17:00;14.1;4.3
Lillehammer - Sætherengen;SN12680;03.06.2025 18:00;13.2;6.1
Lillehammer - Sætherengen;SN12680;03.06.2025 19:00;12.4;4.5
Lillehammer - Sætherengen;SN12680;03.06.2025 20:00;12;4.6
Lillehammer - Sætherengen;SN12680;03.06.2025 21:00;11.6;3.8
Lillehammer - Sætherengen;SN12680;03.06.2025 22:00;11.8;5.6
Lillehammer - Sætherengen;SN12680;03.06.2025 23:00;11.7;3.9
Lillehammer - Sætherengen;SN12680;04.06.2025 00:00;10.7;4.9
Lillehammer - Sætherengen;SN12680;04.06.2025 01:00;9.9;5
Lillehammer - Sætherengen;SN12680;04.06.2025 02:00;10.5;5.2
Lillehammer - Sætherengen;SN12680;04.06.2025 03:00;10.9;4.3
Lillehammer - Sætherengen;SN12680;04.06.2025 04:00;11;5.3
Lillehammer - Sætherengen;SN12680;04.06.2025 05:00;11.4;4.3
Lillehammer - Sætherengen;SN12680;04.06.2025 06:00;11.8;4
Lillehammer - Sætherengen;SN12680;04.06.2025 07:00;12;3
Lillehammer - Sætherengen;SN12680;04.06.2025 08:00;12.2;3.2
Lillehammer - Sætherengen;SN12680;04.06.2025 09:00;13.2;3.6
Lillehammer - Sætherengen;SN12680;04.06.2025 10:00;13.5;3.8
Lillehammer - Sætherengen;SN12680;04.06.2025 11:00;10.5;2.6
Lillehammer - Sætherengen;SN12680;04.06.2025 12:00;14.7;3.1
Lillehammer - Sætherengen;SN12680;04.06.2025 13:00;14.4;3.7
Lillehammer - Sætherengen;SN12680;04.06.2025 14:00;13.6;3.3
Lillehammer - Sætherengen;SN12680;04.06.2025 15:00;13.8;3.6
Lillehammer - Sætherengen;SN12680;04.06.2025 16:00;12.3;3.7
Lillehammer - Sætherengen;SN12680;04.06.2025 17:00;13.1;3.1
Lillehammer - Sætherengen;SN12680;04.06.2025 18:00;12.1;3.6
Lillehammer - Sætherengen;SN12680;04.06.2025 19:00;11.7;3.8
Lillehammer - Sætherengen;SN12680;04.06.2025 20:00;11.5;3
Lillehammer - Sætherengen;SN12680;04.06.2025 21:00;11.3;4.1
Lillehammer - Sætherengen;SN12680;04.06.2025 22:00;10.5;2.5
Lillehammer - Sætherengen;SN12680;04.06.2025 23:00;9.8;2.7
Lillehammer - Sætherengen;SN12680;05.06.2025 00:00;10;2.1
Lillehammer - Sætherengen;SN12680;05.06.2025 01:00;8.2;1.5
Lillehammer - Sætherengen;SN12680;05.06.2025 02:00;7.1;1.8
Lillehammer - Sætherengen;SN12680;05.06.2025 03:00;6.9;1.3
Lillehammer - Sætherengen;SN12680;05.06.2025 04:00;6.7;1.3
Lillehammer - Sætherengen;SN12680;05.06.2025 05:00;7.6;2.2
Lillehammer - Sætherengen;SN12680;05.06.2025 06:00;9.2;2.7
Lillehammer - Sætherengen;SN12680;05.06.2025 07:00;9.9;2.4
Lillehammer - Sætherengen;SN12680;05.06.2025 08:00;10.9;2.8
Lillehammer - Sætherengen;SN12680;05.06.2025 09:00;12.5;2.7
Lillehammer - Sætherengen;SN12680;05.06.2025 10:00;12.3;3.2
Lillehammer - Sætherengen;SN12680;05.06.2025 11:00;13;3
Lillehammer - Sætherengen;SN12680;05.06.2025 12:00;13.7;4.1
Lillehammer - Sætherengen;SN12680;05.06.2025 13:00;14;3.6
Lillehammer - Sætherengen;SN12680;05.06.2025 14:00;14.4;3.9
Lillehammer - Sætherengen;SN12680;05.06.2025 15:00;14.4;4.5
Lillehammer - Sætherengen;SN12680;05.06.2025 16:00;13.3;4
Lillehammer - Sætherengen;SN12680;05.06.2025 17:00;13;5.1
Lillehammer - Sætherengen;SN12680;05.06.2025 18:00;12.2;4.1
Lillehammer - Sætherengen;SN12680;05.06.2025 19:00;11.6;3.1
Lillehammer - Sætherengen;SN12680;05.06.2025 20:00;11.3;4
Lillehammer - Sætherengen;SN12680;05.06.2025 21:00;10.6;2.6
Lillehammer - Sætherengen;SN12680;05.06.2025 22:00;10.5;3.4
Lillehammer - Sætherengen;SN12680;05.06.2025 23:00;10.3;3.1
Lillehammer - Sætherengen;SN12680;06.06.2025 00:00;10.2;3.5
Lillehammer - Sætherengen;SN12680;06.06.2025 01:00;10.1;3.1
Lillehammer - Sætherengen;SN12680;06.06.2025 02:00;10.1;3.2
Lillehammer - Sætherengen;SN12680;06.06.2025 03:00;9.7;2
Lillehammer - Sætherengen;SN12680;06.06.2025 04:00;10;2.6
Lillehammer - Sætherengen;SN12680;06.06.2025 05:00;10.1;2.1
Lillehammer - Sætherengen;SN12680;06.06.2025 06:00;10.6;1.5
Lillehammer - Sætherengen;SN12680;06.06.2025 07:00;11.7;2.1
Lillehammer - Sætherengen;SN12680;06.06.2025 08:00;13.1;2.3
Lillehammer - Sætherengen;SN12680;06.06.2025 09:00;12;2.6
Lillehammer - Sætherengen;SN12680;06.06.2025 10:00;13.1;1.8
Lillehammer - Sætherengen;SN12680;06.06.2025 11:00;14;1.6
Lillehammer - Sætherengen;SN12680;06.06.2025 12:00;13.8;2
Lillehammer - Sætherengen;SN12680;06.06.2025 13:00;14;1.3
Lillehammer - Sætherengen;SN12680;06.06.2025 14:00;14.6;2.8
Lillehammer - Sætherengen;SN12680;06.06.2025 15:00;13.9;2.2
Lillehammer - Sætherengen;SN12680;06.06.2025 16:00;14;2.9
Lillehammer - Sætherengen;SN12680;06.06.2025 17:00;13.6;1.9
Lillehammer - Sætherengen;SN12680;06.06.2025 18:00;13.4;0.7
Lillehammer - Sætherengen;SN12680;06.06.2025 19:00;11.4;0.8
Lillehammer - Sætherengen;SN12680;06.06.2025 20:00;10.7;2.3
Lillehammer - Sætherengen;SN12680;06.06.2025 21:00;10.5;1.4
Lillehammer - Sætherengen;SN12680;06.06.2025 22:00;9.6;2.2
Lillehammer - Sætherengen;SN12680;06.06.2025 23:00;9.3;2.4
Lillehammer - Sætherengen;SN12680;07.06.2025 00:00;9.1;2.9
Lillehammer - Sætherengen;SN12680;07.06.2025 01:00;9.3;3.5
Lillehammer - Sætherengen;SN12680;07.06.2025 02:00;8.9;4.7
Lillehammer - Sætherengen;SN12680;07.06.2025 03:00;8.4;5.3
Lillehammer - Sætherengen;SN12680;07.06.2025 04:00;7.6;3.8
Lillehammer - Sætherengen;SN12680;07.06.2025 05:00;7.7;4.2
Lillehammer - Sætherengen;SN12680;07.06.2025 06:00;8.1;4
Lillehammer - Sætherengen;SN12680;07.06.2025 07:00;8.9;3.2
Lillehammer - Sætherengen;SN12680;07.06.2025 08:00;9.9;2.8
Lillehammer - Sætherengen;SN12680;07.06.2025 09:00;11;4.7
Lillehammer - Sætherengen;SN12680;07.06.2025 10:00;11.9;2.5
Lillehammer - Sætherengen;SN12680;07.06.2025 11:00;13.3;2.3
Lillehammer - Sætherengen;SN12680;07.06.2025 12:00;14.4;1.6
Lillehammer - Sætherengen;SN12680;07.06.2025 13:00;14.9;2.1
Lillehammer - Sætherengen;SN12680;07.06.2025 14:00;16.4;0.9
Lillehammer - Sætherengen;SN12680;07.06.2025 15:00;15.3;1.6
Lillehammer - Sætherengen;SN12680;07.06.2025 16:00;16.2;1.5
Lillehammer - Sætherengen;SN12680;07.06.2025 17:00;14.8;2.6
Lillehammer - Sætherengen;SN12680;07.06.2025 18:00;14.2;3.8
Lillehammer - Sætherengen;SN12680;07.06.2025 19:00;13.3;1.9
Lillehammer - Sætherengen;SN12680;07.06.2025 20:00;10.1;1.9
Lillehammer - Sætherengen;SN12680;07.06.2025 21:00;10.2;1.4
Lillehammer - Sætherengen;SN12680;07.06.2025 22:00;9.3;1.2
Lillehammer - Sætherengen;SN12680;07.06.2025 23:00;9.1;0.4
Lillehammer - Sætherengen;SN12680;08.06.2025 00:00;8.7;0
Lillehammer - Sætherengen;SN12680;08.06.2025 01:00;8.3;1
Lillehammer - Sætherengen;SN12680;08.06.2025 02:00;8.2;0.6
Lillehammer - Sætherengen;SN12680;08.06.2025 03:00;8.2;0.4
Lillehammer - Sætherengen;SN12680;08.06.2025 04:00;8.1;0.8
Lillehammer - Sætherengen;SN12680;08.06.2025 05:00;8.3;0.5
Lillehammer - Sætherengen;SN12680;08.06.2025 06:00;8.5;0.5
Lillehammer - Sætherengen;SN12680;08.06.2025 07:00;9.5;0.8
Lillehammer - Sætherengen;SN12680;08.06.2025 08:00;10.1;1.9
Lillehammer - Sætherengen;SN12680;08.06.2025 09:00;10.2;2.4
Lillehammer - Sætherengen;SN12680;08.06.2025 10:00;10.5;2.7
Lillehammer - Sætherengen;SN12680;08.06.2025 11:00;10.2;2.1
Lillehammer - Sætherengen;SN12680;08.06.2025 12:00;11.2;3.3
Lillehammer - Sætherengen;SN12680;08.06.2025 13:00;13;3.6
Lillehammer - Sætherengen;SN12680;08.06.2025 14:00;14.1;2.8
Lillehammer - Sætherengen;SN12680;08.06.2025 15:00;12.2;3.2
Lillehammer - Sætherengen;SN12680;08.06.2025 16:00;14.2;2.3
Lillehammer - Sætherengen;SN12680;08.06.2025 17:00;12.1;2.3
Lillehammer - Sætherengen;SN12680;08.06.2025 18:00;12;3.2
Lillehammer - Sætherengen;SN12680;08.06.2025 19:00;12.2;1.6
Lillehammer - Sætherengen;SN12680;08.06.2025 20:00;11;0.8
Lillehammer - Sætherengen;SN12680;08.06.2025 21:00;10.6;0.6
Lillehammer - Sætherengen;SN12680;08.06.2025 22:00;9.3;0.8
Lillehammer - Sætherengen;SN12680;08.06.2025 23:00;8.7;1.4
Lillehammer - Sætherengen;SN12680;09.06.2025 00:00;7.8;1.2
Lillehammer - Sætherengen;SN12680;09.06.2025 01:00;7.9;1.5
Lillehammer - Sætherengen;SN12680;09.06.2025 02:00;7;1.6
Lillehammer - Sætherengen;SN12680;09.06.2025 03:00;7.1;2.5
Lillehammer - Sætherengen;SN12680;09.06.2025 04:00;7.4;2.4
Lillehammer - Sætherengen;SN12680;09.06.2025 05:00;8.2;2.5
Lillehammer - Sætherengen;SN12680;09.06.2025 06:00;8.9;3.3
Lillehammer - Sætherengen;SN12680;09.06.2025 07:00;9.3;4.1
Lillehammer - Sætherengen;SN12680;09.06.2025 08:00;10.5;4.9
Lillehammer - Sætherengen;SN12680;09.06.2025 09:00;11.4;3.7
Lillehammer - Sætherengen;SN12680;09.06.2025 10:00;13;3.4
Lillehammer - Sætherengen;SN12680;09.06.2025 11:00;14.3;2.3
Lillehammer - Sætherengen;SN12680;09.06.2025 12:00;15.2;2.5
Lillehammer - Sætherengen;SN12680;09.06.2025 13:00;15.8;2.7
Lillehammer - Sætherengen;SN12680;09.06.2025 14:00;16.3;3
Lillehammer - Sætherengen;SN12680;09.06.2025 15:00;15.1;1.6
Lillehammer - Sætherengen;SN12680;09.06.2025 16:00;16.8;2.3
Lillehammer - Sætherengen;SN12680;09.06.2025 17:00;15.4;1.2
Lillehammer - Sætherengen;SN12680;09.06.2025 18:00;14.9;1
Lillehammer - Sætherengen;SN12680;09.06.2025 19:00;14.1;1.8
Lillehammer - Sætherengen;SN12680;09.06.2025 20:00;12.1;2.7
Lillehammer - Sætherengen;SN12680;09.06.2025 21:00;10.2;3.1
Lillehammer - Sætherengen;SN12680;09.06.2025 22:00;9.5;1.7
Lillehammer - Sætherengen;SN12680;09.06.2025 23:00;8.4;1.2
Lillehammer - Sætherengen;SN12680;10.06.2025 00:00;7.7;0.9
Lillehammer - Sætherengen;SN12680;10.06.2025 01:00;6.6;0.5
Lillehammer - Sætherengen;SN12680;10.06.2025 02:00;6.1;0.4
Lillehammer - Sætherengen;SN12680;10.06.2025 03:00;6.2;1.4
Lillehammer - Sætherengen;SN12680;10.06.2025 04:00;6.4;1.1
Lillehammer - Sætherengen;SN12680;10.06.2025 05:00;6.4;0.6
Lillehammer - Sætherengen;SN12680;10.06.2025 06:00;7.1;0.4
Lillehammer - Sætherengen;SN12680;10.06.2025 07:00;7.9;1
Lillehammer - Sætherengen;SN12680;10.06.2025 08:00;8.9;1.2
Lillehammer - Sætherengen;SN12680;10.06.2025 09:00;9.2;1
Lillehammer - Sætherengen;SN12680;10.06.2025 10:00;10.3;0.8
Lillehammer - Sætherengen;SN12680;10.06.2025 11:00;11.4;0.9
Lillehammer - Sætherengen;SN12680;10.06.2025 12:00;12.8;0.9
Lillehammer - Sætherengen;SN12680;10.06.2025 13:00;13;2.6
Lillehammer - Sætherengen;SN12680;10.06.2025 14:00;12.5;2.6
Lillehammer - Sætherengen;SN12680;10.06.2025 15:00;11.1;2.5
Lillehammer - Sætherengen;SN12680;10.06.2025 16:00;11.5;1.5
Lillehammer - Sætherengen;SN12680;10.06.2025 17:00;10.7;2.8
Lillehammer - Sætherengen;SN12680;10.06.2025 18:00;12;2.9
Lillehammer - Sætherengen;SN12680;10.06.2025 19:00;11.4;2
Lillehammer - Sætherengen;SN12680;10.06.2025 20:00;10.8;2.8
Lillehammer - Sætherengen;SN12680;10.06.2025 21:00;10.2;1.6
Lillehammer - Sætherengen;SN12680;10.06.2025 22:00;9;2.1
Lillehammer - Sætherengen;SN12680;10.06.2025 23:00;7.5;1.1
Lillehammer - Sætherengen;SN12680;11.06.2025 00:00;6.8;1.4
Lillehammer - Sætherengen;SN12680;11.06.2025 01:00;6.2;1.4
Lillehammer - Sætherengen;SN12680;11.06.2025 02:00;6.1;1.7
Lillehammer - Sætherengen;SN12680;11.06.2025 03:00;5.6;2.2
Lillehammer - Sætherengen;SN12680;11.06.2025 04:00;5.9;1.2
Lillehammer - Sætherengen;SN12680;11.06.2025 05:00;7.1;0.9
Lillehammer - Sætherengen;SN12680;11.06.2025 06:00;8.2;1.2
Lillehammer - Sætherengen;SN12680;11.06.2025 07:00;9.6;2.2
Lillehammer - Sætherengen;SN12680;11.06.2025 08:00;11.1;3.3
Lillehammer - Sætherengen;SN12680;11.06.2025 09:00;12.1;5
Lillehammer - Sætherengen;SN12680;11.06.2025 10:00;12.9;4.9
Lillehammer - Sætherengen;SN12680;11.06.2025 11:00;14.1;5.2
Lillehammer - Sætherengen;SN12680;11.06.2025 12:00;14.9;4.7
Lillehammer - Sætherengen;SN12680;11.06.2025 13:00;15.3;3.9
Lillehammer - Sætherengen;SN12680;11.06.2025 14:00;16.2;5.2
Lillehammer - Sætherengen;SN12680;11.06.2025 15:00;16.6;5
Lillehammer - Sætherengen;SN12680;11.06.2025 16:00;16.9;3.5
Lillehammer - Sætherengen;SN12680;11.06.2025 17:00;16.4;4.3
Lillehammer - Sætherengen;SN12680;11.06.2025 18:00;16.1;2.4
Lillehammer - Sætherengen;SN12680;11.06.2025 19:00;15.9;3.4
Lillehammer - Sætherengen;SN12680;11.06.2025 20:00;15.1;3.5
Lillehammer - Sætherengen;SN12680;11.06.2025 21:00;13.1;2.4
Lillehammer - Sætherengen;SN12680;11.06.2025 22:00;11.1;1.6
Lillehammer - Sætherengen;SN12680;11.06.2025 23:00;10.1;1.2
Lillehammer - Sætherengen;SN12680;12.06.2025 00:00;8.4;1
Lillehammer - Sætherengen;SN12680;12.06.2025 01:00;6.9;1.6
Lillehammer - Sætherengen;SN12680;12.06.2025 02:00;5.9;0.5
Lillehammer - Sætherengen;SN12680;12.06.2025 03:00;5.4;1.6
Lillehammer - Sætherengen;SN12680;12.06.2025 04:00;5.5;1.8
Lillehammer - Sætherengen;SN12680;12.06.2025 05:00;6.3;1.9
Lillehammer - Sætherengen;SN12680;12.06.2025 06:00;7;1.2
Lillehammer - Sætherengen;SN12680;12.06.2025 07:00;9;1.1
Lillehammer - Sætherengen;SN12680;12.06.2025 08:00;9.9;1.3
Lillehammer - Sætherengen;SN12680;12.06.2025 09:00;11.7;1.4
Lillehammer - Sætherengen;SN12680;12.06.2025 10:00;12.7;2.3
Lillehammer - Sætherengen;SN12680;12.06.2025 11:00;14.5;3.2
Lillehammer - Sætherengen;SN12680;12.06.2025 12:00;15.8;3
Lillehammer - Sætherengen;SN12680;12.06.2025 13:00;17;2.4
Lillehammer - Sætherengen;SN12680;12.06.2025 14:00;17.9;2.9
Lillehammer - Sætherengen;SN12680;12.06.2025 15:00;19.2;1.9
Lillehammer - Sætherengen;SN12680;12.06.2025 16:00;19.1;2.8
Lillehammer - Sætherengen;SN12680;12.06.2025 17:00;18.7;2.9
Lillehammer - Sætherengen;SN12680;12.06.2025 18:00;19.2;3.4
Lillehammer - Sætherengen;SN12680;12.06.2025 19:00;18.6;2.5
Lillehammer - Sætherengen;SN12680;12.06.2025 20:00;17.6;1.7
Lillehammer - Sætherengen;SN12680;12.06.2025 21:00;14.5;1.4
Lillehammer - Sætherengen;SN12680;12.06.2025 22:00;12.3;0.8
Lillehammer - Sætherengen;SN12680;12.06.2025 23:00;12;0.9
Lillehammer - Sætherengen;SN12680;13.06.2025 00:00;11.7;0.6
Lillehammer - Sætherengen;SN12680;13.06.2025 01:00;10.7;0.5
Lillehammer - Sætherengen;SN12680;13.06.2025 02:00;9.6;0.4
Lillehammer - Sætherengen;SN12680;13.06.2025 03:00;9;0.6
Lillehammer - Sætherengen;SN12680;13.06.2025 04:00;8.7;1.2
Lillehammer - Sætherengen;SN12680;13.06.2025 05:00;9.7;0
Lillehammer - Sætherengen;SN12680;13.06.2025 06:00;11.5;0
Lillehammer - Sætherengen;SN12680;13.06.2025 07:00;12.3;2.2
Lillehammer - Sætherengen;SN12680;13.06.2025 08:00;13.5;0.8
Lillehammer - Sætherengen;SN12680;13.06.2025 09:00;16.9;1.8
Lillehammer - Sætherengen;SN12680;13.06.2025 10:00;18.5;3.1
Lillehammer - Sætherengen;SN12680;13.06.2025 11:00;19.5;4.7
Lillehammer - Sætherengen;SN12680;13.06.2025 12:00;20.6;3.7
Lillehammer - Sætherengen;SN12680;13.06.2025 13:00;20.9;4.2
Lillehammer - Sætherengen;SN12680;13.06.2025 14:00;21.4;4.2
Lillehammer - Sætherengen;SN12680;13.06.2025 15:00;22.3;4.4
Lillehammer - Sætherengen;SN12680;13.06.2025 16:00;22.7;3.9
Lillehammer - Sætherengen;SN12680;13.06.2025 17:00;22.2;4
Lillehammer - Sætherengen;SN12680;13.06.2025 18:00;21.6;3.1
Lillehammer - Sætherengen;SN12680;13.06.2025 19:00;21.1;3.4
Lillehammer - Sætherengen;SN12680;13.06.2025 20:00;19.5;2.8
Lillehammer - Sætherengen;SN12680;13.06.2025 21:00;18.4;3
Lillehammer - Sætherengen;SN12680;13.06.2025 22:00;17.6;3.3
Lillehammer - Sætherengen;SN12680;13.06.2025 23:00;16;2
Lillehammer - Sætherengen;SN12680;14.06.2025 00:00;14.7;1.4
Lillehammer - Sætherengen;SN12680;14.06.2025 01:00;13.6;1
Lillehammer - Sætherengen;SN12680;14.06.2025 02:00;11.9;0.7
Lillehammer - Sætherengen;SN12680;14.06.2025 03:00;10;0.5
Lillehammer - Sætherengen;SN12680;14.06.2025 04:00;10;0.4
Lillehammer - Sætherengen;SN12680;14.06.2025 05:00;10.7;0
Lillehammer - Sætherengen;SN12680;14.06.2025 06:00;12;1
Lillehammer - Sætherengen;SN12680;14.06.2025 07:00;12.5;1.1
Lillehammer - Sætherengen;SN12680;14.06.2025 08:00;14.4;0.8
Lillehammer - Sætherengen;SN12680;14.06.2025 09:00;15.5;1.1
Lillehammer - Sætherengen;SN12680;14.06.2025 10:00;17.6;2.6
Lillehammer - Sætherengen;SN12680;14.06.2025 11:00;19.6;1.8
Lillehammer - Sætherengen;SN12680;14.06.2025 12:00;22;2.2
Lillehammer - Sætherengen;SN12680;14.06.2025 13:00;22.4;3
Lillehammer - Sætherengen;SN12680;14.06.2025 14:00;23.4;3.2
Lillehammer - Sætherengen;SN12680;14.06.2025 15:00;23.5;3.4
Lillehammer - Sætherengen;SN12680;14.06.2025 16:00;22.7;3.4
Lillehammer - Sætherengen;SN12680;14.06.2025 17:00;23.5;3
Lillehammer - Sætherengen;SN12680;14.06.2025 18:00;22.6;3.9
Lillehammer - Sætherengen;SN12680;14.06.2025 19:00;21.1;2.8
Lillehammer - Sætherengen;SN12680;14.06.2025 20:00;21.3;2.3
Lillehammer - Sætherengen;SN12680;14.06.2025 21:00;18.9;2.2
Lillehammer - Sætherengen;SN12680;14.06.2025 22:00;18.3;3.8
Lillehammer - Sætherengen;SN12680;14.06.2025 23:00;16.5;1.8
Lillehammer - Sætherengen;SN12680;15.06.2025 00:00;15.1;1.3
Lillehammer - Sætherengen;SN12680;15.06.2025 01:00;13.1;1
Lillehammer - Sætherengen;SN12680;15.06.2025 02:00;11.9;0.9
Lillehammer - Sætherengen;SN12680;15.06.2025 03:00;10.8;0.6
Lillehammer - Sætherengen;SN12680;15.06.2025 04:00;11;0.4
Lillehammer - Sætherengen;SN12680;15.06.2025 05:00;10.8;0.8
Lillehammer - Sætherengen;SN12680;15.06.2025 06:00;11.6;0.6
Lillehammer - Sætherengen;SN12680;15.06.2025 07:00;13;1.3
Lillehammer - Sætherengen;SN12680;15.06.2025 08:00;13.8;0.9
Lillehammer - Sætherengen;SN12680;15.06.2025 09:00;14.4;0.6
Lillehammer - Sætherengen;SN12680;15.06.2025 10:00;15;1.2
Lillehammer - Sætherengen;SN12680;15.06.2025 11:00;15.4;0.7
Lillehammer - Sætherengen;SN12680;15.06.2025 12:00;16.7;2.2
Lillehammer - Sætherengen;SN12680;15.06.2025 13:00;17.1;2.1
Lillehammer - Sætherengen;SN12680;15.06.2025 14:00;17.5;1
Lillehammer - Sætherengen;SN12680;15.06.2025 15:00;17;1.5
Lillehammer - Sætherengen;SN12680;15.06.2025 16:00;17.1;1.2
Lillehammer - Sætherengen;SN12680;15.06.2025 17:00;18.7;1.6
Lillehammer - Sætherengen;SN12680;15.06.2025 18:00;17.9;2.2
Lillehammer - Sætherengen;SN12680;15.06.2025 19:00;17.9;2.6
Lillehammer - Sætherengen;SN12680;15.06.2025 20:00;17.7;2.3
Lillehammer - Sætherengen;SN12680;15.06.2025 21:00;15.6;1.5
Lillehammer - Sætherengen;SN12680;15.06.2025 22:00;15.3;1.2
Lillehammer - Sætherengen;SN12680;15.06.2025 23:00;14.5;0.6
Lillehammer - Sætherengen;SN12680;16.06.2025 00:00;14.7;0.8
Lillehammer - Sætherengen;SN12680;16.06.2025 01:00;13.6;1.7
Lillehammer - Sætherengen;SN12680;16.06.2025 02:00;13;1.1
Lillehammer - Sætherengen;SN12680;16.06.2025 03:00;12.4;0.8
Lillehammer - Sætherengen;SN12680;16.06.2025 04:00;12.1;1.3
Lillehammer - Sætherengen;SN12680;16.06.2025 05:00;12.3;0
Lillehammer - Sætherengen;SN12680;16.06.2025 06:00;13.7;0.9
Lillehammer - Sætherengen;SN12680;16.06.2025 07:00;14.7;1.3
Lillehammer - Sætherengen;SN12680;16.06.2025 08:00;17.2;1.4
Lillehammer - Sætherengen;SN12680;16.06.2025 09:00;18.1;2.9
Lillehammer - Sætherengen;SN12680;16.06.2025 10:00;17.9;5.3
Lillehammer - Sætherengen;SN12680;16.06.2025 11:00;17.7;4.8
Lillehammer - Sætherengen;SN12680;16.06.2025 12:00;17.9;2.5
Lillehammer - Sætherengen;SN12680;16.06.2025 13:00;18.6;2.3
Lillehammer - Sætherengen;SN12680;16.06.2025 14:00;21;1.4
Lillehammer - Sætherengen;SN12680;16.06.2025 15:00;20.7;3.6
Lillehammer - Sætherengen;SN12680;16.06.2025 16:00;20.5;2.4
Lillehammer - Sætherengen;SN12680;16.06.2025 17:00;20.7;3.9
Lillehammer - Sætherengen;SN12680;16.06.2025 18:00;18.9;3.6
Lillehammer - Sætherengen;SN12680;16.06.2025 19:00;18.5;3.4
Lillehammer - Sætherengen;SN12680;16.06.2025 20:00;18.2;1.4
Lillehammer - Sætherengen;SN12680;16.06.2025 21:00;16.3;1.4
Lillehammer - Sætherengen;SN12680;16.06.2025 22:00;14.7;1.6
Lillehammer - Sætherengen;SN12680;16.06.2025 23:00;12.5;1
Lillehammer - Sætherengen;SN12680;17.06.2025 00:00;13;1.2
Lillehammer - Sætherengen;SN12680;17.06.2025 01:00;12.4;1.4
Lillehammer - Sætherengen;SN12680;17.06.2025 02:00;12.3;0.7
Lillehammer - Sætherengen;SN12680;17.06.2025 03:00;11.3;0.6
Lillehammer - Sætherengen;SN12680;17.06.2025 04:00;11.5;0.6
Lillehammer - Sætherengen;SN12680;17.06.2025 05:00;11.5;0
Lillehammer - Sætherengen;SN12680;17.06.2025 06:00;12.2;0.6
Lillehammer - Sætherengen;SN12680;17.06.2025 07:00;11.8;0.6
Lillehammer - Sætherengen;SN12680;17.06.2025 08:00;12;0.8
Lillehammer - Sætherengen;SN12680;17.06.2025 09:00;12.7;1.2
Lillehammer - Sætherengen;SN12680;17.06.2025 10:00;14.2;1
Lillehammer - Sætherengen;SN12680;17.06.2025 11:00;13.7;3.3
Lillehammer - Sætherengen;SN12680;17.06.2025 12:00;15.2;2.8
Lillehammer - Sætherengen;SN12680;17.06.2025 13:00;15.9;2.4
Lillehammer - Sætherengen;SN12680;17.06.2025 14:00;17.4;2.4
Lillehammer - Sætherengen;SN12680;17.06.2025 15:00;18;2.9
Lillehammer - Sætherengen;SN12680;17.06.2025 16:00;18.6;3
Lillehammer - Sætherengen;SN12680;17.06.2025 17:00;17.9;1.5
Lillehammer - Sætherengen;SN12680;17.06.2025 18:00;18.5;2.9
Lillehammer - Sætherengen;SN12680;17.06.2025 19:00;18.7;3.2
Lillehammer - Sætherengen;SN12680;17.06.2025 20:00;17.5;2.4
Lillehammer - Sætherengen;SN12680;17.06.2025 21:00;16.4;1.6
Lillehammer - Sætherengen;SN12680;17.06.2025 22:00;14.6;1.6
Lillehammer - Sætherengen;SN12680;17.06.2025 23:00;12.1;0.7
Lillehammer - Sætherengen;SN12680;18.06.2025 00:00;11.9;1.9
Lillehammer - Sætherengen;SN12680;18.06.2025 01:00;11.3;1.8
Lillehammer - Sætherengen;SN12680;18.06.2025 02:00;11;1.3
Lillehammer - Sætherengen;SN12680;18.06.2025 03:00;10;0.7
Lillehammer - Sætherengen;SN12680;18.06.2025 04:00;9;0.6
Lillehammer - Sætherengen;SN12680;18.06.2025 05:00;10.2;0.8
Lillehammer - Sætherengen;SN12680;18.06.2025 06:00;11.3;1.3
Lillehammer - Sætherengen;SN12680;18.06.2025 07:00;12.5;2.8
Lillehammer - Sætherengen;SN12680;18.06.2025 08:00;13.6;2
Lillehammer - Sætherengen;SN12680;18.06.2025 09:00;14.9;2.4
Lillehammer - Sætherengen;SN12680;18.06.2025 10:00;15.5;0.9
Lillehammer - Sætherengen;SN12680;18.06.2025 11:00;17.7;1
Lillehammer - Sætherengen;SN12680;18.06.2025 12:00;16.6;0.7
Lillehammer - Sætherengen;SN12680;18.06.2025 13:00;16.8;0.9
Lillehammer - Sætherengen;SN12680;18.06.2025 14:00;15.8;4.3
Lillehammer - Sætherengen;SN12680;18.06.2025 15:00;16.7;3
Lillehammer - Sætherengen;SN12680;18.06.2025 16:00;16.2;1.8
Lillehammer - Sætherengen;SN12680;18.06.2025 17:00;17.2;0.5
Lillehammer - Sætherengen;SN12680;18.06.2025 18:00;14;5.7
Lillehammer - Sætherengen;SN12680;18.06.2025 19:00;13.7;1.4
Lillehammer - Sætherengen;SN12680;18.06.2025 20:00;13.5;1.3
Lillehammer - Sætherengen;SN12680;18.06.2025 21:00;13.3;3.2
Lillehammer - Sætherengen;SN12680;18.06.2025 22:00;11.7;1.8
Lillehammer - Sætherengen;SN12680;18.06.2025 23:00;9.9;1.6
Lillehammer - Sætherengen;SN12680;19.06.2025 00:00;9.3;3
Lillehammer - Sætherengen;SN12680;19.06.2025 01:00;9.2;2.1
Lillehammer - Sætherengen;SN12680;19.06.2025 02:00;7.7;0.7
Lillehammer - Sætherengen;SN12680;19.06.2025 03:00;7.9;1.5
Lillehammer - Sætherengen;SN12680;19.06.2025 04:00;8.4;1.4
Lillehammer - Sætherengen;SN12680;19.06.2025 05:00;9;1.8
Lillehammer - Sætherengen;SN12680;19.06.2025 06:00;10;2.5
Lillehammer - Sætherengen;SN12680;19.06.2025 07:00;11.5;2.7
Lillehammer - Sætherengen;SN12680;19.06.2025 08:00;13.4;3.4
Lillehammer - Sætherengen;SN12680;19.06.2025 09:00;14.9;3.6
Lillehammer - Sætherengen;SN12680;19.06.2025 10:00;14.8;3.9
Lillehammer - Sætherengen;SN12680;19.06.2025 11:00;16.6;4.8
Lillehammer - Sætherengen;SN12680;19.06.2025 12:00;16.3;3.3
Lillehammer - Sætherengen;SN12680;19.06.2025 13:00;17.1;3.9
Lillehammer - Sætherengen;SN12680;19.06.2025 14:00;17.6;4.7
Lillehammer - Sætherengen;SN12680;19.06.2025 15:00;17.9;3.5
Lillehammer - Sætherengen;SN12680;19.06.2025 16:00;18.6;4.2
Lillehammer - Sætherengen;SN12680;19.06.2025 17:00;18.2;5
Lillehammer - Sætherengen;SN12680;19.06.2025 18:00;17.8;5.5
Lillehammer - Sætherengen;SN12680;19.06.2025 19:00;17.4;4.2
Lillehammer - Sætherengen;SN12680;19.06.2025 20:00;16.1;4.4
Lillehammer - Sætherengen;SN12680;19.06.2025 21:00;14.7;4.3
Lillehammer - Sætherengen;SN12680;19.06.2025 22:00;13.1;2.2
Lillehammer - Sætherengen;SN12680;19.06.2025 23:00;12.2;2.2
Lillehammer - Sætherengen;SN12680;20.06.2025 00:00;10.2;1.5
Lillehammer - Sætherengen;SN12680;20.06.2025 01:00;9.4;1.4
Lillehammer - Sætherengen;SN12680;20.06.2025 02:00;9.2;2.3
Lillehammer - Sætherengen;SN12680;20.06.2025 03:00;7.5;1.4
Lillehammer - Sætherengen;SN12680;20.06.2025 04:00;7.9;1.6
Lillehammer - Sætherengen;SN12680;20.06.2025 05:00;9;1.3
Lillehammer - Sætherengen;SN12680;20.06.2025 06:00;11;1.1
Lillehammer - Sætherengen;SN12680;20.06.2025 07:00;11.9;1.1
Lillehammer - Sætherengen;SN12680;20.06.2025 08:00;13.4;2.2
Lillehammer - Sætherengen;SN12680;20.06.2025 09:00;14.4;1.6
Lillehammer - Sætherengen;SN12680;20.06.2025 10:00;16.7;1
Lillehammer - Sætherengen;SN12680;20.06.2025 11:00;17.3;1.9
Lillehammer - Sætherengen;SN12680;20.06.2025 12:00;18;2.3
Lillehammer - Sætherengen;SN12680;20.06.2025 13:00;18.8;1.8
Lillehammer - Sætherengen;SN12680;20.06.2025 14:00;20;2.8
Lillehammer - Sætherengen;SN12680;20.06.2025 15:00;19.1;3.3
Lillehammer - Sætherengen;SN12680;20.06.2025 16:00;18.7;2.9
Lillehammer - Sætherengen;SN12680;20.06.2025 17:00;17.9;3.8
Lillehammer - Sætherengen;SN12680;20.06.2025 18:00;17.2;2.1
Lillehammer - Sætherengen;SN12680;20.06.2025 19:00;17;1.3
Lillehammer - Sætherengen;SN12680;20.06.2025 20:00;16.2;1.3
Lillehammer - Sætherengen;SN12680;20.06.2025 21:00;15.9;1
Lillehammer - Sætherengen;SN12680;20.06.2025 22:00;16.8;1.6
Lillehammer - Sætherengen;SN12680;20.06.2025 23:00;16.4;2.7
Lillehammer - Sætherengen;SN12680;21.06.2025 00:00;15.4;2.9
Lillehammer - Sætherengen;SN12680;21.06.2025 01:00;14.3;2.5
Lillehammer - Sætherengen;SN12680;21.06.2025 02:00;12.7;1.2
Lillehammer - Sætherengen;SN12680;21.06.2025 03:00;11.3;1.6
Lillehammer - Sætherengen;SN12680;21.06.2025 04:00;11.8;2.3
Lillehammer - Sætherengen;SN12680;21.06.2025 05:00;12.2;2.3
Lillehammer - Sætherengen;SN12680;21.06.2025 06:00;12.7;2.2
Lillehammer - Sætherengen;SN12680;21.06.2025 07:00;13.6;4.8
Lillehammer - Sætherengen;SN12680;21.06.2025 08:00;14.4;4.2
Lillehammer - Sætherengen;SN12680;21.06.2025 09:00;15.4;3.5
Lillehammer - Sætherengen;SN12680;21.06.2025 10:00;16.4;2.6
Lillehammer - Sætherengen;SN12680;21.06.2025 11:00;17.2;3.9
Lillehammer - Sætherengen;SN12680;21.06.2025 12:00;17.8;3
Lillehammer - Sætherengen;SN12680;21.06.2025 13:00;18.8;3
Lillehammer - Sætherengen;SN12680;21.06.2025 14:00;18.9;3.4
Lillehammer - Sætherengen;SN12680;21.06.2025 15:00;19.7;3.6
Lillehammer - Sætherengen;SN12680;21.06.2025 16:00;20.2;2.8
Lillehammer - Sætherengen;SN12680;21.06.2025 17:00;20.5;3.9
Lillehammer - Sætherengen;SN12680;21.06.2025 18:00;20.3;2.8
Lillehammer - Sætherengen;SN12680;21.06.2025 19:00;19.5;2.2
Lillehammer - Sætherengen;SN12680;21.06.2025 20:00;17.9;3.3
Lillehammer - Sætherengen;SN12680;21.06.2025 21:00;15.4;1.4
Lillehammer - Sætherengen;SN12680;21.06.2025 22:00;12.9;1.2
Lillehammer - Sætherengen;SN12680;21.06.2025 23:00;11.4;2
Lillehammer - Sætherengen;SN12680;22.06.2025 00:00;11.6;3.3
Lillehammer - Sætherengen;SN12680;22.06.2025 01:00;10.3;2.2
Lillehammer - Sætherengen;SN12680;22.06.2025 02:00;7.4;1.5
Lillehammer - Sætherengen;SN12680;22.06.2025 03:00;7.1;2.4
Lillehammer - Sætherengen;SN12680;22.06.2025 04:00;7;0
Lillehammer - Sætherengen;SN12680;22.06.2025 05:00;8.4;0.5
Lillehammer - Sætherengen;SN12680;22.06.2025 06:00;10.9;0
Lillehammer - Sætherengen;SN12680;22.06.2025 07:00;11.7;0.6
Lillehammer - Sætherengen;SN12680;22.06.2025 08:00;14.3;2.3
Lillehammer - Sætherengen;SN12680;22.06.2025 09:00;14.5;3
Lillehammer - Sætherengen;SN12680;22.06.2025 10:00;15;3.1
Lillehammer - Sætherengen;SN12680;22.06.2025 11:00;15.7;2.9
Lillehammer - Sætherengen;SN12680;22.06.2025 12:00;17;3
Lillehammer - Sætherengen;SN12680;22.06.2025 13:00;16.6;3.8
Lillehammer - Sætherengen;SN12680;22.06.2025 14:00;17.7;3.1
Lillehammer - Sætherengen;SN12680;22.06.2025 15:00;17.4;2.9
Lillehammer - Sætherengen;SN12680;22.06.2025 16:00;15.9;2.5
Lillehammer - Sætherengen;SN12680;22.06.2025 17:00;15.5;1.2
Lillehammer - Sætherengen;SN12680;22.06.2025 18:00;15.1;2
Lillehammer - Sætherengen;SN12680;22.06.2025 19:00;14.2;1.9
Lillehammer - Sætherengen;SN12680;22.06.2025 20:00;13.5;1.4
Lillehammer - Sætherengen;SN12680;22.06.2025 21:00;12.5;1.7
Lillehammer - Sætherengen;SN12680;22.06.2025 22:00;12.5;0.7
Lillehammer - Sætherengen;SN12680;22.06.2025 23:00;12.3;1.7
Lillehammer - Sætherengen;SN12680;23.06.2025 00:00;12.1;0.9
Lillehammer - Sætherengen;SN12680;23.06.2025 01:00;11.9;1.1
Lillehammer - Sætherengen;SN12680;23.06.2025 02:00;12;1.1
Lillehammer - Sætherengen;SN12680;23.06.2025 03:00;11.9;2.2
Lillehammer - Sætherengen;SN12680;23.06.2025 04:00;12.5;1.2
Lillehammer - Sætherengen;SN12680;23.06.2025 05:00;12.8;0.6
Lillehammer - Sætherengen;SN12680;23.06.2025 06:00;13.5;0.9
Lillehammer - Sætherengen;SN12680;23.06.2025 07:00;15.2;1.6
Lillehammer - Sætherengen;SN12680;23.06.2025 08:00;15.2;2.6
Lillehammer - Sætherengen;SN12680;23.06.2025 09:00;16.1;2.7
Lillehammer - Sætherengen;SN12680;23.06.2025 10:00;16.1;2.1
Lillehammer - Sætherengen;SN12680;23.06.2025 11:00;14.2;4
Lillehammer - Sætherengen;SN12680;23.06.2025 12:00;15.5;2.9
Lillehammer - Sætherengen;SN12680;23.06.2025 13:00;16.3;2.6
Lillehammer - Sætherengen;SN12680;23.06.2025 14:00;17;1.9
Lillehammer - Sætherengen;SN12680;23.06.2025 15:00;14.5;1.8
Lillehammer - Sætherengen;SN12680;23.06.2025 16:00;11.6;1.7
Lillehammer - Sætherengen;SN12680;23.06.2025 17:00;12;1.1
Lillehammer - Sætherengen;SN12680;23.06.2025 18:00;12.8;1.2
Lillehammer - Sætherengen;SN12680;23.06.2025 19:00;12.8;1.3
Lillehammer - Sætherengen;SN12680;23.06.2025 20:00;12.5;0.8
Lillehammer - Sætherengen;SN12680;23.06.2025 21:00;12.3;1.1
Lillehammer - Sætherengen;SN12680;23.06.2025 22:00;12.1;0
Lillehammer - Sætherengen;SN12680;23.06.2025 23:00;11.9;0.7
Lillehammer - Sætherengen;SN12680;24.06.2025 00:00;11.9;1.2
Lillehammer - Sætherengen;SN12680;24.06.2025 01:00;11.8;2.7
Lillehammer - Sætherengen;SN12680;24.06.2025 02:00;11.6;3.1
Lillehammer - Sætherengen;SN12680;24.06.2025 03:00;11.3;3.9
Lillehammer - Sætherengen;SN12680;24.06.2025 04:00;11;4.2
Lillehammer - Sætherengen;SN12680;24.06.2025 05:00;10.6;3.9
Lillehammer - Sætherengen;SN12680;24.06.2025 06:00;10.5;4.7
Lillehammer - Sætherengen;SN12680;24.06.2025 07:00;10.9;4.3
Lillehammer - Sætherengen;SN12680;24.06.2025 08:00;11.8;3.6
Lillehammer - Sætherengen;SN12680;24.06.2025 09:00;12.2;3.2
Lillehammer - Sætherengen;SN12680;24.06.2025 10:00;12;2.2
Lillehammer - Sætherengen;SN12680;24.06.2025 11:00;12.3;1.8
Lillehammer - Sætherengen;SN12680;24.06.2025 12:00;12.5;2.3
Lillehammer - Sætherengen;SN12680;24.06.2025 13:00;12.8;1.6
Lillehammer - Sætherengen;SN12680;24.06.2025 14:00;13.6;1
Lillehammer - Sætherengen;SN12680;24.06.2025 15:00;14.7;1.5
Lillehammer - Sætherengen;SN12680;24.06.2025 16:00;15.3;1.8
Lillehammer - Sætherengen;SN12680;24.06.2025 17:00;15.4;2
Lillehammer - Sætherengen;SN12680;24.06.2025 18:00;15.1;2.2
Lillehammer - Sætherengen;SN12680;24.06.2025 19:00;14.5;2
Lillehammer - Sætherengen;SN12680;24.06.2025 20:00;14;1.1
Lillehammer - Sætherengen;SN12680;24.06.2025 21:00;13.6;1.6
Lillehammer - Sætherengen;SN12680;24.06.2025 22:00;13;1
Lillehammer - Sætherengen;SN12680;24.06.2025 23:00;12.5;0.9
Lillehammer - Sætherengen;SN12680;25.06.2025 00:00;12.2;1
Lillehammer - Sætherengen;SN12680;25.06.2025 01:00;12.3;1.6
Lillehammer - Sætherengen;SN12680;25.06.2025 02:00;11.4;0.7
Lillehammer - Sætherengen;SN12680;25.06.2025 03:00;11.7;2
Lillehammer - Sætherengen;SN12680;25.06.2025 04:00;11.9;1.9
Lillehammer - Sætherengen;SN12680;25.06.2025 05:00;12.6;2.5
Lillehammer - Sætherengen;SN12680;25.06.2025 06:00;12.8;2.4
Lillehammer - Sætherengen;SN12680;25.06.2025 07:00;13.4;3.4
Lillehammer - Sætherengen;SN12680;25.06.2025 08:00;14.1;2.3
Lillehammer - Sætherengen;SN12680;25.06.2025 09:00;16.3;2.1
Lillehammer - Sætherengen;SN12680;25.06.2025 10:00;17.3;3.6
Lillehammer - Sætherengen;SN12680;25.06.2025 11:00;18.2;3.1
Lillehammer - Sætherengen;SN12680;25.06.2025 12:00;19.1;2.6
Lillehammer - Sætherengen;SN12680;25.06.2025 13:00;20;3.2
Lillehammer - Sætherengen;SN12680;25.06.2025 14:00;20.6;3.2
Lillehammer - Sætherengen;SN12680;25.06.2025 15:00;21.4;2
Lillehammer - Sætherengen;SN12680;25.06.2025 16:00;21.5;1.7
Lillehammer - Sætherengen;SN12680;25.06.2025 17:00;21.9;3.1
Lillehammer - Sætherengen;SN12680;25.06.2025 18:00;22;3
Lillehammer - Sætherengen;SN12680;25.06.2025 19:00;22.2;1.3
Lillehammer - Sætherengen;SN12680;25.06.2025 20:00;21.2;0.8
Lillehammer - Sætherengen;SN12680;25.06.2025 21:00;19;1.3
Lillehammer - Sætherengen;SN12680;25.06.2025 22:00;16.5;1
Lillehammer - Sætherengen;SN12680;25.06.2025 23:00;14;0.8
Lillehammer - Sætherengen;SN12680;26.06.2025 00:00;12.8;0.6
Lillehammer - Sætherengen;SN12680;26.06.2025 01:00;11.7;1.1
Lillehammer - Sætherengen;SN12680;26.06.2025 02:00;10.5;0.6
Lillehammer - Sætherengen;SN12680;26.06.2025 03:00;10;1
Lillehammer - Sætherengen;SN12680;26.06.2025 04:00;10.1;1.2
Lillehammer - Sætherengen;SN12680;26.06.2025 05:00;11.4;1.2
Lillehammer - Sætherengen;SN12680;26.06.2025 06:00;12;0.9
Lillehammer - Sætherengen;SN12680;26.06.2025 07:00;12.8;1.8
Lillehammer - Sætherengen;SN12680;26.06.2025 08:00;14.7;1.1
Lillehammer - Sætherengen;SN12680;26.06.2025 09:00;16.1;2.1
Lillehammer - Sætherengen;SN12680;26.06.2025 10:00;18.7;2.9
Lillehammer - Sætherengen;SN12680;26.06.2025 11:00;20.5;1.8
Lillehammer - Sætherengen;SN12680;26.06.2025 12:00;21.3;3.3
Lillehammer - Sætherengen;SN12680;26.06.2025 13:00;21.5;4.4
Lillehammer - Sætherengen;SN12680;26.06.2025 14:00;21.1;3.5
Lillehammer - Sætherengen;SN12680;26.06.2025 15:00;21.1;4.4
Lillehammer - Sætherengen;SN12680;26.06.2025 16:00;21;4.6
Lillehammer - Sætherengen;SN12680;26.06.2025 17:00;20.6;4.4
Lillehammer - Sætherengen;SN12680;26.06.2025 18:00;19.9;4.2
Lillehammer - Sætherengen;SN12680;26.06.2025 19:00;18;3.8
Lillehammer - Sætherengen;SN12680;26.06.2025 20:00;16.5;3.3
Lillehammer - Sætherengen;SN12680;26.06.2025 21:00;15.7;3.4
Lillehammer - Sætherengen;SN12680;26.06.2025 22:00;15.2;2.9
Lillehammer - Sætherengen;SN12680;26.06.2025 23:00;14.5;2.7
Lillehammer - Sætherengen;SN12680;27.06.2025 00:00;13.9;2
Lillehammer - Sætherengen;SN12680;27.06.2025 01:00;13.4;0.9
Lillehammer - Sætherengen;SN12680;27.06.2025 02:00;12.6;1.4
Lillehammer - Sætherengen;SN12680;27.06.2025 03:00;12.5;1.4
Lillehammer - Sætherengen;SN12680;27.06.2025 04:00;12.5;1
Lillehammer - Sætherengen;SN12680;27.06.2025 05:00;12.6;0.8
Lillehammer - Sætherengen;SN12680;27.06.2025 06:00;13.1;0.4
Lillehammer - Sætherengen;SN12680;27.06.2025 07:00;13.6;0.9
Lillehammer - Sætherengen;SN12680;27.06.2025 08:00;14.5;0.5
Lillehammer - Sætherengen;SN12680;27.06.2025 09:00;15.6;2.2
Lillehammer - Sætherengen;SN12680;27.06.2025 10:00;15.5;5.4
Lillehammer - Sætherengen;SN12680;27.06.2025 11:00;17.2;6.8
Lillehammer - Sætherengen;SN12680;27.06.2025 12:00;18.1;5.2
Lillehammer - Sætherengen;SN12680;27.06.2025 13:00;19.5;5.2
Lillehammer - Sætherengen;SN12680;27.06.2025 14:00;19.3;4.1
Lillehammer - Sætherengen;SN12680;27.06.2025 15:00;19.9;2.3
Lillehammer - Sætherengen;SN12680;27.06.2025 16:00;18.7;1.8
Lillehammer - Sætherengen;SN12680;27.06.2025 17:00;18.6;2.9
Lillehammer - Sætherengen;SN12680;27.06.2025 18:00;17.9;2.4
Lillehammer - Sætherengen;SN12680;27.06.2025 19:00;18;0.3
Lillehammer - Sætherengen;SN12680;27.06.2025 20:00;18.1;1.7
Lillehammer - Sætherengen;SN12680;27.06.2025 21:00;16.8;1.8
Lillehammer - Sætherengen;SN12680;27.06.2025 22:00;13.2;0.7
Lillehammer - Sætherengen;SN12680;27.06.2025 23:00;12.3;1
Lillehammer - Sætherengen;SN12680;28.06.2025 00:00;11.4;0.4
Lillehammer - Sætherengen;SN12680;28.06.2025 01:00;11.4;0.9
Lillehammer - Sætherengen;SN12680;28.06.2025 02:00;10.2;0.7
Lillehammer - Sætherengen;SN12680;28.06.2025 03:00;10.7;0.6
Lillehammer - Sætherengen;SN12680;28.06.2025 04:00;10.6;0.8
Lillehammer - Sætherengen;SN12680;28.06.2025 05:00;10.8;0.5
Lillehammer - Sætherengen;SN12680;28.06.2025 06:00;10.6;0.6
Lillehammer - Sætherengen;SN12680;28.06.2025 07:00;10.3;1.1
Lillehammer - Sætherengen;SN12680;28.06.2025 08:00;10.2;1.6
Lillehammer - Sætherengen;SN12680;28.06.2025 09:00;10.9;1.7
Lillehammer - Sætherengen;SN12680;28.06.2025 10:00;11.8;1.9
Lillehammer - Sætherengen;SN12680;28.06.2025 11:00;12.1;1
Lillehammer - Sætherengen;SN12680;28.06.2025 12:00;13.9;0.7
Lillehammer - Sætherengen;SN12680;28.06.2025 13:00;14.7;1.6
Lillehammer - Sætherengen;SN12680;28.06.2025 14:00;17.9;2.9
Lillehammer - Sætherengen;SN12680;28.06.2025 15:00;20.2;2.6
Lillehammer - Sætherengen;SN12680;28.06.2025 16:00;22.1;3.4
Lillehammer - Sætherengen;SN12680;28.06.2025 17:00;20.3;5.8
Lillehammer - Sætherengen;SN12680;28.06.2025 18:00;20.1;2.5
Lillehammer - Sætherengen;SN12680;28.06.2025 19:00;19;4.4
Lillehammer - Sætherengen;SN12680;28.06.2025 20:00;17.4;3.8
Lillehammer - Sætherengen;SN12680;28.06.2025 21:00;16.1;3.5
Lillehammer - Sætherengen;SN12680;28.06.2025 22:00;14.8;3.1
Lillehammer - Sætherengen;SN12680;28.06.2025 23:00;13.7;3.2
Lillehammer - Sætherengen;SN12680;29.06.2025 00:00;13.4;4.3
Lillehammer - Sætherengen;SN12680;29.06.2025 01:00;12.1;2.6
Lillehammer - Sætherengen;SN12680;29.06.2025 02:00;11.3;1.9
Lillehammer - Sætherengen;SN12680;29.06.2025 03:00;9.7;0.8
Lillehammer - Sætherengen;SN12680;29.06.2025 04:00;8.8;2
Lillehammer - Sætherengen;SN12680;29.06.2025 05:00;9.6;1.7
Lillehammer - Sætherengen;SN12680;29.06.2025 06:00;11.6;1.4
Lillehammer - Sætherengen;SN12680;29.06.2025 07:00;13;1.2
Lillehammer - Sætherengen;SN12680;29.06.2025 08:00;14.2;1.2
Lillehammer - Sætherengen;SN12680;29.06.2025 09:00;16.8;1.5
Lillehammer - Sætherengen;SN12680;29.06.2025 10:00;17.8;2
Lillehammer - Sætherengen;SN12680;29.06.2025 11:00;18.3;1.4
Lillehammer - Sætherengen;SN12680;29.06.2025 12:00;18.3;5.8
Lillehammer - Sætherengen;SN12680;29.06.2025 13:00;18.8;6.5
Lillehammer - Sætherengen;SN12680;29.06.2025 14:00;18.8;5.5
Lillehammer - Sætherengen;SN12680;29.06.2025 15:00;18.5;7.6
Lillehammer - Sætherengen;SN12680;29.06.2025 16:00;18.3;6.7
Lillehammer - Sætherengen;SN12680;29.06.2025 17:00;18;5.7
Lillehammer - Sætherengen;SN12680;29.06.2025 18:00;17.5;6.2
Lillehammer - Sætherengen;SN12680;29.06.2025 19:00;17.3;4.3
Lillehammer - Sætherengen;SN12680;29.06.2025 20:00;16.9;4.3
Lillehammer - Sætherengen;SN12680;29.06.2025 21:00;15.7;1.8
Lillehammer - Sætherengen;SN12680;29.06.2025 22:00;14.7;2.6
Lillehammer - Sætherengen;SN12680;29.06.2025 23:00;12;1.4
Lillehammer - Sætherengen;SN12680;30.06.2025 00:00;10.8;1.6
Lillehammer - Sætherengen;SN12680;30.06.2025 01:00;10.6;1.2
Lillehammer - Sætherengen;SN12680;30.06.2025 02:00;11;0.9
Lillehammer - Sætherengen;SN12680;30.06.2025 03:00;9.7;0.6
Lillehammer - Sætherengen;SN12680;30.06.2025 04:00;8.6;1
Lillehammer - Sætherengen;SN12680;30.06.2025 05:00;10.6;0.9
Lillehammer - Sætherengen;SN12680;30.06.2025 06:00;10.9;1.1
Lillehammer - Sætherengen;SN12680;30.06.2025 07:00;12.3;1.7
Lillehammer - Sætherengen;SN12680;30.06.2025 08:00;14;1.8
Lillehammer - Sætherengen;SN12680;30.06.2025 09:00;15.4;1.3
Lillehammer - Sætherengen;SN12680;30.06.2025 10:00;15.9;1.9
Lillehammer - Sætherengen;SN12680;30.06.2025 11:00;17.8;1.6
Lillehammer - Sætherengen;SN12680;30.06.2025 12:00;19.6;1.3
Lillehammer - Sætherengen;SN12680;30.06.2025 13:00;19;1.5
Lillehammer - Sætherengen;SN12680;30.06.2025 14:00;21.8;1.8
Lillehammer - Sætherengen;SN12680;30.06.2025 15:00;22.1;1.9
Lillehammer - Sætherengen;SN12680;30.06.2025 16:00;21.3;1.5
Lillehammer - Sætherengen;SN12680;30.06.2025 17:00;20.5;0.7
Lillehammer - Sætherengen;SN12680;30.06.2025 18:00;22.4;0.8
Lillehammer - Sætherengen;SN12680;30.06.2025 19:00;19.8;1
Lillehammer - Sætherengen;SN12680;30.06.2025 20:00;20.1;0.5
Lillehammer - Sætherengen;SN12680;30.06.2025 21:00;18.1;1
Lillehammer - Sætherengen;SN12680;30.06.2025 22:00;17.5;0.5
Lillehammer - Sætherengen;SN12680;30.06.2025 23:00;17;0.4
Lillehammer - Sætherengen;SN12680;01.07.2025 00:00;15.3;1.4
Lillehammer - Sætherengen;SN12680;01.07.2025 01:00;14.4;0.9
Lillehammer - Sætherengen;SN12680;01.07.2025 02:00;13.4;0.7
Lillehammer - Sætherengen;SN12680;01.07.2025 03:00;13;0.9
Lillehammer - Sætherengen;SN12680;01.07.2025 04:00;12.6;1.2
Lillehammer - Sætherengen;SN12680;01.07.2025 05:00;13.3;0.7
Lillehammer - Sætherengen;SN12680;01.07.2025 06:00;13.6;1.6
Lillehammer - Sætherengen;SN12680;01.07.2025 07:00;13.7;1.5
Lillehammer - Sætherengen;SN12680;01.07.2025 08:00;14.8;1.7
Lillehammer - Sætherengen;SN12680;01.07.2025 09:00;16.3;1.5
Lillehammer - Sætherengen;SN12680;01.07.2025 10:00;16.7;1
Lillehammer - Sætherengen;SN12680;01.07.2025 11:00;17.5;0.8
Lillehammer - Sætherengen;SN12680;01.07.2025 12:00;18.5;0.6
Lillehammer - Sætherengen;SN12680;01.07.2025 13:00;20.9;2.4
Lillehammer - Sætherengen;SN12680;01.07.2025 14:00;20.6;2.4
Lillehammer - Sætherengen;SN12680;01.07.2025 15:00;19.9;0.4
Lillehammer - Sætherengen;SN12680;01.07.2025 16:00;20.1;0.5
Lillehammer - Sætherengen;SN12680;01.07.2025 17:00;22.5;2.7
Lillehammer - Sætherengen;SN12680;01.07.2025 18:00;22.1;1.6
Lillehammer - Sætherengen;SN12680;01.07.2025 19:00;20.6;2.1
Lillehammer - Sætherengen;SN12680;01.07.2025 20:00;19.3;1.7
Lillehammer - Sætherengen;SN12680;01.07.2025 21:00;17.6;1.2
Lillehammer - Sætherengen;SN12680;01.07.2025 22:00;17;1.1
Lillehammer - Sætherengen;SN12680;01.07.2025 23:00;17.3;0.8
Lillehammer - Sætherengen;SN12680;02.07.2025 00:00;14.2;0.8
Lillehammer - Sætherengen;SN12680;02.07.2025 01:00;13.4;1.4
Lillehammer - Sætherengen;SN12680;02.07.2025 02:00;13.4;0.9
Lillehammer - Sætherengen;SN12680;02.07.2025 03:00;13.1;1
Lillehammer - Sætherengen;SN12680;02.07.2025 04:00;13;1
Lillehammer - Sætherengen;SN12680;02.07.2025 05:00;12.6;1
Lillehammer - Sætherengen;SN12680;02.07.2025 06:00;12.7;0.4
Lillehammer - Sætherengen;SN12680;02.07.2025 07:00;13.1;0.5
Lillehammer - Sætherengen;SN12680;02.07.2025 08:00;13.1;1.4
Lillehammer - Sætherengen;SN12680;02.07.2025 09:00;13.5;1.2
Lillehammer - Sætherengen;SN12680;02.07.2025 10:00;14.8;1.8
Lillehammer - Sætherengen;SN12680;02.07.2025 11:00;16.5;2.2
Lillehammer - Sætherengen;SN12680;02.07.2025 12:00;17.6;2.1
Lillehammer - Sætherengen;SN12680;02.07.2025 13:00;18.7;3.3
Lillehammer - Sætherengen;SN12680;02.07.2025 14:00;19.2;3.5
Lillehammer - Sætherengen;SN12680;02.07.2025 15:00;20.1;2.9
Lillehammer - Sætherengen;SN12680;02.07.2025 16:00;19.7;3.5
Lillehammer - Sætherengen;SN12680;02.07.2025 17:00;20.1;2.5
Lillehammer - Sætherengen;SN12680;02.07.2025 18:00;18.6;2.5
Lillehammer - Sætherengen;SN12680;02.07.2025 19:00;17.8;1.6
Lillehammer - Sætherengen;SN12680;02.07.2025 20:00;16.8;1.7
Lillehammer - Sætherengen;SN12680;02.07.2025 21:00;12.5;3
Lillehammer - Sætherengen;SN12680;02.07.2025 22:00;12.3;2.2
Lillehammer - Sætherengen;SN12680;02.07.2025 23:00;12.8;2.6
Lillehammer - Sætherengen;SN12680;03.07.2025 00:00;12.1;1.9
Lillehammer - Sætherengen;SN12680;03.07.2025 01:00;11.8;1.1
Lillehammer - Sætherengen;SN12680;03.07.2025 02:00;11.6;1.4
Lillehammer - Sætherengen;SN12680;03.07.2025 03:00;11.5;1.5
Lillehammer - Sætherengen;SN12680;03.07.2025 04:00;11.4;2.7
Lillehammer - Sætherengen;SN12680;03.07.2025 05:00;11.2;2.5
Lillehammer - Sætherengen;SN12680;03.07.2025 06:00;11.2;2.6
Lillehammer - Sætherengen;SN12680;03.07.2025 07:00;11.3;3.2
Lillehammer - Sætherengen;SN12680;03.07.2025 08:00;11;3.9
Lillehammer - Sætherengen;SN12680;03.07.2025 09:00;11.4;5
Lillehammer - Sætherengen;SN12680;03.07.2025 10:00;11.8;5.4
Lillehammer - Sætherengen;SN12680;03.07.2025 11:00;12.9;7
Lillehammer - Sætherengen;SN12680;03.07.2025 12:00;13.6;5.3
Lillehammer - Sætherengen;SN12680;03.07.2025 13:00;14.6;3.2
Lillehammer - Sætherengen;SN12680;03.07.2025 14:00;15.9;4.7
Lillehammer - Sætherengen;SN12680;03.07.2025 15:00;17.1;5.2
Lillehammer - Sætherengen;SN12680;03.07.2025 16:00;17.3;3.9
Lillehammer - Sætherengen;SN12680;03.07.2025 17:00;16.8;4.9
Lillehammer - Sætherengen;SN12680;03.07.2025 18:00;16.8;4.5
Lillehammer - Sætherengen;SN12680;03.07.2025 19:00;15.6;4.4
Lillehammer - Sætherengen;SN12680;03.07.2025 20:00;14.9;2.2
Lillehammer - Sætherengen;SN12680;03.07.2025 21:00;15.2;0.7
Lillehammer - Sætherengen;SN12680;03.07.2025 22:00;12.1;1
Lillehammer - Sætherengen;SN12680;03.07.2025 23:00;11.1;1.3
Lillehammer - Sætherengen;SN12680;04.07.2025 00:00;9.7;0.9
Lillehammer - Sætherengen;SN12680;04.07.2025 01:00;8.9;0.8
Lillehammer - Sætherengen;SN12680;04.07.2025 02:00;9.2;1.3
Lillehammer - Sætherengen;SN12680;04.07.2025 03:00;8.3;1.1
Lillehammer - Sætherengen;SN12680;04.07.2025 04:00;8;0.8
Lillehammer - Sætherengen;SN12680;04.07.2025 05:00;8.4;1.4
Lillehammer - Sætherengen;SN12680;04.07.2025 06:00;9.4;1.2
Lillehammer - Sætherengen;SN12680;04.07.2025 07:00;10.4;0.8
Lillehammer - Sætherengen;SN12680;04.07.2025 08:00;12.1;0.9
Lillehammer - Sætherengen;SN12680;04.07.2025 09:00;13.7;1.2
Lillehammer - Sætherengen;SN12680;04.07.2025 10:00;14.4;2.3
Lillehammer - Sætherengen;SN12680;04.07.2025 11:00;16.4;2
Lillehammer - Sætherengen;SN12680;04.07.2025 12:00;17.3;2.2
Lillehammer - Sætherengen;SN12680;04.07.2025 13:00;17.9;2.5
Lillehammer - Sætherengen;SN12680;04.07.2025 14:00;19;3
Lillehammer - Sætherengen;SN12680;04.07.2025 15:00;17.6;2.8
Lillehammer - Sætherengen;SN12680;04.07.2025 16:00;17.7;3.1
Lillehammer - Sætherengen;SN12680;04.07.2025 17:00;17.6;3.6
Lillehammer - Sætherengen;SN12680;04.07.2025 18:00;16.6;2.7
Lillehammer - Sætherengen;SN12680;04.07.2025 19:00;15;1.8
Lillehammer - Sætherengen;SN12680;04.07.2025 20:00;14.8;1.4
Lillehammer - Sætherengen;SN12680;04.07.2025 21:00;12;3.7
Lillehammer - Sætherengen;SN12680;04.07.2025 22:00;10.9;1.2
Lillehammer - Sætherengen;SN12680;04.07.2025 23:00;10.3;0.8
Lillehammer - Sætherengen;SN12680;05.07.2025 00:00;10.2;0.5
Lillehammer - Sætherengen;SN12680;05.07.2025 01:00;10.2;0.8
Lillehammer - Sætherengen;SN12680;05.07.2025 02:00;10;0.8
Lillehammer - Sætherengen;SN12680;05.07.2025 03:00;10.1;0.6
Lillehammer - Sætherengen;SN12680;05.07.2025 04:00;10;0.6
Lillehammer - Sætherengen;SN12680;05.07.2025 05:00;9.9;0.6
Lillehammer - Sætherengen;SN12680;05.07.2025 06:00;10.3;0.7
Lillehammer - Sætherengen;SN12680;05.07.2025 07:00;10.7;0.4
Lillehammer - Sætherengen;SN12680;05.07.2025 08:00;11.1;1.2
Lillehammer - Sætherengen;SN12680;05.07.2025 09:00;12.4;2.2
Lillehammer - Sætherengen;SN12680;05.07.2025 10:00;12.1;2.3
Lillehammer - Sætherengen;SN12680;05.07.2025 11:00;12.4;2.2
Lillehammer - Sætherengen;SN12680;05.07.2025 12:00;12.6;1.6
Lillehammer - Sætherengen;SN12680;05.07.2025 13:00;13.3;2.2
Lillehammer - Sætherengen;SN12680;05.07.2025 14:00;14;1.8
Lillehammer - Sætherengen;SN12680;05.07.2025 15:00;12.8;1.4
Lillehammer - Sætherengen;SN12680;05.07.2025 16:00;13.8;1
Lillehammer - Sætherengen;SN12680;05.07.2025 17:00;14.2;1.1
Lillehammer - Sætherengen;SN12680;05.07.2025 18:00;14.2;1.7
Lillehammer - Sætherengen;SN12680;05.07.2025 19:00;13.4;1.7
Lillehammer - Sætherengen;SN12680;05.07.2025 20:00;13.2;1.3
Lillehammer - Sætherengen;SN12680;05.07.2025 21:00;13.1;1.2
Lillehammer - Sætherengen;SN12680;05.07.2025 22:00;13.1;0.7
Lillehammer - Sætherengen;SN12680;05.07.2025 23:00;13;1
Lillehammer - Sætherengen;SN12680;06.07.2025 00:00;13;0.6
Lillehammer - Sætherengen;SN12680;06.07.2025 01:00;13;1.4
Lillehammer - Sætherengen;SN12680;06.07.2025 02:00;12.5;1.5
Lillehammer - Sætherengen;SN12680;06.07.2025 03:00;12.4;1.5
Lillehammer - Sætherengen;SN12680;06.07.2025 04:00;12.3;1.1
Lillehammer - Sætherengen;SN12680;06.07.2025 05:00;12.3;1.2
Lillehammer - Sætherengen;SN12680;06.07.2025 06:00;12.5;1.4
Lillehammer - Sætherengen;SN12680;06.07.2025 07:00;12.9;1.1
Lillehammer - Sætherengen;SN12680;06.07.2025 08:00;13.4;2.3
Lillehammer - Sætherengen;SN12680;06.07.2025 09:00;14.6;1.3
Lillehammer - Sætherengen;SN12680;06.07.2025 10:00;15.6;1.9
Lillehammer - Sætherengen;SN12680;06.07.2025 11:00;17;1.3
Lillehammer - Sætherengen;SN12680;06.07.2025 12:00;18.5;1.1
Lillehammer - Sætherengen;SN12680;06.07.2025 13:00;19.5;2.3
Lillehammer - Sætherengen;SN12680;06.07.2025 14:00;17.5;2.1
Lillehammer - Sætherengen;SN12680;06.07.2025 15:00;18.7;0.9
Lillehammer - Sætherengen;SN12680;06.07.2025 16:00;17.8;1.5
Lillehammer - Sætherengen;SN12680;06.07.2025 17:00;18.5;1.6
Lillehammer - Sætherengen;SN12680;06.07.2025 18:00;17.2;1.5
Lillehammer - Sætherengen;SN12680;06.07.2025 19:00;17.1;1.6
Lillehammer - Sætherengen;SN12680;06.07.2025 20:00;18.2;2.1
Lillehammer - Sætherengen;SN12680;06.07.2025 21:00;15.7;1.5
Lillehammer - Sætherengen;SN12680;06.07.2025 22:00;15.6;0.9
Lillehammer - Sætherengen;SN12680;06.07.2025 23:00;14.2;0
Lillehammer - Sætherengen;SN12680;07.07.2025 00:00;13.7;0.5
Lillehammer - Sætherengen;SN12680;07.07.2025 01:00;12.8;0.4
Lillehammer - Sætherengen;SN12680;07.07.2025 02:00;12.8;1.7
Lillehammer - Sætherengen;SN12680;07.07.2025 03:00;11.8;0.8
Lillehammer - Sætherengen;SN12680;07.07.2025 04:00;11.6;0.8
Lillehammer - Sætherengen;SN12680;07.07.2025 05:00;11.3;0.8
Lillehammer - Sætherengen;SN12680;07.07.2025 06:00;13;0.9
Lillehammer - Sætherengen;SN12680;07.07.2025 07:00;13.7;0.9
Lillehammer - Sætherengen;SN12680;07.07.2025 08:00;14.1;0.9
Lillehammer - Sætherengen;SN12680;07.07.2025 09:00;15.1;1
Lillehammer - Sætherengen;SN12680;07.07.2025 10:00;15.4;0.6
Lillehammer - Sætherengen;SN12680;07.07.2025 11:00;16;1.2
Lillehammer - Sætherengen;SN12680;07.07.2025 12:00;16.7;1.4
Lillehammer - Sætherengen;SN12680;07.07.2025 13:00;17.5;2.4
Lillehammer - Sætherengen;SN12680;07.07.2025 14:00;18.4;1.4
Lillehammer - Sætherengen;SN12680;07.07.2025 15:00;18;1.6
Lillehammer - Sætherengen;SN12680;07.07.2025 16:00;18.5;0.8
Lillehammer - Sætherengen;SN12680;07.07.2025 17:00;18.5;2.1
Lillehammer - Sætherengen;SN12680;07.07.2025 18:00;18.5;1.1
Lillehammer - Sætherengen;SN12680;07.07.2025 19:00;17.5;1.4
Lillehammer - Sætherengen;SN12680;07.07.2025 20:00;17.2;1.3
Lillehammer - Sætherengen;SN12680;07.07.2025 21:00;15.7;0.5
Lillehammer - Sætherengen;SN12680;07.07.2025 22:00;14.7;1
Lillehammer - Sætherengen;SN12680;07.07.2025 23:00;14.4;2
Lillehammer - Sætherengen;SN12680;08.07.2025 00:00;13.4;1.1
Lillehammer - Sætherengen;SN12680;08.07.2025 01:00;13.4;1.1
Lillehammer - Sætherengen;SN12680;08.07.2025 02:00;12.4;0.9
Lillehammer - Sætherengen;SN12680;08.07.2025 03:00;12.4;2.2
Lillehammer - Sætherengen;SN12680;08.07.2025 04:00;11.2;1.3
Lillehammer - Sætherengen;SN12680;08.07.2025 05:00;10.6;1.9
Lillehammer - Sætherengen;SN12680;08.07.2025 06:00;11.5;1.6
Lillehammer - Sætherengen;SN12680;08.07.2025 07:00;12.4;1.7
Lillehammer - Sætherengen;SN12680;08.07.2025 08:00;14.4;1.9
Lillehammer - Sætherengen;SN12680;08.07.2025 09:00;16.8;2.2
Lillehammer - Sætherengen;SN12680;08.07.2025 10:00;17.2;2.8
Lillehammer - Sætherengen;SN12680;08.07.2025 11:00;18.1;1.1
Lillehammer - Sætherengen;SN12680;08.07.2025 12:00;19.3;2.6
Lillehammer - Sætherengen;SN12680;08.07.2025 13:00;20.1;2.3
Lillehammer - Sætherengen;SN12680;08.07.2025 14:00;22;1.4
Lillehammer - Sætherengen;SN12680;08.07.2025 15:00;22.9;1
Lillehammer - Sætherengen;SN12680;08.07.2025 16:00;23;1
Lillehammer - Sætherengen;SN12680;08.07.2025 17:00;21.1;1
Lillehammer - Sætherengen;SN12680;08.07.2025 18:00;21.2;0.4
Lillehammer - Sætherengen;SN12680;08.07.2025 19:00;20.1;1.3
Lillehammer - Sætherengen;SN12680;08.07.2025 20:00;19.6;1.8
Lillehammer - Sætherengen;SN12680;08.07.2025 21:00;17;0.6
Lillehammer - Sætherengen;SN12680;08.07.2025 22:00;17.6;1.3
Lillehammer - Sætherengen;SN12680;08.07.2025 23:00;14.6;1.2
Lillehammer - Sætherengen;SN12680;09.07.2025 00:00;12.5;1
Lillehammer - Sætherengen;SN12680;09.07.2025 01:00;12.4;1.5
Lillehammer - Sætherengen;SN12680;09.07.2025 02:00;11.7;0.9
Lillehammer - Sætherengen;SN12680;09.07.2025 03:00;11.2;0.6
Lillehammer - Sætherengen;SN12680;09.07.2025 04:00;10.8;1.2
Lillehammer - Sætherengen;SN12680;09.07.2025 05:00;10.7;1.9
Lillehammer - Sætherengen;SN12680;09.07.2025 06:00;12.4;1.6
Lillehammer - Sætherengen;SN12680;09.07.2025 07:00;13.9;1
Lillehammer - Sætherengen;SN12680;09.07.2025 08:00;14.9;1.6
Lillehammer - Sætherengen;SN12680;09.07.2025 09:00;17.1;0.8
Lillehammer - Sætherengen;SN12680;09.07.2025 10:00;18.1;1.9
Lillehammer - Sætherengen;SN12680;09.07.2025 11:00;19.2;2.3
Lillehammer - Sætherengen;SN12680;09.07.2025 12:00;19;2.3
Lillehammer - Sætherengen;SN12680;09.07.2025 13:00;19.9;2
Lillehammer - Sætherengen;SN12680;09.07.2025 14:00;20.9;2
Lillehammer - Sætherengen;SN12680;09.07.2025 15:00;17.6;2
Lillehammer - Sætherengen;SN12680;09.07.2025 16:00;18.1;2.2
Lillehammer - Sætherengen;SN12680;09.07.2025 17:00;17.5;2
Lillehammer - Sætherengen;SN12680;09.07.2025 18:00;18.9;0.6
Lillehammer - Sætherengen;SN12680;09.07.2025 19:00;17.7;0.6
Lillehammer - Sætherengen;SN12680;09.07.2025 20:00;17;1.4
Lillehammer - Sætherengen;SN12680;09.07.2025 21:00;16.8;1
Lillehammer - Sætherengen;SN12680;09.07.2025 22:00;15.3;1.1
Lillehammer - Sætherengen;SN12680;09.07.2025 23:00;14;1
Lillehammer - Sætherengen;SN12680;10.07.2025 00:00;12.3;1
Lillehammer - Sætherengen;SN12680;10.07.2025 01:00;12;1.2
Lillehammer - Sætherengen;SN12680;10.07.2025 02:00;11.2;0.8
Lillehammer - Sætherengen;SN12680;10.07.2025 03:00;11.5;0.7
Lillehammer - Sætherengen;SN12680;10.07.2025 04:00;10.5;1.4
Lillehammer - Sætherengen;SN12680;10.07.2025 05:00;11.5;1.1
Lillehammer - Sætherengen;SN12680;10.07.2025 06:00;13.5;0.8
Lillehammer - Sætherengen;SN12680;10.07.2025 07:00;14.4;1.3
Lillehammer - Sætherengen;SN12680;10.07.2025 08:00;15.6;1
Lillehammer - Sætherengen;SN12680;10.07.2025 09:00;17.6;1.2
Lillehammer - Sætherengen;SN12680;10.07.2025 10:00;17.9;2.2
Lillehammer - Sætherengen;SN12680;10.07.2025 11:00;19.8;2.1
Lillehammer - Sætherengen;SN12680;10.07.2025 12:00;21.2;2.3
Lillehammer - Sætherengen;SN12680;10.07.2025 13:00;23.7;2.2
Lillehammer - Sætherengen;SN12680;10.07.2025 14:00;24.3;2
Lillehammer - Sætherengen;SN12680;10.07.2025 15:00;25.1;1.5
Lillehammer - Sætherengen;SN12680;10.07.2025 16:00;24.9;2.9
Lillehammer - Sætherengen;SN12680;10.07.2025 17:00;24.5;3.1
Lillehammer - Sætherengen;SN12680;10.07.2025 18:00;24.1;3.2
Lillehammer - Sætherengen;SN12680;10.07.2025 19:00;23.1;2.4
Lillehammer - Sætherengen;SN12680;10.07.2025 20:00;20.7;0.9
Lillehammer - Sætherengen;SN12680;10.07.2025 21:00;19;0
Lillehammer - Sætherengen;SN12680;10.07.2025 22:00;18.5;1.1
Lillehammer - Sætherengen;SN12680;10.07.2025 23:00;16.7;0.7
Lillehammer - Sætherengen;SN12680;11.07.2025 00:00;16.1;0.6
Lillehammer - Sætherengen;SN12680;11.07.2025 01:00;14.6;0.7
Lillehammer - Sætherengen;SN12680;11.07.2025 02:00;13.7;0.7
Lillehammer - Sætherengen;SN12680;11.07.2025 03:00;12.9;1
Lillehammer - Sætherengen;SN12680;11.07.2025 04:00;13.5;1.1
Lillehammer - Sætherengen;SN12680;11.07.2025 05:00;15;2
Lillehammer - Sætherengen;SN12680;11.07.2025 06:00;16.4;2.4
Lillehammer - Sætherengen;SN12680;11.07.2025 07:00;18.2;1.6
Lillehammer - Sætherengen;SN12680;11.07.2025 08:00;19.2;1.7
Lillehammer - Sætherengen;SN12680;11.07.2025 09:00;20.8;1.4
Lillehammer - Sætherengen;SN12680;11.07.2025 10:00;21.6;1.1
Lillehammer - Sætherengen;SN12680;11.07.2025 11:00;22.9;1.5
Lillehammer - Sætherengen;SN12680;11.07.2025 12:00;24.2;2.2
Lillehammer - Sætherengen;SN12680;11.07.2025 13:00;25.3;1.9
Lillehammer - Sætherengen;SN12680;11.07.2025 14:00;26.9;1.9
Lillehammer - Sætherengen;SN12680;11.07.2025 15:00;26.9;2.6
Lillehammer - Sætherengen;SN12680;11.07.2025 16:00;27.2;2.3
Lillehammer - Sætherengen;SN12680;11.07.2025 17:00;27.8;1.5
Lillehammer - Sætherengen;SN12680;11.07.2025 18:00;26.7;1.6
Lillehammer - Sætherengen;SN12680;11.07.2025 19:00;26.6;0.8
Lillehammer - Sætherengen;SN12680;11.07.2025 20:00;25.7;0.4
Lillehammer - Sætherengen;SN12680;11.07.2025 21:00;22.7;1.1
Lillehammer - Sætherengen;SN12680;11.07.2025 22:00;19.2;0.9
Lillehammer - Sætherengen;SN12680;11.07.2025 23:00;17;0.7
Lillehammer - Sætherengen;SN12680;12.07.2025 00:00;15.7;0
Lillehammer - Sætherengen;SN12680;12.07.2025 01:00;15.9;0.7
Lillehammer - Sætherengen;SN12680;12.07.2025 02:00;15;0.4
Lillehammer - Sætherengen;SN12680;12.07.2025 03:00;13.8;0.7
Lillehammer - Sætherengen;SN12680;12.07.2025 04:00;14.1;1.1
Lillehammer - Sætherengen;SN12680;12.07.2025 05:00;14.8;2.4
Lillehammer - Sætherengen;SN12680;12.07.2025 06:00;16.3;1.5
Lillehammer - Sætherengen;SN12680;12.07.2025 07:00;17.7;1.6
Lillehammer - Sætherengen;SN12680;12.07.2025 08:00;19.6;2
Lillehammer - Sætherengen;SN12680;12.07.2025 09:00;21.8;2.2
Lillehammer - Sætherengen;SN12680;12.07.2025 10:00;24.2;2
Lillehammer - Sætherengen;SN12680;12.07.2025 11:00;26.6;2.9
Lillehammer - Sætherengen;SN12680;12.07.2025 12:00;27.9;1.8
Lillehammer - Sætherengen;SN12680;12.07.2025 13:00;28.6;2.7
Lillehammer - Sætherengen;SN12680;12.07.2025 14:00;29.2;2.2
Lillehammer - Sætherengen;SN12680;12.07.2025 15:00;29.7;2
Lillehammer - Sætherengen;SN12680;12.07.2025 16:00;30.3;2
Lillehammer - Sætherengen;SN12680;12.07.2025 17:00;29.6;2.7
Lillehammer - Sætherengen;SN12680;12.07.2025 18:00;29.7;2.5
Lillehammer - Sætherengen;SN12680;12.07.2025 19:00;29;1.4
Lillehammer - Sætherengen;SN12680;12.07.2025 20:00;27.5;1.5
Lillehammer - Sætherengen;SN12680;12.07.2025 21:00;24.5;1.7
Lillehammer - Sætherengen;SN12680;12.07.2025 22:00;21.6;1.8
Lillehammer - Sætherengen;SN12680;12.07.2025 23:00;18.4;0.5
Lillehammer - Sætherengen;SN12680;13.07.2025 00:00;17.7;0.5
Lillehammer - Sætherengen;SN12680;13.07.2025 01:00;17.7;1.3
Lillehammer - Sætherengen;SN12680;13.07.2025 02:00;17;1.7
Lillehammer - Sætherengen;SN12680;13.07.2025 03:00;16.7;2.8
Lillehammer - Sætherengen;SN12680;13.07.2025 04:00;15.5;2.9
Lillehammer - Sætherengen;SN12680;13.07.2025 05:00;15.3;2.1
Lillehammer - Sætherengen;SN12680;13.07.2025 06:00;17.4;1.7
Lillehammer - Sætherengen;SN12680;13.07.2025 07:00;18;2.3
Lillehammer - Sætherengen;SN12680;13.07.2025 08:00;19.4;2.5
Lillehammer - Sætherengen;SN12680;13.07.2025 09:00;20.2;0.9
Lillehammer - Sætherengen;SN12680;13.07.2025 10:00;23.1;0.7
Lillehammer - Sætherengen;SN12680;13.07.2025 11:00;23.4;0.9
Lillehammer - Sætherengen;SN12680;13.07.2025 12:00;25.1;1.7
Lillehammer - Sætherengen;SN12680;13.07.2025 13:00;26.2;1.5
Lillehammer - Sætherengen;SN12680;13.07.2025 14:00;23.9;2.2
Lillehammer - Sætherengen;SN12680;13.07.2025 15:00;20.2;3
Lillehammer - Sætherengen;SN12680;13.07.2025 16:00;18.7;1.4
Lillehammer - Sætherengen;SN12680;13.07.2025 17:00;18.5;1
Lillehammer - Sætherengen;SN12680;13.07.2025 18:00;18.4;2.6
Lillehammer - Sætherengen;SN12680;13.07.2025 19:00;18.7;1.8
Lillehammer - Sætherengen;SN12680;13.07.2025 20:00;18.7;1.1
Lillehammer - Sætherengen;SN12680;13.07.2025 21:00;18.4;0.9
Lillehammer - Sætherengen;SN12680;13.07.2025 22:00;18.4;1.3
Lillehammer - Sætherengen;SN12680;13.07.2025 23:00;18.3;2.8
Lillehammer - Sætherengen;SN12680;14.07.2025 00:00;17.9;2.7
Lillehammer - Sætherengen;SN12680;14.07.2025 01:00;17.6;1.8
Lillehammer - Sætherengen;SN12680;14.07.2025 02:00;17.4;1.1
Lillehammer - Sætherengen;SN12680;14.07.2025 03:00;17.3;2.1
Lillehammer - Sætherengen;SN12680;14.07.2025 04:00;17.1;1.7
Lillehammer - Sætherengen;SN12680;14.07.2025 05:00;17.7;1.5
Lillehammer - Sætherengen;SN12680;14.07.2025 06:00;18.4;1.4
Lillehammer - Sætherengen;SN12680;14.07.2025 07:00;18.8;1.8
Lillehammer - Sætherengen;SN12680;14.07.2025 08:00;20.2;2.1
Lillehammer - Sætherengen;SN12680;14.07.2025 09:00;20.7;2
Lillehammer - Sætherengen;SN12680;14.07.2025 10:00;20.7;1.7
Lillehammer - Sætherengen;SN12680;14.07.2025 11:00;23.2;2.4
Lillehammer - Sætherengen;SN12680;14.07.2025 12:00;22.5;1.8
Lillehammer - Sætherengen;SN12680;14.07.2025 13:00;22.7;1.1
Lillehammer - Sætherengen;SN12680;14.07.2025 14:00;21.9;0.3
Lillehammer - Sætherengen;SN12680;14.07.2025 15:00;22;1.2
Lillehammer - Sætherengen;SN12680;14.07.2025 16:00;22.4;1.3
Lillehammer - Sætherengen;SN12680;14.07.2025 17:00;21.8;2.4
Lillehammer - Sætherengen;SN12680;14.07.2025 18:00;22.1;1.6
Lillehammer - Sætherengen;SN12680;14.07.2025 19:00;22.1;2.1
Lillehammer - Sætherengen;SN12680;14.07.2025 20:00;21.4;1.3
Lillehammer - Sætherengen;SN12680;14.07.2025 21:00;19.8;0.7
Lillehammer - Sætherengen;SN12680;14.07.2025 22:00;19.1;1.5
Lillehammer - Sætherengen;SN12680;14.07.2025 23:00;18.9;1
Lillehammer - Sætherengen;SN12680;15.07.2025 00:00;17.5;0.8
Lillehammer - Sætherengen;SN12680;15.07.2025 01:00;17.2;0.7
Lillehammer - Sætherengen;SN12680;15.07.2025 02:00;17.4;0.7
Lillehammer - Sætherengen;SN12680;15.07.2025 03:00;16.7;1.4
Lillehammer - Sætherengen;SN12680;15.07.2025 04:00;16.4;0.7
Lillehammer - Sætherengen;SN12680;15.07.2025 05:00;16.7;0.5
Lillehammer - Sætherengen;SN12680;15.07.2025 06:00;17;1.1
Lillehammer - Sætherengen;SN12680;15.07.2025 07:00;17.3;0.8
Lillehammer - Sætherengen;SN12680;15.07.2025 08:00;18.7;1.6
Lillehammer - Sætherengen;SN12680;15.07.2025 09:00;19.4;1.5
Lillehammer - Sætherengen;SN12680;15.07.2025 10:00;20.8;0.9
Lillehammer - Sætherengen;SN12680;15.07.2025 11:00;21.8;2.1
Lillehammer - Sætherengen;SN12680;15.07.2025 12:00;22.2;1.6
Lillehammer - Sætherengen;SN12680;15.07.2025 13:00;23.9;1.9
Lillehammer - Sætherengen;SN12680;15.07.2025 14:00;24.8;2.6
Lillehammer - Sætherengen;SN12680;15.07.2025 15:00;25.4;3
Lillehammer - Sætherengen;SN12680;15.07.2025 16:00;25.2;1.3
Lillehammer - Sætherengen;SN12680;15.07.2025 17:00;24.8;1
Lillehammer - Sætherengen;SN12680;15.07.2025 18:00;25.2;2.1
Lillehammer - Sætherengen;SN12680;15.07.2025 19:00;22.1;1.7
Lillehammer - Sætherengen;SN12680;15.07.2025 20:00;20.5;2.5
Lillehammer - Sætherengen;SN12680;15.07.2025 21:00;19.6;2.5
Lillehammer - Sætherengen;SN12680;15.07.2025 22:00;18.5;1.2
Lillehammer - Sætherengen;SN12680;15.07.2025 23:00;18.3;1.9
Lillehammer - Sætherengen;SN12680;16.07.2025 00:00;18.1;1.9
Lillehammer - Sætherengen;SN12680;16.07.2025 01:00;17.9;3.6
Lillehammer - Sætherengen;SN12680;16.07.2025 02:00;17.5;2.1
Lillehammer - Sætherengen;SN12680;16.07.2025 03:00;17;1.4
Lillehammer - Sætherengen;SN12680;16.07.2025 04:00;16.9;2.1
Lillehammer - Sætherengen;SN12680;16.07.2025 05:00;16.9;1.8
Lillehammer - Sætherengen;SN12680;16.07.2025 06:00;18.2;2
Lillehammer - Sætherengen;SN12680;16.07.2025 07:00;19.5;2.4
Lillehammer - Sætherengen;SN12680;16.07.2025 08:00;20.9;3
Lillehammer - Sætherengen;SN12680;16.07.2025 09:00;21.9;1.6
Lillehammer - Sætherengen;SN12680;16.07.2025 10:00;23.6;1.2
Lillehammer - Sætherengen;SN12680;16.07.2025 11:00;25.5;1.8
Lillehammer - Sætherengen;SN12680;16.07.2025 12:00;26.9;2.3
Lillehammer - Sætherengen;SN12680;16.07.2025 13:00;27.6;2.1
Lillehammer - Sætherengen;SN12680;16.07.2025 14:00;29.3;1.3
Lillehammer - Sætherengen;SN12680;16.07.2025 15:00;29;1.7
Lillehammer - Sætherengen;SN12680;16.07.2025 16:00;28.9;2.8
Lillehammer - Sætherengen;SN12680;16.07.2025 17:00;30.6;1.7
Lillehammer - Sætherengen;SN12680;16.07.2025 18:00;26.7;1
Lillehammer - Sætherengen;SN12680;16.07.2025 19:00;26.1;0.9
Lillehammer - Sætherengen;SN12680;16.07.2025 20:00;23.7;1.4
Lillehammer - Sætherengen;SN12680;16.07.2025 21:00;22.4;0.7
Lillehammer - Sætherengen;SN12680;16.07.2025 22:00;20.1;1.3
Lillehammer - Sætherengen;SN12680;16.07.2025 23:00;18.8;0.5
Lillehammer - Sætherengen;SN12680;17.07.2025 00:00;18.1;0.7
Lillehammer - Sætherengen;SN12680;17.07.2025 01:00;17;0.8
Lillehammer - Sætherengen;SN12680;17.07.2025 02:00;16.7;0.7
Lillehammer - Sætherengen;SN12680;17.07.2025 03:00;16.2;1.1
Lillehammer - Sætherengen;SN12680;17.07.2025 04:00;16.6;1.1
Lillehammer - Sætherengen;SN12680;17.07.2025 05:00;16.9;1.7
Lillehammer - Sætherengen;SN12680;17.07.2025 06:00;18.4;0.7
Lillehammer - Sætherengen;SN12680;17.07.2025 07:00;19.3;1.6
Lillehammer - Sætherengen;SN12680;17.07.2025 08:00;20.4;1.4
Lillehammer - Sætherengen;SN12680;17.07.2025 09:00;22.5;0.8
Lillehammer - Sætherengen;SN12680;17.07.2025 10:00;24.2;1.4
Lillehammer - Sætherengen;SN12680;17.07.2025 11:00;26.2;1.2
Lillehammer - Sætherengen;SN12680;17.07.2025 12:00;27.7;1.4
Lillehammer - Sætherengen;SN12680;17.07.2025 13:00;28.4;2.3
Lillehammer - Sætherengen;SN12680;17.07.2025 14:00;29;1.7
Lillehammer - Sætherengen;SN12680;17.07.2025 15:00;30.2;1.2
Lillehammer - Sætherengen;SN12680;17.07.2025 16:00;28.9;2.6
Lillehammer - Sætherengen;SN12680;17.07.2025 17:00;28.9;2.4
Lillehammer - Sætherengen;SN12680;17.07.2025 18:00;28.2;2.6
Lillehammer - Sætherengen;SN12680;17.07.2025 19:00;27.2;2.1
Lillehammer - Sætherengen;SN12680;17.07.2025 20:00;26.3;1.4
Lillehammer - Sætherengen;SN12680;17.07.2025 21:00;23.7;1.9
Lillehammer - Sætherengen;SN12680;17.07.2025 22:00;21.3;1.1
Lillehammer - Sætherengen;SN12680;17.07.2025 23:00;18.6;0.5
Lillehammer - Sætherengen;SN12680;18.07.2025 00:00;17.1;0.6
Lillehammer - Sætherengen;SN12680;18.07.2025 01:00;16.8;0.8
Lillehammer - Sætherengen;SN12680;18.07.2025 02:00;16.2;0.8
Lillehammer - Sætherengen;SN12680;18.07.2025 03:00;14.7;0.6
Lillehammer - Sætherengen;SN12680;18.07.2025 04:00;14.5;0.9
Lillehammer - Sætherengen;SN12680;18.07.2025 05:00;13.9;0.9
Lillehammer - Sætherengen;SN12680;18.07.2025 06:00;16.6;1.3
Lillehammer - Sætherengen;SN12680;18.07.2025 07:00;18;0.7
Lillehammer - Sætherengen;SN12680;18.07.2025 08:00;19.2;1
Lillehammer - Sætherengen;SN12680;18.07.2025 09:00;22.1;0.7
Lillehammer - Sætherengen;SN12680;18.07.2025 10:00;22.6;1.6
Lillehammer - Sætherengen;SN12680;18.07.2025 11:00;23.4;2.5
Lillehammer - Sætherengen;SN12680;18.07.2025 12:00;25.8;2.4
Lillehammer - Sætherengen;SN12680;18.07.2025 13:00;26.5;2.5
Lillehammer - Sætherengen;SN12680;18.07.2025 14:00;27.1;2.2
Lillehammer - Sætherengen;SN12680;18.07.2025 15:00;27.5;2.8
Lillehammer - Sætherengen;SN12680;18.07.2025 16:00;27.2;2.9
Lillehammer - Sætherengen;SN12680;18.07.2025 17:00;27.5;2.4
Lillehammer - Sætherengen;SN12680;18.07.2025 18:00;27;1.8
Lillehammer - Sætherengen;SN12680;18.07.2025 19:00;24.9;1.6
Lillehammer - Sætherengen;SN12680;18.07.2025 20:00;21.8;0.5
Lillehammer - Sætherengen;SN12680;18.07.2025 21:00;21;0.8
Lillehammer - Sætherengen;SN12680;18.07.2025 22:00;19.4;1.1
Lillehammer - Sætherengen;SN12680;18.07.2025 23:00;17.8;0.9
Lillehammer - Sætherengen;SN12680;19.07.2025 00:00;17.7;1
Lillehammer - Sætherengen;SN12680;19.07.2025 01:00;15.7;0.4
Lillehammer - Sætherengen;SN12680;19.07.2025 02:00;14.6;0.6
Lillehammer - Sætherengen;SN12680;19.07.2025 03:00;14.7;1.6
Lillehammer - Sætherengen;SN12680;19.07.2025 04:00;15.3;2.2
Lillehammer - Sætherengen;SN12680;19.07.2025 05:00;14.7;1.4
Lillehammer - Sætherengen;SN12680;19.07.2025 06:00;16.2;2.3
Lillehammer - Sætherengen;SN12680;19.07.2025 07:00;17.5;1.5
Lillehammer - Sætherengen;SN12680;19.07.2025 08:00;19;1.8
Lillehammer - Sætherengen;SN12680;19.07.2025 09:00;21.2;1.3
Lillehammer - Sætherengen;SN12680;19.07.2025 10:00;23;1
Lillehammer - Sætherengen;SN12680;19.07.2025 11:00;24.3;1.2
Lillehammer - Sætherengen;SN12680;19.07.2025 12:00;24.7;2.2
Lillehammer - Sætherengen;SN12680;19.07.2025 13:00;27.8;1.8
Lillehammer - Sætherengen;SN12680;19.07.2025 14:00;27.8;3.1
Lillehammer - Sætherengen;SN12680;19.07.2025 15:00;28.5;1.8
Lillehammer - Sætherengen;SN12680;19.07.2025 16:00;28.9;2.2
Lillehammer - Sætherengen;SN12680;19.07.2025 17:00;28.5;1.7
Lillehammer - Sætherengen;SN12680;19.07.2025 18:00;27.9;2.1
Lillehammer - Sætherengen;SN12680;19.07.2025 19:00;27;1.9
Lillehammer - Sætherengen;SN12680;19.07.2025 20:00;25.3;1.3
Lillehammer - Sætherengen;SN12680;19.07.2025 21:00;21.9;0.6
Lillehammer - Sætherengen;SN12680;19.07.2025 22:00;20;0.9
Lillehammer - Sætherengen;SN12680;19.07.2025 23:00;18.7;1
Lillehammer - Sætherengen;SN12680;20.07.2025 00:00;18.1;0.9
Lillehammer - Sætherengen;SN12680;20.07.2025 01:00;17.3;1.6
Lillehammer - Sætherengen;SN12680;20.07.2025 02:00;17.5;1.5
Lillehammer - Sætherengen;SN12680;20.07.2025 03:00;17.2;2.1
Lillehammer - Sætherengen;SN12680;20.07.2025 04:00;16.6;2.2
Lillehammer - Sætherengen;SN12680;20.07.2025 05:00;16.4;1.8
Lillehammer - Sætherengen;SN12680;20.07.2025 06:00;17.8;1.6
Lillehammer - Sætherengen;SN12680;20.07.2025 07:00;18.7;1.5
Lillehammer - Sætherengen;SN12680;20.07.2025 08:00;20.5;1.5
Lillehammer - Sætherengen;SN12680;20.07.2025 09:00;21.4;2.3
Lillehammer - Sætherengen;SN12680;20.07.2025 10:00;24;0.9
Lillehammer - Sætherengen;SN12680;20.07.2025 11:00;26;1
Lillehammer - Sætherengen;SN12680;20.07.2025 12:00;26.1;2.5
Lillehammer - Sætherengen;SN12680;20.07.2025 13:00;28.6;2.4
Lillehammer - Sætherengen;SN12680;20.07.2025 14:00;29.4;2.3
Lillehammer - Sætherengen;SN12680;20.07.2025 15:00;29.3;2.4
Lillehammer - Sætherengen;SN12680;20.07.2025 16:00;29.1;2.7
Lillehammer - Sætherengen;SN12680;20.07.2025 17:00;29.6;1.9
Lillehammer - Sætherengen;SN12680;20.07.2025 18:00;28.8;1.5
Lillehammer - Sætherengen;SN12680;20.07.2025 19:00;27.1;3.8
Lillehammer - Sætherengen;SN12680;20.07.2025 20:00;25.4;1.3
Lillehammer - Sætherengen;SN12680;20.07.2025 21:00;23;2
Lillehammer - Sætherengen;SN12680;20.07.2025 22:00;21.3;2.6
Lillehammer - Sætherengen;SN12680;20.07.2025 23:00;19.1;0.8
Lillehammer - Sætherengen;SN12680;21.07.2025 00:00;18.5;1
Lillehammer - Sætherengen;SN12680;21.07.2025 01:00;17.7;1.2
Lillehammer - Sætherengen;SN12680;21.07.2025 02:00;15.9;0.7
Lillehammer - Sætherengen;SN12680;21.07.2025 03:00;16.1;0
Lillehammer - Sætherengen;SN12680;21.07.2025 04:00;15.7;0.8
Lillehammer - Sætherengen;SN12680;21.07.2025 05:00;16.8;1.6
Lillehammer - Sætherengen;SN12680;21.07.2025 06:00;17.5;0.8
Lillehammer - Sætherengen;SN12680;21.07.2025 07:00;18;0.4
Lillehammer - Sætherengen;SN12680;21.07.2025 08:00;20.1;1
Lillehammer - Sætherengen;SN12680;21.07.2025 09:00;22;0.9
Lillehammer - Sætherengen;SN12680;21.07.2025 10:00;22.5;2.4
Lillehammer - Sætherengen;SN12680;21.07.2025 11:00;23.3;2.9
Lillehammer - Sætherengen;SN12680;21.07.2025 12:00;24.7;2.8
Lillehammer - Sætherengen;SN12680;21.07.2025 13:00;24.7;3.9
Lillehammer - Sætherengen;SN12680;21.07.2025 14:00;26.2;3.1
Lillehammer - Sætherengen;SN12680;21.07.2025 15:00;25.9;3.5
Lillehammer - Sætherengen;SN12680;21.07.2025 16:00;26.1;2.7
Lillehammer - Sætherengen;SN12680;21.07.2025 17:00;25.7;2
Lillehammer - Sætherengen;SN12680;21.07.2025 18:00;25.6;1.6
Lillehammer - Sætherengen;SN12680;21.07.2025 19:00;24.2;1.6
Lillehammer - Sætherengen;SN12680;21.07.2025 20:00;23;0.8
Lillehammer - Sætherengen;SN12680;21.07.2025 21:00;21.5;1.5
Lillehammer - Sætherengen;SN12680;21.07.2025 22:00;20.9;1.6
Lillehammer - Sætherengen;SN12680;21.07.2025 23:00;18;0.9
Lillehammer - Sætherengen;SN12680;22.07.2025 00:00;17.9;0.6
Lillehammer - Sætherengen;SN12680;22.07.2025 01:00;16.6;1.3
Lillehammer - Sætherengen;SN12680;22.07.2025 02:00;16.7;1.8
Lillehammer - Sætherengen;SN12680;22.07.2025 03:00;16.3;1.7
Lillehammer - Sætherengen;SN12680;22.07.2025 04:00;15.7;1.5
Lillehammer - Sætherengen;SN12680;22.07.2025 05:00;15.6;1.1
Lillehammer - Sætherengen;SN12680;22.07.2025 06:00;16.1;1.4
Lillehammer - Sætherengen;SN12680;22.07.2025 07:00;18.5;1.2
Lillehammer - Sætherengen;SN12680;22.07.2025 08:00;19.4;1.5
Lillehammer - Sætherengen;SN12680;22.07.2025 09:00;21.1;1
Lillehammer - Sætherengen;SN12680;22.07.2025 10:00;23.2;1.6
Lillehammer - Sætherengen;SN12680;22.07.2025 11:00;24.5;1.4
Lillehammer - Sætherengen;SN12680;22.07.2025 12:00;24.3;2.6
Lillehammer - Sætherengen;SN12680;22.07.2025 13:00;24.9;2.8
Lillehammer - Sætherengen;SN12680;22.07.2025 14:00;26.4;2
Lillehammer - Sætherengen;SN12680;22.07.2025 15:00;26.3;1.5
Lillehammer - Sætherengen;SN12680;22.07.2025 16:00;25.2;1.3
Lillehammer - Sætherengen;SN12680;22.07.2025 17:00;26.8;2.2
Lillehammer - Sætherengen;SN12680;22.07.2025 18:00;25.6;2
Lillehammer - Sætherengen;SN12680;22.07.2025 19:00;25.9;1.4
Lillehammer - Sætherengen;SN12680;22.07.2025 20:00;25.3;0.9
Lillehammer - Sætherengen;SN12680;22.07.2025 21:00;23.1;1.4
Lillehammer - Sætherengen;SN12680;22.07.2025 22:00;21.1;1
Lillehammer - Sætherengen;SN12680;22.07.2025 23:00;19.9;1.1
Lillehammer - Sætherengen;SN12680;23.07.2025 00:00;19.3;0.4
Lillehammer - Sætherengen;SN12680;23.07.2025 01:00;18.8;0.9
Lillehammer - Sætherengen;SN12680;23.07.2025 02:00;18.5;1.3
Lillehammer - Sætherengen;SN12680;23.07.2025 03:00;17.1;1
Lillehammer - Sætherengen;SN12680;23.07.2025 04:00;17;1.5
Lillehammer - Sætherengen;SN12680;23.07.2025 05:00;16.8;2.2
Lillehammer - Sætherengen;SN12680;23.07.2025 06:00;17.9;1.7
Lillehammer - Sætherengen;SN12680;23.07.2025 07:00;18.6;2.2
Lillehammer - Sætherengen;SN12680;23.07.2025 08:00;19.7;2
Lillehammer - Sætherengen;SN12680;23.07.2025 09:00;21.1;0.7
Lillehammer - Sætherengen;SN12680;23.07.2025 10:00;21.8;1.7
Lillehammer - Sætherengen;SN12680;23.07.2025 11:00;24.9;1.3
Lillehammer - Sætherengen;SN12680;23.07.2025 12:00;24.8;1
Lillehammer - Sætherengen;SN12680;23.07.2025 13:00;27;2.5
Lillehammer - Sætherengen;SN12680;23.07.2025 14:00;24.9;5
Lillehammer - Sætherengen;SN12680;23.07.2025 15:00;23.4;1.9
Lillehammer - Sætherengen;SN12680;23.07.2025 16:00;24.3;1.2
Lillehammer - Sætherengen;SN12680;23.07.2025 17:00;24.5;1.1
Lillehammer - Sætherengen;SN12680;23.07.2025 18:00;26.3;0.9
Lillehammer - Sætherengen;SN12680;23.07.2025 19:00;26.3;0.9
Lillehammer - Sætherengen;SN12680;23.07.2025 20:00;23.5;1.2
Lillehammer - Sætherengen;SN12680;23.07.2025 21:00;21.5;1
Lillehammer - Sætherengen;SN12680;23.07.2025 22:00;18.4;0.7
Lillehammer - Sætherengen;SN12680;23.07.2025 23:00;17.2;0.8
Lillehammer - Sætherengen;SN12680;24.07.2025 00:00;17.5;0.8
Lillehammer - Sætherengen;SN12680;24.07.2025 01:00;16.6;1.1
Lillehammer - Sætherengen;SN12680;24.07.2025 02:00;16.4;1.8
Lillehammer - Sætherengen;SN12680;24.07.2025 03:00;16.1;1.5
Lillehammer - Sætherengen;SN12680;24.07.2025 04:00;15.9;1.8
Lillehammer - Sætherengen;SN12680;24.07.2025 05:00;15.5;1.7
Lillehammer - Sætherengen;SN12680;24.07.2025 06:00;16.7;1.2
Lillehammer - Sætherengen;SN12680;24.07.2025 07:00;18;1.9
Lillehammer - Sætherengen;SN12680;24.07.2025 08:00;19.8;1.8
Lillehammer - Sætherengen;SN12680;24.07.2025 09:00;21.7;2.1
Lillehammer - Sætherengen;SN12680;24.07.2025 10:00;23.4;1.8
Lillehammer - Sætherengen;SN12680;24.07.2025 11:00;25.5;1
Lillehammer - Sætherengen;SN12680;24.07.2025 12:00;27.8;1.7
Lillehammer - Sætherengen;SN12680;24.07.2025 13:00;28.6;2.1
Lillehammer - Sætherengen;SN12680;24.07.2025 14:00;28.6;2.1
Lillehammer - Sætherengen;SN12680;24.07.2025 15:00;29.1;2
Lillehammer - Sætherengen;SN12680;24.07.2025 16:00;29.3;2.5
Lillehammer - Sætherengen;SN12680;24.07.2025 17:00;29.1;2.5
Lillehammer - Sætherengen;SN12680;24.07.2025 18:00;28.1;2.7
Lillehammer - Sætherengen;SN12680;24.07.2025 19:00;27.5;2.1
Lillehammer - Sætherengen;SN12680;24.07.2025 20:00;26.4;1.9
Lillehammer - Sætherengen;SN12680;24.07.2025 21:00;22.4;0.8
Lillehammer - Sætherengen;SN12680;24.07.2025 22:00;20.5;0.7
Lillehammer - Sætherengen;SN12680;24.07.2025 23:00;17.9;1.1
Lillehammer - Sætherengen;SN12680;25.07.2025 00:00;18;1.3
Lillehammer - Sætherengen;SN12680;25.07.2025 01:00;16.6;0.7
Lillehammer - Sætherengen;SN12680;25.07.2025 02:00;15.4;0.5
Lillehammer - Sætherengen;SN12680;25.07.2025 03:00;16;1
Lillehammer - Sætherengen;SN12680;25.07.2025 04:00;16.1;1
Lillehammer - Sætherengen;SN12680;25.07.2025 05:00;15.3;0.9
Lillehammer - Sætherengen;SN12680;25.07.2025 06:00;16.7;1.5
Lillehammer - Sætherengen;SN12680;25.07.2025 07:00;18.7;1
Lillehammer - Sætherengen;SN12680;25.07.2025 08:00;19.9;1.7
Lillehammer - Sætherengen;SN12680;25.07.2025 09:00;21.8;1.2
Lillehammer - Sætherengen;SN12680;25.07.2025 10:00;22.1;1.7
Lillehammer - Sætherengen;SN12680;25.07.2025 11:00;24;1.4
Lillehammer - Sætherengen;SN12680;25.07.2025 12:00;25.2;2.6
Lillehammer - Sætherengen;SN12680;25.07.2025 13:00;27.8;2.4
Lillehammer - Sætherengen;SN12680;25.07.2025 14:00;28.6;2.8
Lillehammer - Sætherengen;SN12680;25.07.2025 15:00;28.9;2.3
Lillehammer - Sætherengen;SN12680;25.07.2025 16:00;28.9;2.5
Lillehammer - Sætherengen;SN12680;25.07.2025 17:00;27.7;3
Lillehammer - Sætherengen;SN12680;25.07.2025 18:00;27;2.4
Lillehammer - Sætherengen;SN12680;25.07.2025 19:00;26;2.4
Lillehammer - Sætherengen;SN12680;25.07.2025 20:00;25.1;1.2
Lillehammer - Sætherengen;SN12680;25.07.2025 21:00;23.4;0.9
Lillehammer - Sætherengen;SN12680;25.07.2025 22:00;21.7;1.2
Lillehammer - Sætherengen;SN12680;25.07.2025 23:00;21.3;1.1
Lillehammer - Sætherengen;SN12680;26.07.2025 00:00;19.6;0.5
Lillehammer - Sætherengen;SN12680;26.07.2025 01:00;19.1;0.8
Lillehammer - Sætherengen;SN12680;26.07.2025 02:00;17.7;0.7
Lillehammer - Sætherengen;SN12680;26.07.2025 03:00;17.1;0
Lillehammer - Sætherengen;SN12680;26.07.2025 04:00;16.7;0.7
Lillehammer - Sætherengen;SN12680;26.07.2025 05:00;16.6;1.5
Lillehammer - Sætherengen;SN12680;26.07.2025 06:00;17.3;1.6
Lillehammer - Sætherengen;SN12680;26.07.2025 07:00;19.3;0.6
Lillehammer - Sætherengen;SN12680;26.07.2025 08:00;20;2.7
Lillehammer - Sætherengen;SN12680;26.07.2025 09:00;21.3;1.8
Lillehammer - Sætherengen;SN12680;26.07.2025 10:00;22.9;1.5
Lillehammer - Sætherengen;SN12680;26.07.2025 11:00;24.5;1.1
Lillehammer - Sætherengen;SN12680;26.07.2025 12:00;25.1;1.6
Lillehammer - Sætherengen;SN12680;26.07.2025 13:00;25.9;1.7
Lillehammer - Sætherengen;SN12680;26.07.2025 14:00;25.8;3.3
Lillehammer - Sætherengen;SN12680;26.07.2025 15:00;25;1.9
Lillehammer - Sætherengen;SN12680;26.07.2025 16:00;25.4;2.3
Lillehammer - Sætherengen;SN12680;26.07.2025 17:00;26;1.6
Lillehammer - Sætherengen;SN12680;26.07.2025 18:00;24.8;2.4
Lillehammer - Sætherengen;SN12680;26.07.2025 19:00;23.7;1.6
Lillehammer - Sætherengen;SN12680;26.07.2025 20:00;23.2;1.5
Lillehammer - Sætherengen;SN12680;26.07.2025 21:00;22.7;1.2
Lillehammer - Sætherengen;SN12680;26.07.2025 22:00;20.1;1.5
Lillehammer - Sætherengen;SN12680;26.07.2025 23:00;19.5;2.3
Lillehammer - Sætherengen;SN12680;27.07.2025 00:00;19.3;2.9
Lillehammer - Sætherengen;SN12680;27.07.2025 01:00;18;1.7
Lillehammer - Sætherengen;SN12680;27.07.2025 02:00;18.2;2.6
Lillehammer - Sætherengen;SN12680;27.07.2025 03:00;17.8;2.8
Lillehammer - Sætherengen;SN12680;27.07.2025 04:00;15.7;3
Lillehammer - Sætherengen;SN12680;27.07.2025 05:00;15;2.3
Lillehammer - Sætherengen;SN12680;27.07.2025 06:00;14.9;2.5
Lillehammer - Sætherengen;SN12680;27.07.2025 07:00;14.5;1.8
Lillehammer - Sætherengen;SN12680;27.07.2025 08:00;14.5;1.7
Lillehammer - Sætherengen;SN12680;27.07.2025 09:00;14.6;3.5
Lillehammer - Sætherengen;SN12680;27.07.2025 10:00;14.5;0.8
Lillehammer - Sætherengen;SN12680;27.07.2025 11:00;15;0.7
Lillehammer - Sætherengen;SN12680;27.07.2025 12:00;15.3;0.8
Lillehammer - Sætherengen;SN12680;27.07.2025 13:00;15;1.6
Lillehammer - Sætherengen;SN12680;27.07.2025 14:00;15.3;0.9
Lillehammer - Sætherengen;SN12680;27.07.2025 15:00;16;1.1
Lillehammer - Sætherengen;SN12680;27.07.2025 16:00;15.5;1.4
Lillehammer - Sætherengen;SN12680;27.07.2025 17:00;16.2;0
Lillehammer - Sætherengen;SN12680;27.07.2025 18:00;17;1
Lillehammer - Sætherengen;SN12680;27.07.2025 19:00;16.7;1.2
Lillehammer - Sætherengen;SN12680;27.07.2025 20:00;16.7;0.7
Lillehammer - Sætherengen;SN12680;27.07.2025 21:00;16.5;0.6
Lillehammer - Sætherengen;SN12680;27.07.2025 22:00;16;0.9
Lillehammer - Sætherengen;SN12680;27.07.2025 23:00;15.2;2
Lillehammer - Sætherengen;SN12680;28.07.2025 00:00;15.2;0.9
Lillehammer - Sætherengen;SN12680;28.07.2025 01:00;14.5;1.8
Lillehammer - Sætherengen;SN12680;28.07.2025 02:00;14.4;1.8
Lillehammer - Sætherengen;SN12680;28.07.2025 03:00;14.1;1.2
Lillehammer - Sætherengen;SN12680;28.07.2025 04:00;13.8;1.3
Lillehammer - Sætherengen;SN12680;28.07.2025 05:00;13.7;1
Lillehammer - Sætherengen;SN12680;28.07.2025 06:00;15.4;0.8
Lillehammer - Sætherengen;SN12680;28.07.2025 07:00;15.6;1.6
Lillehammer - Sætherengen;SN12680;28.07.2025 08:00;16.3;1.8
Lillehammer - Sætherengen;SN12680;28.07.2025 09:00;17.2;1.7
Lillehammer - Sætherengen;SN12680;28.07.2025 10:00;17.6;2.4
Lillehammer - Sætherengen;SN12680;28.07.2025 11:00;18.9;2
Lillehammer - Sætherengen;SN12680;28.07.2025 12:00;20;1.7
Lillehammer - Sætherengen;SN12680;28.07.2025 13:00;21.4;1.9
Lillehammer - Sætherengen;SN12680;28.07.2025 14:00;22.2;1.8
Lillehammer - Sætherengen;SN12680;28.07.2025 15:00;20.1;2.3
Lillehammer - Sætherengen;SN12680;28.07.2025 16:00;18.5;0.6
Lillehammer - Sætherengen;SN12680;28.07.2025 17:00;20.6;1.4
Lillehammer - Sætherengen;SN12680;28.07.2025 18:00;20.8;1.6
Lillehammer - Sætherengen;SN12680;28.07.2025 19:00;18.1;2.6
Lillehammer - Sætherengen;SN12680;28.07.2025 20:00;16.9;1.7
Lillehammer - Sætherengen;SN12680;28.07.2025 21:00;16.2;1.9
Lillehammer - Sætherengen;SN12680;28.07.2025 22:00;16.2;2.5
Lillehammer - Sætherengen;SN12680;28.07.2025 23:00;15.6;1.7
Lillehammer - Sætherengen;SN12680;29.07.2025 00:00;15.1;1.4
Lillehammer - Sætherengen;SN12680;29.07.2025 01:00;14.4;1.1
Lillehammer - Sætherengen;SN12680;29.07.2025 02:00;14.9;1.8
Lillehammer - Sætherengen;SN12680;29.07.2025 03:00;15;1.5
Lillehammer - Sætherengen;SN12680;29.07.2025 04:00;14.9;2
Lillehammer - Sætherengen;SN12680;29.07.2025 05:00;14.8;2.5
Lillehammer - Sætherengen;SN12680;29.07.2025 06:00;15.6;2.6
Lillehammer - Sætherengen;SN12680;29.07.2025 07:00;16.5;3.8
Lillehammer - Sætherengen;SN12680;29.07.2025 08:00;17;4.3
Lillehammer - Sætherengen;SN12680;29.07.2025 09:00;17.3;4.3
Lillehammer - Sætherengen;SN12680;29.07.2025 10:00;18.2;4.9
Lillehammer - Sætherengen;SN12680;29.07.2025 11:00;18.3;3.9
Lillehammer - Sætherengen;SN12680;29.07.2025 12:00;18.2;6
Lillehammer - Sætherengen;SN12680;29.07.2025 13:00;17.3;5.1
Lillehammer - Sætherengen;SN12680;29.07.2025 14:00;16.1;4.1
Lillehammer - Sætherengen;SN12680;29.07.2025 15:00;14.7;3.4
Lillehammer - Sætherengen;SN12680;29.07.2025 16:00;14;3.9
Lillehammer - Sætherengen;SN12680;29.07.2025 17:00;14.7;5.7
Lillehammer - Sætherengen;SN12680;29.07.2025 18:00;15.3;4.4
Lillehammer - Sætherengen;SN12680;29.07.2025 19:00;14.9;3.4
Lillehammer - Sætherengen;SN12680;29.07.2025 20:00;15.6;5
Lillehammer - Sætherengen;SN12680;29.07.2025 21:00;15.9;4.4
Lillehammer - Sætherengen;SN12680;29.07.2025 22:00;16.3;5.5
Lillehammer - Sætherengen;SN12680;29.07.2025 23:00;13.9;3.4
Lillehammer - Sætherengen;SN12680;30.07.2025 00:00;14;5
Lillehammer - Sætherengen;SN12680;30.07.2025 01:00;13.8;5.1
Lillehammer - Sætherengen;SN12680;30.07.2025 02:00;13.7;3.9
Lillehammer - Sætherengen;SN12680;30.07.2025 03:00;14.1;3.9
Lillehammer - Sætherengen;SN12680;30.07.2025 04:00;13.9;3.8
Lillehammer - Sætherengen;SN12680;30.07.2025 05:00;13.7;4
Lillehammer - Sætherengen;SN12680;30.07.2025 06:00;14.1;2.6
Lillehammer - Sætherengen;SN12680;30.07.2025 07:00;14.8;4
Lillehammer - Sætherengen;SN12680;30.07.2025 08:00;15.3;3.3
Lillehammer - Sætherengen;SN12680;30.07.2025 09:00;15.9;2.1
Lillehammer - Sætherengen;SN12680;30.07.2025 10:00;15.9;2.8
Lillehammer - Sætherengen;SN12680;30.07.2025 11:00;16.8;2.6
Lillehammer - Sætherengen;SN12680;30.07.2025 12:00;17.4;2
Lillehammer - Sætherengen;SN12680;30.07.2025 13:00;17.6;0.9
Lillehammer - Sætherengen;SN12680;30.07.2025 14:00;16.4;1.7
Lillehammer - Sætherengen;SN12680;30.07.2025 15:00;17.5;1
Lillehammer - Sætherengen;SN12680;30.07.2025 16:00;19.9;1.4
Lillehammer - Sætherengen;SN12680;30.07.2025 17:00;19.7;1
Lillehammer - Sætherengen;SN12680;30.07.2025 18:00;19.6;1
Lillehammer - Sætherengen;SN12680;30.07.2025 19:00;19.7;1.2
Lillehammer - Sætherengen;SN12680;30.07.2025 20:00;17.8;0.8
Lillehammer - Sætherengen;SN12680;30.07.2025 21:00;16.3;0.8
Lillehammer - Sætherengen;SN12680;30.07.2025 22:00;14.8;1
Lillehammer - Sætherengen;SN12680;30.07.2025 23:00;14.6;0.9
Lillehammer - Sætherengen;SN12680;31.07.2025 00:00;13.8;0.7
Lillehammer - Sætherengen;SN12680;31.07.2025 01:00;13.2;1
Lillehammer - Sætherengen;SN12680;31.07.2025 02:00;12.9;1.7
Lillehammer - Sætherengen;SN12680;31.07.2025 03:00;13.2;2
Lillehammer - Sætherengen;SN12680;31.07.2025 04:00;13.3;1.9
Lillehammer - Sætherengen;SN12680;31.07.2025 05:00;13;1.6
Lillehammer - Sætherengen;SN12680;31.07.2025 06:00;13.7;1.1
Lillehammer - Sætherengen;SN12680;31.07.2025 07:00;14.3;1.5
Lillehammer - Sætherengen;SN12680;31.07.2025 08:00;15;1.3
Lillehammer - Sætherengen;SN12680;31.07.2025 09:00;15.7;1.6
Lillehammer - Sætherengen;SN12680;31.07.2025 10:00;16;1.1
Lillehammer - Sætherengen;SN12680;31.07.2025 11:00;16.5;1.3
Lillehammer - Sætherengen;SN12680;31.07.2025 12:00;17.1;1
Lillehammer - Sætherengen;SN12680;31.07.2025 13:00;16.7;1.1
Lillehammer - Sætherengen;SN12680;31.07.2025 14:00;16.2;1.7
Lillehammer - Sætherengen;SN12680;31.07.2025 15:00;16.8;2.3
Lillehammer - Sætherengen;SN12680;31.07.2025 16:00;16.7;1.4
Lillehammer - Sætherengen;SN12680;31.07.2025 17:00;16.1;1.6
Lillehammer - Sætherengen;SN12680;31.07.2025 18:00;15.8;1.8
Lillehammer - Sætherengen;SN12680;31.07.2025 19:00;15.6;1.7
Lillehammer - Sætherengen;SN12680;31.07.2025 20:00;15.5;1.1
Lillehammer - Sætherengen;SN12680;31.07.2025 21:00;15.5;1.2
Lillehammer - Sætherengen;SN12680;31.07.2025 22:00;15.3;0.4
Lillehammer - Sætherengen;SN12680;31.07.2025 23:00;15.4;1
Lillehammer - Sætherengen;SN12680;01.08.2025 00:00;15.4;1.2
Lillehammer - Sætherengen;SN12680;01.08.2025 01:00;15.2;0.6
Lillehammer - Sætherengen;SN12680;01.08.2025 02:00;15.1;0.7
Lillehammer - Sætherengen;SN12680;01.08.2025 03:00;15.1;0.6
Lillehammer - Sætherengen;SN12680;01.08.2025 04:00;15;0
Lillehammer - Sætherengen;SN12680;01.08.2025 05:00;15.3;0.4
Lillehammer - Sætherengen;SN12680;01.08.2025 06:00;15.7;0.4
Lillehammer - Sætherengen;SN12680;01.08.2025 07:00;15.8;1
Lillehammer - Sætherengen;SN12680;01.08.2025 08:00;15.7;2
Lillehammer - Sætherengen;SN12680;01.08.2025 09:00;15.7;1.6
Lillehammer - Sætherengen;SN12680;01.08.2025 10:00;16.5;0.6
Lillehammer - Sætherengen;SN12680;01.08.2025 11:00;16.9;0.7
Lillehammer - Sætherengen;SN12680;01.08.2025 12:00;17.6;1.4
Lillehammer - Sætherengen;SN12680;01.08.2025 13:00;18.1;2
Lillehammer - Sætherengen;SN12680;01.08.2025 14:00;20.2;1.6
Lillehammer - Sætherengen;SN12680;01.08.2025 15:00;20.9;0.7
Lillehammer - Sætherengen;SN12680;01.08.2025 16:00;21.5;1.3
Lillehammer - Sætherengen;SN12680;01.08.2025 17:00;20.9;1
Lillehammer - Sætherengen;SN12680;01.08.2025 18:00;20.8;1.1
Lillehammer - Sætherengen;SN12680;01.08.2025 19:00;19.8;1.2
Lillehammer - Sætherengen;SN12680;01.08.2025 20:00;18.4;0.9
Lillehammer - Sætherengen;SN12680;01.08.2025 21:00;17.7;0.9
Lillehammer - Sætherengen;SN12680;01.08.2025 22:00;15.6;1.2
Lillehammer - Sætherengen;SN12680;01.08.2025 23:00;15.7;1.3
Lillehammer - Sætherengen;SN12680;02.08.2025 00:00;15.6;1.8
Lillehammer - Sætherengen;SN12680;02.08.2025 01:00;15.6;2.9
Lillehammer - Sætherengen;SN12680;02.08.2025 02:00;15.5;1.9
Lillehammer - Sætherengen;SN12680;02.08.2025 03:00;15.1;1.6
Lillehammer - Sætherengen;SN12680;02.08.2025 04:00;15;1.9
Lillehammer - Sætherengen;SN12680;02.08.2025 05:00;15.6;1.9
Lillehammer - Sætherengen;SN12680;02.08.2025 06:00;16.2;2.3
Lillehammer - Sætherengen;SN12680;02.08.2025 07:00;17;1.6
Lillehammer - Sætherengen;SN12680;02.08.2025 08:00;19;2.8
Lillehammer - Sætherengen;SN12680;02.08.2025 09:00;19.6;3.5
Lillehammer - Sætherengen;SN12680;02.08.2025 10:00;20.7;2.7
Lillehammer - Sætherengen;SN12680;02.08.2025 11:00;21;3.8
Lillehammer - Sætherengen;SN12680;02.08.2025 12:00;20.7;2.2
Lillehammer - Sætherengen;SN12680;02.08.2025 13:00;21.2;2.8
Lillehammer - Sætherengen;SN12680;02.08.2025 14:00;21.3;1.8
Lillehammer - Sætherengen;SN12680;02.08.2025 15:00;21.7;2.8
Lillehammer - Sætherengen;SN12680;02.08.2025 16:00;21.5;2
Lillehammer - Sætherengen;SN12680;02.08.2025 17:00;20.8;1.9
Lillehammer - Sætherengen;SN12680;02.08.2025 18:00;19.6;1.1
Lillehammer - Sætherengen;SN12680;02.08.2025 19:00;16.9;1.5
Lillehammer - Sætherengen;SN12680;02.08.2025 20:00;16.1;0.7
Lillehammer - Sætherengen;SN12680;02.08.2025 21:00;16.2;0.7
Lillehammer - Sætherengen;SN12680;02.08.2025 22:00;16.1;1
Lillehammer - Sætherengen;SN12680;02.08.2025 23:00;16.2;0.6
Lillehammer - Sætherengen;SN12680;03.08.2025 00:00;16.3;1.3
Lillehammer - Sætherengen;SN12680;03.08.2025 01:00;16.3;1.2
Lillehammer - Sætherengen;SN12680;03.08.2025 02:00;16;1.9
Lillehammer - Sætherengen;SN12680;03.08.2025 03:00;15.3;2.2
Lillehammer - Sætherengen;SN12680;03.08.2025 04:00;15.1;0.8
Lillehammer - Sætherengen;SN12680;03.08.2025 05:00;15.4;2.2
Lillehammer - Sætherengen;SN12680;03.08.2025 06:00;15.7;1.8
Lillehammer - Sætherengen;SN12680;03.08.2025 07:00;16;2.2
Lillehammer - Sætherengen;SN12680;03.08.2025 08:00;17.1;2.1
Lillehammer - Sætherengen;SN12680;03.08.2025 09:00;17.6;2.5
Lillehammer - Sætherengen;SN12680;03.08.2025 10:00;18.3;2.1
Lillehammer - Sætherengen;SN12680;03.08.2025 11:00;18.4;1.8
Lillehammer - Sætherengen;SN12680;03.08.2025 12:00;18.3;2.1
Lillehammer - Sætherengen;SN12680;03.08.2025 13:00;18.4;1.6
Lillehammer - Sætherengen;SN12680;03.08.2025 14:00;20.5;2
Lillehammer - Sætherengen;SN12680;03.08.2025 15:00;19.4;3.1
Lillehammer - Sætherengen;SN12680;03.08.2025 16:00;20;2.5
Lillehammer - Sætherengen;SN12680;03.08.2025 17:00;18.7;3.1
Lillehammer - Sætherengen;SN12680;03.08.2025 18:00;18.4;1.9
Lillehammer - Sætherengen;SN12680;03.08.2025 19:00;17.6;3.1
Lillehammer - Sætherengen;SN12680;03.08.2025 20:00;16.7;2.6
Lillehammer - Sætherengen;SN12680;03.08.2025 21:00;16.5;1.2
Lillehammer - Sætherengen;SN12680;03.08.2025 22:00;14.9;0
Lillehammer - Sætherengen;SN12680;03.08.2025 23:00;14.3;0.5
Lillehammer - Sætherengen;SN12680;04.08.2025 00:00;14.3;1.7
Lillehammer - Sætherengen;SN12680;04.08.2025 01:00;14.2;0.6
Lillehammer - Sætherengen;SN12680;04.08.2025 02:00;14;0.9
Lillehammer - Sætherengen;SN12680;04.08.2025 03:00;14.2;0.7
Lillehammer - Sætherengen;SN12680;04.08.2025 04:00;14.2;0.8
Lillehammer - Sætherengen;SN12680;04.08.2025 05:00;14.5;0.5
Lillehammer - Sætherengen;SN12680;04.08.2025 06:00;15;0.6
Lillehammer - Sætherengen;SN12680;04.08.2025 07:00;15.3;1.9
Lillehammer - Sætherengen;SN12680;04.08.2025 08:00;16.4;1.7
Lillehammer - Sætherengen;SN12680;04.08.2025 09:00;16.3;2.3
Lillehammer - Sætherengen;SN12680;04.08.2025 10:00;17.4;2.7
Lillehammer - Sætherengen;SN12680;04.08.2025 11:00;15.8;1.4
Lillehammer - Sætherengen;SN12680;04.08.2025 12:00;16.6;1.1
Lillehammer - Sætherengen;SN12680;04.08.2025 13:00;17.8;1.9
Lillehammer - Sætherengen;SN12680;04.08.2025 14:00;19.7;2.5
Lillehammer - Sætherengen;SN12680;04.08.2025 15:00;19.4;2.9
Lillehammer - Sætherengen;SN12680;04.08.2025 16:00;19.2;3.3
Lillehammer - Sætherengen;SN12680;04.08.2025 17:00;17.9;3.5
Lillehammer - Sætherengen;SN12680;04.08.2025 18:00;16.6;3.4
Lillehammer - Sætherengen;SN12680;04.08.2025 19:00;16.9;3.7
Lillehammer - Sætherengen;SN12680;04.08.2025 20:00;16.5;4.3
Lillehammer - Sætherengen;SN12680;04.08.2025 21:00;14.6;5
Lillehammer - Sætherengen;SN12680;04.08.2025 22:00;13.4;2.9
Lillehammer - Sætherengen;SN12680;04.08.2025 23:00;12.3;2.8
Lillehammer - Sætherengen;SN12680;05.08.2025 00:00;12.1;3.9
Lillehammer - Sætherengen;SN12680;05.08.2025 01:00;12.4;3
Lillehammer - Sætherengen;SN12680;05.08.2025 02:00;12.6;4.8
Lillehammer - Sætherengen;SN12680;05.08.2025 03:00;12.8;4.7
Lillehammer - Sætherengen;SN12680;05.08.2025 04:00;13;3.7
Lillehammer - Sætherengen;SN12680;05.08.2025 05:00;12.9;5.4
Lillehammer - Sætherengen;SN12680;05.08.2025 06:00;12.3;4.1
Lillehammer - Sætherengen;SN12680;05.08.2025 07:00;12.6;4
Lillehammer - Sætherengen;SN12680;05.08.2025 08:00;12.8;4.7
Lillehammer - Sætherengen;SN12680;05.08.2025 09:00;12.6;4.3
Lillehammer - Sætherengen;SN12680;05.08.2025 10:00;13;4.6
Lillehammer - Sætherengen;SN12680;05.08.2025 11:00;13.7;4.5
Lillehammer - Sætherengen;SN12680;05.08.2025 12:00;13.6;4.3
Lillehammer - Sætherengen;SN12680;05.08.2025 13:00;13.8;4.5
Lillehammer - Sætherengen;SN12680;05.08.2025 14:00;13;4.4
Lillehammer - Sætherengen;SN12680;05.08.2025 15:00;14.4;5.8
Lillehammer - Sætherengen;SN12680;05.08.2025 16:00;17.3;4.9
Lillehammer - Sætherengen;SN12680;05.08.2025 17:00;16.7;3.6
Lillehammer - Sætherengen;SN12680;05.08.2025 18:00;16.3;2.5
Lillehammer - Sætherengen;SN12680;05.08.2025 19:00;15.3;3
Lillehammer - Sætherengen;SN12680;05.08.2025 20:00;13.3;1
Lillehammer - Sætherengen;SN12680;05.08.2025 21:00;14;2.3
Lillehammer - Sætherengen;SN12680;05.08.2025 22:00;13.4;1.9
Lillehammer - Sætherengen;SN12680;05.08.2025 23:00;12.7;1.6
Lillehammer - Sætherengen;SN12680;06.08.2025 00:00;12.2;0.9
Lillehammer - Sætherengen;SN12680;06.08.2025 01:00;13.1;3
Lillehammer - Sætherengen;SN12680;06.08.2025 02:00;12.2;1.4
Lillehammer - Sætherengen;SN12680;06.08.2025 03:00;12;1.8
Lillehammer - Sætherengen;SN12680;06.08.2025 04:00;12.9;4.1
Lillehammer - Sætherengen;SN12680;06.08.2025 05:00;12.1;1.2
Lillehammer - Sætherengen;SN12680;06.08.2025 06:00;12.5;1
Lillehammer - Sætherengen;SN12680;06.08.2025 07:00;12.3;0.7
Lillehammer - Sætherengen;SN12680;06.08.2025 08:00;13.6;0.8
Lillehammer - Sætherengen;SN12680;06.08.2025 09:00;14.3;1.2
Lillehammer - Sætherengen;SN12680;06.08.2025 10:00;14.7;4.2
Lillehammer - Sætherengen;SN12680;06.08.2025 11:00;15.1;5.5
Lillehammer - Sætherengen;SN12680;06.08.2025 12:00;15.9;5.8
Lillehammer - Sætherengen;SN12680;06.08.2025 13:00;15.8;3.3
Lillehammer - Sætherengen;SN12680;06.08.2025 14:00;15.3;2.8
Lillehammer - Sætherengen;SN12680;06.08.2025 15:00;15.6;3
Lillehammer - Sætherengen;SN12680;06.08.2025 16:00;15.7;2.5
Lillehammer - Sætherengen;SN12680;06.08.2025 17:00;15.6;1.5
Lillehammer - Sætherengen;SN12680;06.08.2025 18:00;15.3;2.1
Lillehammer - Sætherengen;SN12680;06.08.2025 19:00;16.1;3.8
Lillehammer - Sætherengen;SN12680;06.08.2025 20:00;14.9;1.4
Lillehammer - Sætherengen;SN12680;06.08.2025 21:00;13.4;1.2
Lillehammer - Sætherengen;SN12680;06.08.2025 22:00;13;1.2
Lillehammer - Sætherengen;SN12680;06.08.2025 23:00;11.4;1.7
Lillehammer - Sætherengen;SN12680;07.08.2025 00:00;11.4;0.9
Lillehammer - Sætherengen;SN12680;07.08.2025 01:00;11.4;1.5
Lillehammer - Sætherengen;SN12680;07.08.2025 02:00;10.4;1.5
Lillehammer - Sætherengen;SN12680;07.08.2025 03:00;11.3;1.8
Lillehammer - Sætherengen;SN12680;07.08.2025 04:00;10.7;1.5
Lillehammer - Sætherengen;SN12680;07.08.2025 05:00;9.5;1.4
Lillehammer - Sætherengen;SN12680;07.08.2025 06:00;11.9;0.7
Lillehammer - Sætherengen;SN12680;07.08.2025 07:00;12.4;0.7
Lillehammer - Sætherengen;SN12680;07.08.2025 08:00;13.5;1.7
Lillehammer - Sætherengen;SN12680;07.08.2025 09:00;16.5;1.1
Lillehammer - Sætherengen;SN12680;07.08.2025 10:00;16.8;1.6
Lillehammer - Sætherengen;SN12680;07.08.2025 11:00;18.4;2.1
Lillehammer - Sætherengen;SN12680;07.08.2025 12:00;18.5;2.8
Lillehammer - Sætherengen;SN12680;07.08.2025 13:00;19.7;3.2
Lillehammer - Sætherengen;SN12680;07.08.2025 14:00;19.1;3
Lillehammer - Sætherengen;SN12680;07.08.2025 15:00;18.3;3.4
Lillehammer - Sætherengen;SN12680;07.08.2025 16:00;17.4;2.7
Lillehammer - Sætherengen;SN12680;07.08.2025 17:00;16.1;1.1
Lillehammer - Sætherengen;SN12680;07.08.2025 18:00;14.7;1.5
Lillehammer - Sætherengen;SN12680;07.08.2025 19:00;14.9;1.9
Lillehammer - Sætherengen;SN12680;07.08.2025 20:00;14.6;1
Lillehammer - Sætherengen;SN12680;07.08.2025 21:00;13.7;2.2
Lillehammer - Sætherengen;SN12680;07.08.2025 22:00;13.4;1.8
Lillehammer - Sætherengen;SN12680;07.08.2025 23:00;13.3;2.5
Lillehammer - Sætherengen;SN12680;08.08.2025 00:00;12.8;2.3
Lillehammer - Sætherengen;SN12680;08.08.2025 01:00;12.5;2.3
Lillehammer - Sætherengen;SN12680;08.08.2025 02:00;12.9;1.3
Lillehammer - Sætherengen;SN12680;08.08.2025 03:00;13;3
Lillehammer - Sætherengen;SN12680;08.08.2025 04:00;12.9;2.8
Lillehammer - Sætherengen;SN12680;08.08.2025 05:00;12.9;2.6
Lillehammer - Sætherengen;SN12680;08.08.2025 06:00;13.1;1.5
Lillehammer - Sætherengen;SN12680;08.08.2025 07:00;13.5;1.9
Lillehammer - Sætherengen;SN12680;08.08.2025 08:00;14.3;1.4
Lillehammer - Sætherengen;SN12680;08.08.2025 09:00;15;1.6
Lillehammer - Sætherengen;SN12680;08.08.2025 10:00;17.2;2.1
Lillehammer - Sætherengen;SN12680;08.08.2025 11:00;17.6;3.5
Lillehammer - Sætherengen;SN12680;08.08.2025 12:00;17.9;2.6
Lillehammer - Sætherengen;SN12680;08.08.2025 13:00;16.5;2.4
Lillehammer - Sætherengen;SN12680;08.08.2025 14:00;19.6;2.5
Lillehammer - Sætherengen;SN12680;08.08.2025 15:00;20.2;2.9
Lillehammer - Sætherengen;SN12680;08.08.2025 16:00;19.4;2.8
Lillehammer - Sætherengen;SN12680;08.08.2025 17:00;20.2;3.3
Lillehammer - Sætherengen;SN12680;08.08.2025 18:00;20.5;3
Lillehammer - Sætherengen;SN12680;08.08.2025 19:00;18.3;2.5
Lillehammer - Sætherengen;SN12680;08.08.2025 20:00;17;1.5
Lillehammer - Sætherengen;SN12680;08.08.2025 21:00;16.9;2
Lillehammer - Sætherengen;SN12680;08.08.2025 22:00;16.1;3.5
Lillehammer - Sætherengen;SN12680;08.08.2025 23:00;14.5;1.5
Lillehammer - Sætherengen;SN12680;09.08.2025 00:00;14.4;1.9
Lillehammer - Sætherengen;SN12680;09.08.2025 01:00;12.4;1.6
Lillehammer - Sætherengen;SN12680;09.08.2025 02:00;12;1
Lillehammer - Sætherengen;SN12680;09.08.2025 03:00;12;1.2
Lillehammer - Sætherengen;SN12680;09.08.2025 04:00;11.2;0.6
Lillehammer - Sætherengen;SN12680;09.08.2025 05:00;10.8;1.1
Lillehammer - Sætherengen;SN12680;09.08.2025 06:00;11.8;1.1
Lillehammer - Sætherengen;SN12680;09.08.2025 07:00;13.1;1
Lillehammer - Sætherengen;SN12680;09.08.2025 08:00;14.9;2.2
Lillehammer - Sætherengen;SN12680;09.08.2025 09:00;16.7;2.2
Lillehammer - Sætherengen;SN12680;09.08.2025 10:00;18.2;2.3
Lillehammer - Sætherengen;SN12680;09.08.2025 11:00;18.1;2.7
Lillehammer - Sætherengen;SN12680;09.08.2025 12:00;18;3.2
Lillehammer - Sætherengen;SN12680;09.08.2025 13:00;19.4;4.4
Lillehammer - Sætherengen;SN12680;09.08.2025 14:00;18.3;4.7
Lillehammer - Sætherengen;SN12680;09.08.2025 15:00;18.1;5
Lillehammer - Sætherengen;SN12680;09.08.2025 16:00;19.2;4.2
Lillehammer - Sætherengen;SN12680;09.08.2025 17:00;18;5.1
Lillehammer - Sætherengen;SN12680;09.08.2025 18:00;16.8;2.9
Lillehammer - Sætherengen;SN12680;09.08.2025 19:00;13.6;3
Lillehammer - Sætherengen;SN12680;09.08.2025 20:00;13.4;2.8
Lillehammer - Sætherengen;SN12680;09.08.2025 21:00;13.6;4.2
Lillehammer - Sætherengen;SN12680;09.08.2025 22:00;13.2;2.5
Lillehammer - Sætherengen;SN12680;09.08.2025 23:00;12.8;3.1
Lillehammer - Sætherengen;SN12680;10.08.2025 00:00;11.7;1.4
Lillehammer - Sætherengen;SN12680;10.08.2025 01:00;11.6;1.8
Lillehammer - Sætherengen;SN12680;10.08.2025 02:00;11.2;2.3
Lillehammer - Sætherengen;SN12680;10.08.2025 03:00;11.2;2.8
Lillehammer - Sætherengen;SN12680;10.08.2025 04:00;10;2.2
Lillehammer - Sætherengen;SN12680;10.08.2025 05:00;9.9;1.8
Lillehammer - Sætherengen;SN12680;10.08.2025 06:00;10.6;0.9
Lillehammer - Sætherengen;SN12680;10.08.2025 07:00;12.9;1.8
Lillehammer - Sætherengen;SN12680;10.08.2025 08:00;12.3;0.7
Lillehammer - Sætherengen;SN12680;10.08.2025 09:00;13.2;0.8
Lillehammer - Sætherengen;SN12680;10.08.2025 10:00;14.4;0.8
Lillehammer - Sætherengen;SN12680;10.08.2025 11:00;17.5;1.3
Lillehammer - Sætherengen;SN12680;10.08.2025 12:00;18.8;1.1
Lillehammer - Sætherengen;SN12680;10.08.2025 13:00;19;2.7
Lillehammer - Sætherengen;SN12680;10.08.2025 14:00;19.6;3.2
Lillehammer - Sætherengen;SN12680;10.08.2025 15:00;20.1;2.8
Lillehammer - Sætherengen;SN12680;10.08.2025 16:00;20;3.5
Lillehammer - Sætherengen;SN12680;10.08.2025 17:00;19.8;2.4
Lillehammer - Sætherengen;SN12680;10.08.2025 18:00;19.2;3.3
Lillehammer - Sætherengen;SN12680;10.08.2025 19:00;18;2.2
Lillehammer - Sætherengen;SN12680;10.08.2025 20:00;16.5;2.5
Lillehammer - Sætherengen;SN12680;10.08.2025 21:00;14.7;2.4
Lillehammer - Sætherengen;SN12680;10.08.2025 22:00;12.4;1.2
Lillehammer - Sætherengen;SN12680;10.08.2025 23:00;11.1;0.9
Lillehammer - Sætherengen;SN12680;11.08.2025 00:00;10.3;1.2
Lillehammer - Sætherengen;SN12680;11.08.2025 01:00;9.3;0.4
Lillehammer - Sætherengen;SN12680;11.08.2025 02:00;8.6;0.4
Lillehammer - Sætherengen;SN12680;11.08.2025 03:00;7.5;1.6
Lillehammer - Sætherengen;SN12680;11.08.2025 04:00;7;1
Lillehammer - Sætherengen;SN12680;11.08.2025 05:00;7;0.7
Lillehammer - Sætherengen;SN12680;11.08.2025 06:00;7.3;1
Lillehammer - Sætherengen;SN12680;11.08.2025 07:00;8;1.5
Lillehammer - Sætherengen;SN12680;11.08.2025 08:00;9.1;1.1
Lillehammer - Sætherengen;SN12680;11.08.2025 09:00;11;1
Lillehammer - Sætherengen;SN12680;11.08.2025 10:00;11.8;1.2
Lillehammer - Sætherengen;SN12680;11.08.2025 11:00;14.4;2.2
Lillehammer - Sætherengen;SN12680;11.08.2025 12:00;18.5;2.5
Lillehammer - Sætherengen;SN12680;11.08.2025 13:00;19.6;2.7
Lillehammer - Sætherengen;SN12680;11.08.2025 14:00;18.8;2.9
Lillehammer - Sætherengen;SN12680;11.08.2025 15:00;18;3.8
Lillehammer - Sætherengen;SN12680;11.08.2025 16:00;19.2;3.9
Lillehammer - Sætherengen;SN12680;11.08.2025 17:00;18.9;4
Lillehammer - Sætherengen;SN12680;11.08.2025 18:00;16.8;2.8
Lillehammer - Sætherengen;SN12680;11.08.2025 19:00;13.4;1
Lillehammer - Sætherengen;SN12680;11.08.2025 20:00;13.8;1.2
Lillehammer - Sætherengen;SN12680;11.08.2025 21:00;13.2;1.5
Lillehammer - Sætherengen;SN12680;11.08.2025 22:00;11.6;0.8
Lillehammer - Sætherengen;SN12680;11.08.2025 23:00;10.4;1.1
Lillehammer - Sætherengen;SN12680;12.08.2025 00:00;10.3;1.7
Lillehammer - Sætherengen;SN12680;12.08.2025 01:00;9.6;1.6
Lillehammer - Sætherengen;SN12680;12.08.2025 02:00;8.9;0.5
Lillehammer - Sætherengen;SN12680;12.08.2025 03:00;7.8;1
Lillehammer - Sætherengen;SN12680;12.08.2025 04:00;8.1;1.7
Lillehammer - Sætherengen;SN12680;12.08.2025 05:00;7.8;1.4
Lillehammer - Sætherengen;SN12680;12.08.2025 06:00;8.3;1.7
Lillehammer - Sætherengen;SN12680;12.08.2025 07:00;9.6;1.2
Lillehammer - Sætherengen;SN12680;12.08.2025 08:00;11.7;1.4
Lillehammer - Sætherengen;SN12680;12.08.2025 09:00;13.3;1.7
Lillehammer - Sætherengen;SN12680;12.08.2025 10:00;15.1;1.7
Lillehammer - Sætherengen;SN12680;12.08.2025 11:00;16.6;1.5
Lillehammer - Sætherengen;SN12680;12.08.2025 12:00;17.7;1.9
Lillehammer - Sætherengen;SN12680;12.08.2025 13:00;18.6;2.2
Lillehammer - Sætherengen;SN12680;12.08.2025 14:00;18.1;2
Lillehammer - Sætherengen;SN12680;12.08.2025 15:00;17.3;2.5
Lillehammer - Sætherengen;SN12680;12.08.2025 16:00;16.1;2.1
Lillehammer - Sætherengen;SN12680;12.08.2025 17:00;15.9;1.4
Lillehammer - Sætherengen;SN12680;12.08.2025 18:00;15.7;0.4
Lillehammer - Sætherengen;SN12680;12.08.2025 19:00;14.7;0.4
Lillehammer - Sætherengen;SN12680;12.08.2025 20:00;14;0.5
Lillehammer - Sætherengen;SN12680;12.08.2025 21:00;13;2
Lillehammer - Sætherengen;SN12680;12.08.2025 22:00;13.6;2
Lillehammer - Sætherengen;SN12680;12.08.2025 23:00;12.3;1
Lillehammer - Sætherengen;SN12680;13.08.2025 00:00;11.6;0.8
Lillehammer - Sætherengen;SN12680;13.08.2025 01:00;11.5;0.6
Lillehammer - Sætherengen;SN12680;13.08.2025 02:00;11.2;0.9
Lillehammer - Sætherengen;SN12680;13.08.2025 03:00;10.9;1.2
Lillehammer - Sætherengen;SN12680;13.08.2025 04:00;9.9;0.8
Lillehammer - Sætherengen;SN12680;13.08.2025 05:00;10.1;1.1
Lillehammer - Sætherengen;SN12680;13.08.2025 06:00;10.6;1
Lillehammer - Sætherengen;SN12680;13.08.2025 07:00;11.7;0.8
Lillehammer - Sætherengen;SN12680;13.08.2025 08:00;12.2;1
Lillehammer - Sætherengen;SN12680;13.08.2025 09:00;14.1;0.8
Lillehammer - Sætherengen;SN12680;13.08.2025 10:00;14.8;0.9
Lillehammer - Sætherengen;SN12680;13.08.2025 11:00;15.2;1
Lillehammer - Sætherengen;SN12680;13.08.2025 12:00;15.9;0.8
Lillehammer - Sætherengen;SN12680;13.08.2025 13:00;18.1;1.6
Lillehammer - Sætherengen;SN12680;13.08.2025 14:00;17.6;0.8
Lillehammer - Sætherengen;SN12680;13.08.2025 15:00;19.1;1.6
Lillehammer - Sætherengen;SN12680;13.08.2025 16:00;20.1;0
Lillehammer - Sætherengen;SN12680;13.08.2025 17:00;21.9;1
Lillehammer - Sætherengen;SN12680;13.08.2025 18:00;21.7;1.1
Lillehammer - Sætherengen;SN12680;13.08.2025 19:00;19.7;1.1
Lillehammer - Sætherengen;SN12680;13.08.2025 20:00;18.3;0.5
Lillehammer - Sætherengen;SN12680;13.08.2025 21:00;16.4;1
Lillehammer - Sætherengen;SN12680;13.08.2025 22:00;16;0
Lillehammer - Sætherengen;SN12680;13.08.2025 23:00;15.1;0.9
Lillehammer - Sætherengen;SN12680;14.08.2025 00:00;14.5;0.5
Lillehammer - Sætherengen;SN12680;14.08.2025 01:00;14.7;0.5
Lillehammer - Sætherengen;SN12680;14.08.2025 02:00;14.2;0.4
Lillehammer - Sætherengen;SN12680;14.08.2025 03:00;14;0.8
Lillehammer - Sætherengen;SN12680;14.08.2025 04:00;13.7;0.7
Lillehammer - Sætherengen;SN12680;14.08.2025 05:00;13.5;0.4
Lillehammer - Sætherengen;SN12680;14.08.2025 06:00;14;0.4
Lillehammer - Sætherengen;SN12680;14.08.2025 07:00;14.1;0
Lillehammer - Sætherengen;SN12680;14.08.2025 08:00;16.5;0.7
Lillehammer - Sætherengen;SN12680;14.08.2025 09:00;16.9;1.9
Lillehammer - Sætherengen;SN12680;14.08.2025 10:00;18.1;1.6
Lillehammer - Sætherengen;SN12680;14.08.2025 11:00;20.2;1.8
Lillehammer - Sætherengen;SN12680;14.08.2025 12:00;19.9;1.9
Lillehammer - Sætherengen;SN12680;14.08.2025 13:00;22.3;2.6
Lillehammer - Sætherengen;SN12680;14.08.2025 14:00;23.5;2.4
Lillehammer - Sætherengen;SN12680;14.08.2025 15:00;23.6;3.5
Lillehammer - Sætherengen;SN12680;14.08.2025 16:00;25;3.1
Lillehammer - Sætherengen;SN12680;14.08.2025 17:00;24.4;2.9
Lillehammer - Sætherengen;SN12680;14.08.2025 18:00;23.8;3.3
Lillehammer - Sætherengen;SN12680;14.08.2025 19:00;22.4;3.8
Lillehammer - Sætherengen;SN12680;14.08.2025 20:00;21.1;3.9
Lillehammer - Sætherengen;SN12680;14.08.2025 21:00;19.9;3.1
Lillehammer - Sætherengen;SN12680;14.08.2025 22:00;18.7;3.3
Lillehammer - Sætherengen;SN12680;14.08.2025 23:00;17.9;3.2
Lillehammer - Sætherengen;SN12680;15.08.2025 00:00;17;2.7
Lillehammer - Sætherengen;SN12680;15.08.2025 01:00;16.4;2.7
Lillehammer - Sætherengen;SN12680;15.08.2025 02:00;15.7;2.4
Lillehammer - Sætherengen;SN12680;15.08.2025 03:00;15.6;1.5
Lillehammer - Sætherengen;SN12680;15.08.2025 04:00;15.8;0.9
Lillehammer - Sætherengen;SN12680;15.08.2025 05:00;15.3;0.7
Lillehammer - Sætherengen;SN12680;15.08.2025 06:00;15.9;1.3
Lillehammer - Sætherengen;SN12680;15.08.2025 07:00;16.8;1.9
Lillehammer - Sætherengen;SN12680;15.08.2025 08:00;18;2
Lillehammer - Sætherengen;SN12680;15.08.2025 09:00;19.3;2.3
Lillehammer - Sætherengen;SN12680;15.08.2025 10:00;20.7;1.7
Lillehammer - Sætherengen;SN12680;15.08.2025 11:00;20.1;1.5
Lillehammer - Sætherengen;SN12680;15.08.2025 12:00;22.1;2.3
Lillehammer - Sætherengen;SN12680;15.08.2025 13:00;21.1;2.9
Lillehammer - Sætherengen;SN12680;15.08.2025 14:00;21.6;3.1
Lillehammer - Sætherengen;SN12680;15.08.2025 15:00;19.8;3.9
Lillehammer - Sætherengen;SN12680;15.08.2025 16:00;20.9;4.8
Lillehammer - Sætherengen;SN12680;15.08.2025 17:00;20.1;5.2
Lillehammer - Sætherengen;SN12680;15.08.2025 18:00;18.6;6.9
Lillehammer - Sætherengen;SN12680;15.08.2025 19:00;17;7
Lillehammer - Sætherengen;SN12680;15.08.2025 20:00;15.4;7.6
Lillehammer - Sætherengen;SN12680;15.08.2025 21:00;13.8;3.7
Lillehammer - Sætherengen;SN12680;15.08.2025 22:00;13.3;2.5
Lillehammer - Sætherengen;SN12680;15.08.2025 23:00;12.3;3.5
Lillehammer - Sætherengen;SN12680;16.08.2025 00:00;12.7;4.1
Lillehammer - Sætherengen;SN12680;16.08.2025 01:00;12;2.8
Lillehammer - Sætherengen;SN12680;16.08.2025 02:00;11.3;2.4
Lillehammer - Sætherengen;SN12680;16.08.2025 03:00;11.3;2.6
Lillehammer - Sætherengen;SN12680;16.08.2025 04:00;10.7;1.3
Lillehammer - Sætherengen;SN12680;16.08.2025 05:00;10.3;1.1
Lillehammer - Sætherengen;SN12680;16.08.2025 06:00;10.6;1.9
Lillehammer - Sætherengen;SN12680;16.08.2025 07:00;12.1;1.6
Lillehammer - Sætherengen;SN12680;16.08.2025 08:00;14.1;4.5
Lillehammer - Sætherengen;SN12680;16.08.2025 09:00;15;5.5
Lillehammer - Sætherengen;SN12680;16.08.2025 10:00;15.7;5.6
Lillehammer - Sætherengen;SN12680;16.08.2025 11:00;16.4;5.2
Lillehammer - Sætherengen;SN12680;16.08.2025 12:00;17.1;6.3
Lillehammer - Sætherengen;SN12680;16.08.2025 13:00;17.8;6.4
Lillehammer - Sætherengen;SN12680;16.08.2025 14:00;18.2;4.8
Lillehammer - Sætherengen;SN12680;16.08.2025 15:00;17.4;6.4
Lillehammer - Sætherengen;SN12680;16.08.2025 16:00;16.8;4.9
Lillehammer - Sætherengen;SN12680;16.08.2025 17:00;17.3;3.6
Lillehammer - Sætherengen;SN12680;16.08.2025 18:00;16.6;4.3
Lillehammer - Sætherengen;SN12680;16.08.2025 19:00;15.4;4.6
Lillehammer - Sætherengen;SN12680;16.08.2025 20:00;14.1;1.7
Lillehammer - Sætherengen;SN12680;16.08.2025 21:00;13.3;3.3
Lillehammer - Sætherengen;SN12680;16.08.2025 22:00;12.3;1.8
Lillehammer - Sætherengen;SN12680;16.08.2025 23:00;12.1;3.2
Lillehammer - Sætherengen;SN12680;17.08.2025 00:00;10.5;0.5
Lillehammer - Sætherengen;SN12680;17.08.2025 01:00;11.8;3.3
Lillehammer - Sætherengen;SN12680;17.08.2025 02:00;11.8;4
Lillehammer - Sætherengen;SN12680;17.08.2025 03:00;10.9;1.7
Lillehammer - Sætherengen;SN12680;17.08.2025 04:00;11;0.9
Lillehammer - Sætherengen;SN12680;17.08.2025 05:00;9.8;1
Lillehammer - Sætherengen;SN12680;17.08.2025 06:00;11.2;1.3
Lillehammer - Sætherengen;SN12680;17.08.2025 07:00;13.7;2.9
Lillehammer - Sætherengen;SN12680;17.08.2025 08:00;15.6;3.3
Lillehammer - Sætherengen;SN12680;17.08.2025 09:00;17;2.8
Lillehammer - Sætherengen;SN12680;17.08.2025 10:00;18.7;4.4
Lillehammer - Sætherengen;SN12680;17.08.2025 11:00;20.3;2.4
Lillehammer - Sætherengen;SN12680;17.08.2025 12:00;21.9;2.2
Lillehammer - Sætherengen;SN12680;17.08.2025 13:00;22.7;2.6
Lillehammer - Sætherengen;SN12680;17.08.2025 14:00;23.9;2.7
Lillehammer - Sætherengen;SN12680;17.08.2025 15:00;24.6;2.9
Lillehammer - Sætherengen;SN12680;17.08.2025 16:00;24.9;2.3
Lillehammer - Sætherengen;SN12680;17.08.2025 17:00;25;2.2
Lillehammer - Sætherengen;SN12680;17.08.2025 18:00;24.4;2.3
Lillehammer - Sætherengen;SN12680;17.08.2025 19:00;22.8;1.6
Lillehammer - Sætherengen;SN12680;17.08.2025 20:00;20.4;1.9
Lillehammer - Sætherengen;SN12680;17.08.2025 21:00;16.9;0.7
Lillehammer - Sætherengen;SN12680;17.08.2025 22:00;15.3;1.2
Lillehammer - Sætherengen;SN12680;17.08.2025 23:00;14.5;1.1
Lillehammer - Sætherengen;SN12680;18.08.2025 00:00;12.6;0.6
Lillehammer - Sætherengen;SN12680;18.08.2025 01:00;12;0.7
Lillehammer - Sætherengen;SN12680;18.08.2025 02:00;11.8;0.4
Lillehammer - Sætherengen;SN12680;18.08.2025 03:00;11.8;0
Lillehammer - Sætherengen;SN12680;18.08.2025 04:00;10.8;0
Lillehammer - Sætherengen;SN12680;18.08.2025 05:00;11;1.2
Lillehammer - Sætherengen;SN12680;18.08.2025 06:00;10.7;1.2
Lillehammer - Sætherengen;SN12680;18.08.2025 07:00;12.1;1.7
Lillehammer - Sætherengen;SN12680;18.08.2025 08:00;13.8;1.8
Lillehammer - Sætherengen;SN12680;18.08.2025 09:00;16;1.6
Lillehammer - Sætherengen;SN12680;18.08.2025 10:00;17.3;1.2
Lillehammer - Sætherengen;SN12680;18.08.2025 11:00;19;1.4
Lillehammer - Sætherengen;SN12680;18.08.2025 12:00;20.2;1.9
Lillehammer - Sætherengen;SN12680;18.08.2025 13:00;21.6;1.9
Lillehammer - Sætherengen;SN12680;18.08.2025 14:00;22.9;1.6
Lillehammer - Sætherengen;SN12680;18.08.2025 15:00;23.6;1.5
Lillehammer - Sætherengen;SN12680;18.08.2025 16:00;24.2;1.3
Lillehammer - Sætherengen;SN12680;18.08.2025 17:00;24.5;1.3
Lillehammer - Sætherengen;SN12680;18.08.2025 18:00;23.7;0.4
Lillehammer - Sætherengen;SN12680;18.08.2025 19:00;21.7;1.1
Lillehammer - Sætherengen;SN12680;18.08.2025 20:00;19.6;1.2
Lillehammer - Sætherengen;SN12680;18.08.2025 21:00;18.3;2.2
Lillehammer - Sætherengen;SN12680;18.08.2025 22:00;17.6;2.5
Lillehammer - Sætherengen;SN12680;18.08.2025 23:00;16.3;3.1
Lillehammer - Sætherengen;SN12680;19.08.2025 00:00;15.6;3
Lillehammer - Sætherengen;SN12680;19.08.2025 01:00;14.1;1.9
Lillehammer - Sætherengen;SN12680;19.08.2025 02:00;13.2;1.8
Lillehammer - Sætherengen;SN12680;19.08.2025 03:00;11;0.6
Lillehammer - Sætherengen;SN12680;19.08.2025 04:00;10.5;1.2
Lillehammer - Sætherengen;SN12680;19.08.2025 05:00;11.6;1.4
Lillehammer - Sætherengen;SN12680;19.08.2025 06:00;11.1;1.1
Lillehammer - Sætherengen;SN12680;19.08.2025 07:00;11.6;1
Lillehammer - Sætherengen;SN12680;19.08.2025 08:00;13.4;5
Lillehammer - Sætherengen;SN12680;19.08.2025 09:00;13.7;5.1
Lillehammer - Sætherengen;SN12680;19.08.2025 10:00;14.4;5.9
Lillehammer - Sætherengen;SN12680;19.08.2025 11:00;14.9;6.2
Lillehammer - Sætherengen;SN12680;19.08.2025 12:00;16.6;5.1
Lillehammer - Sætherengen;SN12680;19.08.2025 13:00;16.8;6.1
Lillehammer - Sætherengen;SN12680;19.08.2025 14:00;16.9;5.5
Lillehammer - Sætherengen;SN12680;19.08.2025 15:00;16.9;4.7
Lillehammer - Sætherengen;SN12680;19.08.2025 16:00;17.5;4.9
Lillehammer - Sætherengen;SN12680;19.08.2025 17:00;17.1;4.5
Lillehammer - Sætherengen;SN12680;19.08.2025 18:00;17.2;4.4
Lillehammer - Sætherengen;SN12680;19.08.2025 19:00;15;3.8
Lillehammer - Sætherengen;SN12680;19.08.2025 20:00;13.8;4.9
Lillehammer - Sætherengen;SN12680;19.08.2025 21:00;12.3;4
Lillehammer - Sætherengen;SN12680;19.08.2025 22:00;11.3;4.1
Lillehammer - Sætherengen;SN12680;19.08.2025 23:00;10.1;2.3
Lillehammer - Sætherengen;SN12680;20.08.2025 00:00;9.4;2.4
Lillehammer - Sætherengen;SN12680;20.08.2025 01:00;8.5;1.9
Lillehammer - Sætherengen;SN12680;20.08.2025 02:00;7.3;1.3
Lillehammer - Sætherengen;SN12680;20.08.2025 03:00;7.7;1.9
Lillehammer - Sætherengen;SN12680;20.08.2025 04:00;5.9;1.4
Lillehammer - Sætherengen;SN12680;20.08.2025 05:00;5.9;0.4
Lillehammer - Sætherengen;SN12680;20.08.2025 06:00;5.9;0.8
Lillehammer - Sætherengen;SN12680;20.08.2025 07:00;7.7;1.6
Lillehammer - Sætherengen;SN12680;20.08.2025 08:00;9.7;2.1
Lillehammer - Sætherengen;SN12680;20.08.2025 09:00;11.5;2.9
Lillehammer - Sætherengen;SN12680;20.08.2025 10:00;13.4;2.4
Lillehammer - Sætherengen;SN12680;20.08.2025 11:00;14.5;2
Lillehammer - Sætherengen;SN12680;20.08.2025 12:00;16.1;1.8
Lillehammer - Sætherengen;SN12680;20.08.2025 13:00;15.9;1.2
Lillehammer - Sætherengen;SN12680;20.08.2025 14:00;16;2
Lillehammer - Sætherengen;SN12680;20.08.2025 15:00;14.9;2.9
Lillehammer - Sætherengen;SN12680;20.08.2025 16:00;14.8;2
Lillehammer - Sætherengen;SN12680;20.08.2025 17:00;13.8;2.3
Lillehammer - Sætherengen;SN12680;20.08.2025 18:00;11.7;2.9
Lillehammer - Sætherengen;SN12680;20.08.2025 19:00;8.6;2.3
Lillehammer - Sætherengen;SN12680;20.08.2025 20:00;8.2;1.5
Lillehammer - Sætherengen;SN12680;20.08.2025 21:00;7.9;0.7
Lillehammer - Sætherengen;SN12680;20.08.2025 22:00;7.9;1.1
Lillehammer - Sætherengen;SN12680;20.08.2025 23:00;7.9;1.3
Lillehammer - Sætherengen;SN12680;21.08.2025 00:00;7.8;1
Lillehammer - Sætherengen;SN12680;21.08.2025 01:00;7.8;1.8
Lillehammer - Sætherengen;SN12680;21.08.2025 02:00;8;3
Lillehammer - Sætherengen;SN12680;21.08.2025 03:00;7.5;2.5
Lillehammer - Sætherengen;SN12680;21.08.2025 04:00;7.3;3
Lillehammer - Sætherengen;SN12680;21.08.2025 05:00;6.7;2.9
Lillehammer - Sætherengen;SN12680;21.08.2025 06:00;6.4;2.3
Lillehammer - Sætherengen;SN12680;21.08.2025 07:00;5.7;0.5
Lillehammer - Sætherengen;SN12680;21.08.2025 08:00;8.5;2.2
Lillehammer - Sætherengen;SN12680;21.08.2025 09:00;10.4;2.4
Lillehammer - Sætherengen;SN12680;21.08.2025 10:00;11.9;2.4
Lillehammer - Sætherengen;SN12680;21.08.2025 11:00;13.2;2
Lillehammer - Sætherengen;SN12680;21.08.2025 12:00;13.8;2.7
Lillehammer - Sætherengen;SN12680;21.08.2025 13:00;15.1;2.4
Lillehammer - Sætherengen;SN12680;21.08.2025 14:00;14.9;0.8
Lillehammer - Sætherengen;SN12680;21.08.2025 15:00;15.2;1.6
Lillehammer - Sætherengen;SN12680;21.08.2025 16:00;15.1;1.1
Lillehammer - Sætherengen;SN12680;21.08.2025 17:00;14.9;1.1
Lillehammer - Sætherengen;SN12680;21.08.2025 18:00;14.3;1.4
Lillehammer - Sætherengen;SN12680;21.08.2025 19:00;12.9;1
Lillehammer - Sætherengen;SN12680;21.08.2025 20:00;11.9;0.6
Lillehammer - Sætherengen;SN12680;21.08.2025 21:00;11.3;0.8
Lillehammer - Sætherengen;SN12680;21.08.2025 22:00;10.6;1
Lillehammer - Sætherengen;SN12680;21.08.2025 23:00;10;1.1
Lillehammer - Sætherengen;SN12680;22.08.2025 00:00;9;0.5
Lillehammer - Sætherengen;SN12680;22.08.2025 01:00;8.5;1.1
Lillehammer - Sætherengen;SN12680;22.08.2025 02:00;8.3;0.5
Lillehammer - Sætherengen;SN12680;22.08.2025 03:00;8.3;1.2
Lillehammer - Sætherengen;SN12680;22.08.2025 04:00;8.1;1.3
Lillehammer - Sætherengen;SN12680;22.08.2025 05:00;7.9;1.1
Lillehammer - Sætherengen;SN12680;22.08.2025 06:00;7.9;1.2
Lillehammer - Sætherengen;SN12680;22.08.2025 07:00;8.2;2.1
Lillehammer - Sætherengen;SN12680;22.08.2025 08:00;9.2;4.7
Lillehammer - Sætherengen;SN12680;22.08.2025 09:00;11.1;5.5
Lillehammer - Sætherengen;SN12680;22.08.2025 10:00;11.9;4.4
Lillehammer - Sætherengen;SN12680;22.08.2025 11:00;13;4.2
Lillehammer - Sætherengen;SN12680;22.08.2025 12:00;14;3.8
Lillehammer - Sætherengen;SN12680;22.08.2025 13:00;13.8;4.6
Lillehammer - Sætherengen;SN12680;22.08.2025 14:00;15.3;3.8
Lillehammer - Sætherengen;SN12680;22.08.2025 15:00;13.8;3.8
Lillehammer - Sætherengen;SN12680;22.08.2025 16:00;12.2;7.1
Lillehammer - Sætherengen;SN12680;22.08.2025 17:00;10.3;4.4
Lillehammer - Sætherengen;SN12680;22.08.2025 18:00;10.6;1.8
Lillehammer - Sætherengen;SN12680;22.08.2025 19:00;10.5;2
Lillehammer - Sætherengen;SN12680;22.08.2025 20:00;8.5;0.9
Lillehammer - Sætherengen;SN12680;22.08.2025 21:00;7.3;0.6
Lillehammer - Sætherengen;SN12680;22.08.2025 22:00;7.2;1
Lillehammer - Sætherengen;SN12680;22.08.2025 23:00;7;0.8
Lillehammer - Sætherengen;SN12680;23.08.2025 00:00;6.5;1.6
Lillehammer - Sætherengen;SN12680;23.08.2025 01:00;6.8;1.4
Lillehammer - Sætherengen;SN12680;23.08.2025 02:00;7.2;3.4
Lillehammer - Sætherengen;SN12680;23.08.2025 03:00;5.6;1.9
Lillehammer - Sætherengen;SN12680;23.08.2025 04:00;5.1;1.2
Lillehammer - Sætherengen;SN12680;23.08.2025 05:00;4.8;1.9
Lillehammer - Sætherengen;SN12680;23.08.2025 06:00;5;1.2
Lillehammer - Sætherengen;SN12680;23.08.2025 07:00;6.8;1.5
Lillehammer - Sætherengen;SN12680;23.08.2025 08:00;9.7;1
Lillehammer - Sætherengen;SN12680;23.08.2025 09:00;10.4;2.2
Lillehammer - Sætherengen;SN12680;23.08.2025 10:00;12.5;2
Lillehammer - Sætherengen;SN12680;23.08.2025 11:00;14.5;2
Lillehammer - Sætherengen;SN12680;23.08.2025 12:00;14.3;1.9
Lillehammer - Sætherengen;SN12680;23.08.2025 13:00;16.2;1.6
Lillehammer - Sætherengen;SN12680;23.08.2025 14:00;16.4;2
Lillehammer - Sætherengen;SN12680;23.08.2025 15:00;17.3;3.6
Lillehammer - Sætherengen;SN12680;23.08.2025 16:00;17.9;3.4
Lillehammer - Sætherengen;SN12680;23.08.2025 17:00;17;4.8
Lillehammer - Sætherengen;SN12680;23.08.2025 18:00;15.7;5.4
Lillehammer - Sætherengen;SN12680;23.08.2025 19:00;14.8;2.7
Lillehammer - Sætherengen;SN12680;23.08.2025 20:00;12.6;1.5
Lillehammer - Sætherengen;SN12680;23.08.2025 21:00;10.7;1.1
Lillehammer - Sætherengen;SN12680;23.08.2025 22:00;10.5;2
Lillehammer - Sætherengen;SN12680;23.08.2025 23:00;8.6;1
Lillehammer - Sætherengen;SN12680;24.08.2025 00:00;8.5;1.1
Lillehammer - Sætherengen;SN12680;24.08.2025 01:00;6.9;0.8
Lillehammer - Sætherengen;SN12680;24.08.2025 02:00;6.5;0.9
Lillehammer - Sætherengen;SN12680;24.08.2025 03:00;6.1;1
Lillehammer - Sætherengen;SN12680;24.08.2025 04:00;6.8;1.7
Lillehammer - Sætherengen;SN12680;24.08.2025 05:00;5.9;1.6
Lillehammer - Sætherengen;SN12680;24.08.2025 06:00;6.4;1
Lillehammer - Sætherengen;SN12680;24.08.2025 07:00;8.9;1.4
Lillehammer - Sætherengen;SN12680;24.08.2025 08:00;11.9;4.6
Lillehammer - Sætherengen;SN12680;24.08.2025 09:00;13.3;4.4
Lillehammer - Sætherengen;SN12680;24.08.2025 10:00;14.9;3.9
Lillehammer - Sætherengen;SN12680;24.08.2025 11:00;16;4.1
Lillehammer - Sætherengen;SN12680;24.08.2025 12:00;16.8;4.1
Lillehammer - Sætherengen;SN12680;24.08.2025 13:00;16.5;3.2
Lillehammer - Sætherengen;SN12680;24.08.2025 14:00;16.6;4.3
Lillehammer - Sætherengen;SN12680;24.08.2025 15:00;16.1;2.4
Lillehammer - Sætherengen;SN12680;24.08.2025 16:00;15.9;4.2
Lillehammer - Sætherengen;SN12680;24.08.2025 17:00;15.3;4.9
Lillehammer - Sætherengen;SN12680;24.08.2025 18:00;14.7;3.3
Lillehammer - Sætherengen;SN12680;24.08.2025 19:00;14.1;1.8
Lillehammer - Sætherengen;SN12680;24.08.2025 20:00;12.6;1.1
Lillehammer - Sætherengen;SN12680;24.08.2025 21:00;12;2.7
Lillehammer - Sætherengen;SN12680;24.08.2025 22:00;11.1;2.4
Lillehammer - Sætherengen;SN12680;24.08.2025 23:00;9.8;1.6
Lillehammer - Sætherengen;SN12680;25.08.2025 00:00;7.8;0.8
Lillehammer - Sætherengen;SN12680;25.08.2025 01:00;8.1;0.9
Lillehammer - Sætherengen;SN12680;25.08.2025 02:00;7.5;0.7
Lillehammer - Sætherengen;SN12680;25.08.2025 03:00;6.9;1
Lillehammer - Sætherengen;SN12680;25.08.2025 04:00;6.1;1
Lillehammer - Sætherengen;SN12680;25.08.2025 05:00;6.3;2
Lillehammer - Sætherengen;SN12680;25.08.2025 06:00;5.9;1.4
Lillehammer - Sætherengen;SN12680;25.08.2025 07:00;6.8;1.8
Lillehammer - Sætherengen;SN12680;25.08.2025 08:00;8.2;1.5
Lillehammer - Sætherengen;SN12680;25.08.2025 09:00;11;1.8
Lillehammer - Sætherengen;SN12680;25.08.2025 10:00;12.9;2.4
Lillehammer - Sætherengen;SN12680;25.08.2025 11:00;14.5;2
Lillehammer - Sætherengen;SN12680;25.08.2025 12:00;15.6;2.3
Lillehammer - Sætherengen;SN12680;25.08.2025 13:00;16.6;2
Lillehammer - Sætherengen;SN12680;25.08.2025 14:00;17.3;1.7
Lillehammer - Sætherengen;SN12680;25.08.2025 15:00;17.7;2.2
Lillehammer - Sætherengen;SN12680;25.08.2025 16:00;18.5;1.5
Lillehammer - Sætherengen;SN12680;25.08.2025 17:00;18.1;1.9
Lillehammer - Sætherengen;SN12680;25.08.2025 18:00;17.6;1.5
Lillehammer - Sætherengen;SN12680;25.08.2025 19:00;16.7;2.2
Lillehammer - Sætherengen;SN12680;25.08.2025 20:00;13.6;2.7
Lillehammer - Sætherengen;SN12680;25.08.2025 21:00;11.7;0.5
Lillehammer - Sætherengen;SN12680;25.08.2025 22:00;10.1;1.1
Lillehammer - Sætherengen;SN12680;25.08.2025 23:00;8.4;0.5
Lillehammer - Sætherengen;SN12680;26.08.2025 00:00;7.7;0.7
Lillehammer - Sætherengen;SN12680;26.08.2025 01:00;6;0.5
Lillehammer - Sætherengen;SN12680;26.08.2025 02:00;6.2;1.3
Lillehammer - Sætherengen;SN12680;26.08.2025 03:00;5.7;1.6
Lillehammer - Sætherengen;SN12680;26.08.2025 04:00;5.2;1.1
Lillehammer - Sætherengen;SN12680;26.08.2025 05:00;4.3;1.1
Lillehammer - Sætherengen;SN12680;26.08.2025 06:00;5.1;0.9
Lillehammer - Sætherengen;SN12680;26.08.2025 07:00;5.6;1.5
Lillehammer - Sætherengen;SN12680;26.08.2025 08:00;7.9;1.7
Lillehammer - Sætherengen;SN12680;26.08.2025 09:00;9.6;1.4
Lillehammer - Sætherengen;SN12680;26.08.2025 10:00;12;1.1
Lillehammer - Sætherengen;SN12680;26.08.2025 11:00;13.8;1.8
Lillehammer - Sætherengen;SN12680;26.08.2025 12:00;14.8;2.4
Lillehammer - Sætherengen;SN12680;26.08.2025 13:00;15.5;3.2
Lillehammer - Sætherengen;SN12680;26.08.2025 14:00;17.3;2.1
Lillehammer - Sætherengen;SN12680;26.08.2025 15:00;17.6;1.9
Lillehammer - Sætherengen;SN12680;26.08.2025 16:00;17.5;2.7
Lillehammer - Sætherengen;SN12680;26.08.2025 17:00;17.5;2.2
Lillehammer - Sætherengen;SN12680;26.08.2025 18:00;15.8;1.4
Lillehammer - Sætherengen;SN12680;26.08.2025 19:00;13.8;1.5
Lillehammer - Sætherengen;SN12680;26.08.2025 20:00;11.5;1.3
Lillehammer - Sætherengen;SN12680;26.08.2025 21:00;11.2;0.9
Lillehammer - Sætherengen;SN12680;26.08.2025 22:00;9.6;0.4
Lillehammer - Sætherengen;SN12680;26.08.2025 23:00;8.8;0.8
Lillehammer - Sætherengen;SN12680;27.08.2025 00:00;8.2;0.5
Lillehammer - Sætherengen;SN12680;27.08.2025 01:00;8.1;0.6
Lillehammer - Sætherengen;SN12680;27.08.2025 02:00;7.1;0.5
Lillehammer - Sætherengen;SN12680;27.08.2025 03:00;7.4;0.8
Lillehammer - Sætherengen;SN12680;27.08.2025 04:00;7.4;1
Lillehammer - Sætherengen;SN12680;27.08.2025 05:00;7.9;0.7
Lillehammer - Sætherengen;SN12680;27.08.2025 06:00;8.4;1.5
Lillehammer - Sætherengen;SN12680;27.08.2025 07:00;8.7;1.2
Lillehammer - Sætherengen;SN12680;27.08.2025 08:00;9;0.8
Lillehammer - Sætherengen;SN12680;27.08.2025 09:00;9.9;0.5
Lillehammer - Sætherengen;SN12680;27.08.2025 10:00;11.1;0.7
Lillehammer - Sætherengen;SN12680;27.08.2025 11:00;12.3;0.6
Lillehammer - Sætherengen;SN12680;27.08.2025 12:00;13.1;1.1
Lillehammer - Sætherengen;SN12680;27.08.2025 13:00;15.2;1.7
Lillehammer - Sætherengen;SN12680;27.08.2025 14:00;16;1.9
Lillehammer - Sætherengen;SN12680;27.08.2025 15:00;17.2;2.3
Lillehammer - Sætherengen;SN12680;27.08.2025 16:00;16.4;2.8
Lillehammer - Sætherengen;SN12680;27.08.2025 17:00;16.3;2.5
Lillehammer - Sætherengen;SN12680;27.08.2025 18:00;15.4;2.1
Lillehammer - Sætherengen;SN12680;27.08.2025 19:00;13.8;2.1
Lillehammer - Sætherengen;SN12680;27.08.2025 20:00;13.7;1.8
Lillehammer - Sætherengen;SN12680;27.08.2025 21:00;14;1.3
Lillehammer - Sætherengen;SN12680;27.08.2025 22:00;13.4;0.5
Lillehammer - Sætherengen;SN12680;27.08.2025 23:00;13.3;0.9
Lillehammer - Sætherengen;SN12680;28.08.2025 00:00;13.2;0.8
Lillehammer - Sætherengen;SN12680;28.08.2025 01:00;13.2;0.5
Lillehammer - Sætherengen;SN12680;28.08.2025 02:00;13;0.7
Lillehammer - Sætherengen;SN12680;28.08.2025 03:00;13.1;0.9
Lillehammer - Sætherengen;SN12680;28.08.2025 04:00;13.4;1.4
Lillehammer - Sætherengen;SN12680;28.08.2025 05:00;13.2;0.6
Lillehammer - Sætherengen;SN12680;28.08.2025 06:00;13.2;1.1
Lillehammer - Sætherengen;SN12680;28.08.2025 07:00;13.6;1.2
Lillehammer - Sætherengen;SN12680;28.08.2025 08:00;13.7;0.8
Lillehammer - Sætherengen;SN12680;28.08.2025 09:00;13.9;1.1
Lillehammer - Sætherengen;SN12680;28.08.2025 10:00;14.3;1.6
Lillehammer - Sætherengen;SN12680;28.08.2025 11:00;14.4;1.1
Lillehammer - Sætherengen;SN12680;28.08.2025 12:00;15.6;1.6
Lillehammer - Sætherengen;SN12680;28.08.2025 13:00;18.2;2.1
Lillehammer - Sætherengen;SN12680;28.08.2025 14:00;17;2.2
Lillehammer - Sætherengen;SN12680;28.08.2025 15:00;18.2;2.4
Lillehammer - Sætherengen;SN12680;28.08.2025 16:00;18.3;1.7
Lillehammer - Sætherengen;SN12680;28.08.2025 17:00;17.7;1.9
Lillehammer - Sætherengen;SN12680;28.08.2025 18:00;16.9;1.8
Lillehammer - Sætherengen;SN12680;28.08.2025 19:00;14.6;1.6
Lillehammer - Sætherengen;SN12680;28.08.2025 20:00;13.7;0.7
Lillehammer - Sætherengen;SN12680;28.08.2025 21:00;13.6;0
Lillehammer - Sætherengen;SN12680;28.08.2025 22:00;13.5;0.4
Lillehammer - Sætherengen;SN12680;28.08.2025 23:00;13.3;0.7
Lillehammer - Sætherengen;SN12680;29.08.2025 00:00;13.4;0.4
Lillehammer - Sætherengen;SN12680;29.08.2025 01:00;13.3;0.6
Lillehammer - Sætherengen;SN12680;29.08.2025 02:00;12.4;0.7
Lillehammer - Sætherengen;SN12680;29.08.2025 03:00;11.8;0.9
Lillehammer - Sætherengen;SN12680;29.08.2025 04:00;12;0.7
Lillehammer - Sætherengen;SN12680;29.08.2025 05:00;11.6;0.8
Lillehammer - Sætherengen;SN12680;29.08.2025 06:00;12.3;0.8
Lillehammer - Sætherengen;SN12680;29.08.2025 07:00;12.6;0.5
Lillehammer - Sætherengen;SN12680;29.08.2025 08:00;12.9;0.7
Lillehammer - Sætherengen;SN12680;29.08.2025 09:00;13.4;0.9
Lillehammer - Sætherengen;SN12680;29.08.2025 10:00;14;0.7
Lillehammer - Sætherengen;SN12680;29.08.2025 11:00;15.1;1.1
Lillehammer - Sætherengen;SN12680;29.08.2025 12:00;15.2;0.9
Lillehammer - Sætherengen;SN12680;29.08.2025 13:00;15.5;0.8
Lillehammer - Sætherengen;SN12680;29.08.2025 14:00;14.5;0.5
Lillehammer - Sætherengen;SN12680;29.08.2025 15:00;14.8;0.6
Lillehammer - Sætherengen;SN12680;29.08.2025 16:00;14.9;0.9
Lillehammer - Sætherengen;SN12680;29.08.2025 17:00;14.8;1.2
Lillehammer - Sætherengen;SN12680;29.08.2025 18:00;15;1.4
Lillehammer - Sætherengen;SN12680;29.08.2025 19:00;14.7;1.2
Lillehammer - Sætherengen;SN12680;29.08.2025 20:00;14.3;0.4
Lillehammer - Sætherengen;SN12680;29.08.2025 21:00;14.1;0.6
Lillehammer - Sætherengen;SN12680;29.08.2025 22:00;13.8;0
Lillehammer - Sætherengen;SN12680;29.08.2025 23:00;13.9;0.8
Lillehammer - Sætherengen;SN12680;30.08.2025 00:00;13.8;0.4
Lillehammer - Sætherengen;SN12680;30.08.2025 01:00;13.7;0.4
Lillehammer - Sætherengen;SN12680;30.08.2025 02:00;13.6;0.5
Lillehammer - Sætherengen;SN12680;30.08.2025 03:00;13.5;0.6
Lillehammer - Sætherengen;SN12680;30.08.2025 04:00;13.4;0.5
Lillehammer - Sætherengen;SN12680;30.08.2025 05:00;13.4;0.5
Lillehammer - Sætherengen;SN12680;30.08.2025 06:00;13.3;1
Lillehammer - Sætherengen;SN12680;30.08.2025 07:00;13.4;0.6
Lillehammer - Sætherengen;SN12680;30.08.2025 08:00;13.8;0.8
Lillehammer - Sætherengen;SN12680;30.08.2025 09:00;14.1;0.9
Lillehammer - Sætherengen;SN12680;30.08.2025 10:00;14.7;0.5
Lillehammer - Sætherengen;SN12680;30.08.2025 11:00;14.5;1.3
Lillehammer - Sætherengen;SN12680;30.08.2025 12:00;15;2
Lillehammer - Sætherengen;SN12680;30.08.2025 13:00;16.4;0.8
Lillehammer - Sætherengen;SN12680;30.08.2025 14:00;16.3;2.3
Lillehammer - Sætherengen;SN12680;30.08.2025 15:00;16.5;1.7
Lillehammer - Sætherengen;SN12680;30.08.2025 16:00;17.1;1.1
Lillehammer - Sætherengen;SN12680;30.08.2025 17:00;17.4;1.6
Lillehammer - Sætherengen;SN12680;30.08.2025 18:00;16.8;2.1
Lillehammer - Sætherengen;SN12680;30.08.2025 19:00;15.2;2.4
Lillehammer - Sætherengen;SN12680;30.08.2025 20:00;14.8;1.5
Lillehammer - Sætherengen;SN12680;30.08.2025 21:00;14.8;1.6
Lillehammer - Sætherengen;SN12680;30.08.2025 22:00;14.4;1.7
Lillehammer - Sætherengen;SN12680;30.08.2025 23:00;14;1.2
Lillehammer - Sætherengen;SN12680;31.08.2025 00:00;14.1;1.2
Lillehammer - Sætherengen;SN12680;31.08.2025 01:00;13.7;1.3
Lillehammer - Sætherengen;SN12680;31.08.2025 02:00;13.5;0.8
Lillehammer - Sætherengen;SN12680;31.08.2025 03:00;13.4;0.4
Lillehammer - Sætherengen;SN12680;31.08.2025 04:00;13.3;0.6
Lillehammer - Sætherengen;SN12680;31.08.2025 05:00;13.3;0
Lillehammer - Sætherengen;SN12680;31.08.2025 06:00;13.4;0
Lillehammer - Sætherengen;SN12680;31.08.2025 07:00;13.5;0.7
Lillehammer - Sætherengen;SN12680;31.08.2025 08:00;14.2;1.7
Lillehammer - Sætherengen;SN12680;31.08.2025 09:00;14.9;1.6
Lillehammer - Sætherengen;SN12680;31.08.2025 10:00;16.2;3.2
Lillehammer - Sætherengen;SN12680;31.08.2025 11:00;17;2
Lillehammer - Sætherengen;SN12680;31.08.2025 12:00;16.8;3.1
Lillehammer - Sætherengen;SN12680;31.08.2025 13:00;17.6;2.8
Lillehammer - Sætherengen;SN12680;31.08.2025 14:00;18.2;2.5
Lillehammer - Sætherengen;SN12680;31.08.2025 15:00;17.8;2.1
Lillehammer - Sætherengen;SN12680;31.08.2025 16:00;17.3;2
Lillehammer - Sætherengen;SN12680;31.08.2025 17:00;16.6;1.8
Lillehammer - Sætherengen;SN12680;31.08.2025 18:00;16.3;1.7
Lillehammer - Sætherengen;SN12680;31.08.2025 19:00;15.9;2.1
Lillehammer - Sætherengen;SN12680;31.08.2025 20:00;15.4;1.9
Lillehammer - Sætherengen;SN12680;31.08.2025 21:00;15.5;2.1
Lillehammer - Sætherengen;SN12680;31.08.2025 22:00;15.6;1.9
Lillehammer - Sætherengen;SN12680;31.08.2025 23:00;14.6;0.9
Lillehammer - Sætherengen;SN12680;01.09.2025 00:00;14.1;1
Lillehammer - Sætherengen;SN12680;01.09.2025 01:00;13.9;1
Lillehammer - Sætherengen;SN12680;01.09.2025 02:00;13.6;0.6
Lillehammer - Sætherengen;SN12680;01.09.2025 03:00;13.6;0.5
Lillehammer - Sætherengen;SN12680;01.09.2025 04:00;13.8;0.9
Lillehammer - Sætherengen;SN12680;01.09.2025 05:00;13.7;1
Lillehammer - Sætherengen;SN12680;01.09.2025 06:00;13.7;1.2
Lillehammer - Sætherengen;SN12680;01.09.2025 07:00;13.8;1.2
Lillehammer - Sætherengen;SN12680;01.09.2025 08:00;13.9;1.4
Lillehammer - Sætherengen;SN12680;01.09.2025 09:00;14;1.8
Lillehammer - Sætherengen;SN12680;01.09.2025 10:00;14.6;1
Lillehammer - Sætherengen;SN12680;01.09.2025 11:00;14.7;2.2
Lillehammer - Sætherengen;SN12680;01.09.2025 12:00;15;1.8
Lillehammer - Sætherengen;SN12680;01.09.2025 13:00;15.2;1.8
Lillehammer - Sætherengen;SN12680;01.09.2025 14:00;15.2;1.7
Lillehammer - Sætherengen;SN12680;01.09.2025 15:00;14.9;1.7
Lillehammer - Sætherengen;SN12680;01.09.2025 16:00;15.7;1.5
Lillehammer - Sætherengen;SN12680;01.09.2025 17:00;14.8;2.1
Lillehammer - Sætherengen;SN12680;01.09.2025 18:00;15.2;1.2
Lillehammer - Sætherengen;SN12680;01.09.2025 19:00;15.5;0.9
Lillehammer - Sætherengen;SN12680;01.09.2025 20:00;16;1.5
Lillehammer - Sætherengen;SN12680;01.09.2025 21:00;15.1;1.8
Lillehammer - Sætherengen;SN12680;01.09.2025 22:00;14.9;2
Lillehammer - Sætherengen;SN12680;01.09.2025 23:00;15.3;2.7
Lillehammer - Sætherengen;SN12680;02.09.2025 00:00;15.4;2.9
Lillehammer - Sætherengen;SN12680;02.09.2025 01:00;15.4;3.5
Lillehammer - Sætherengen;SN12680;02.09.2025 02:00;13.5;1.9
Lillehammer - Sætherengen;SN12680;02.09.2025 03:00;14.2;1.8
Lillehammer - Sætherengen;SN12680;02.09.2025 04:00;12.4;0.9
Lillehammer - Sætherengen;SN12680;02.09.2025 05:00;12.1;1.2
Lillehammer - Sætherengen;SN12680;02.09.2025 06:00;13.4;2.5
Lillehammer - Sætherengen;SN12680;02.09.2025 07:00;13.4;2.2
Lillehammer - Sætherengen;SN12680;02.09.2025 08:00;13.1;1
Lillehammer - Sætherengen;SN12680;02.09.2025 09:00;14.3;2.6
Lillehammer - Sætherengen;SN12680;02.09.2025 10:00;15;1.4
Lillehammer - Sætherengen;SN12680;02.09.2025 11:00;15.8;1.8
Lillehammer - Sætherengen;SN12680;02.09.2025 12:00;17.6;2
Lillehammer - Sætherengen;SN12680;02.09.2025 13:00;17.6;2.7
Lillehammer - Sætherengen;SN12680;02.09.2025 14:00;17.9;3.1
Lillehammer - Sætherengen;SN12680;02.09.2025 15:00;17.9;2.5
Lillehammer - Sætherengen;SN12680;02.09.2025 16:00;17.6;2
Lillehammer - Sætherengen;SN12680;02.09.2025 17:00;17.3;1.4
Lillehammer - Sætherengen;SN12680;02.09.2025 18:00;17.2;1.3
Lillehammer - Sætherengen;SN12680;02.09.2025 19:00;15.4;1.4
Lillehammer - Sætherengen;SN12680;02.09.2025 20:00;13.9;0.5
Lillehammer - Sætherengen;SN12680;02.09.2025 21:00;12.9;0.7
Lillehammer - Sætherengen;SN12680;02.09.2025 22:00;12.9;0.8
Lillehammer - Sætherengen;SN12680;02.09.2025 23:00;12.3;0.8
Lillehammer - Sætherengen;SN12680;03.09.2025 00:00;12.3;0.5
Lillehammer - Sætherengen;SN12680;03.09.2025 01:00;12.6;0.4
Lillehammer - Sætherengen;SN12680;03.09.2025 02:00;12.5;0.7
Lillehammer - Sætherengen;SN12680;03.09.2025 03:00;12.3;0.4
Lillehammer - Sætherengen;SN12680;03.09.2025 04:00;12.4;0.5
Lillehammer - Sætherengen;SN12680;03.09.2025 05:00;12.1;0.6
Lillehammer - Sætherengen;SN12680;03.09.2025 06:00;12.3;0
Lillehammer - Sætherengen;SN12680;03.09.2025 07:00;12.4;0
Lillehammer - Sætherengen;SN12680;03.09.2025 08:00;13.5;1.4
Lillehammer - Sætherengen;SN12680;03.09.2025 09:00;13.7;2
Lillehammer - Sætherengen;SN12680;03.09.2025 10:00;16.4;1.1
Lillehammer - Sætherengen;SN12680;03.09.2025 11:00;17.6;2.7
Lillehammer - Sætherengen;SN12680;03.09.2025 12:00;17.4;3
Lillehammer - Sætherengen;SN12680;03.09.2025 13:00;18.4;2.6
Lillehammer - Sætherengen;SN12680;03.09.2025 14:00;19;4.1
Lillehammer - Sætherengen;SN12680;03.09.2025 15:00;17.9;3.4
Lillehammer - Sætherengen;SN12680;03.09.2025 16:00;18.1;2.3
Lillehammer - Sætherengen;SN12680;03.09.2025 17:00;17.1;3
Lillehammer - Sætherengen;SN12680;03.09.2025 18:00;16.3;2.9
Lillehammer - Sætherengen;SN12680;03.09.2025 19:00;15.8;2.6
Lillehammer - Sætherengen;SN12680;03.09.2025 20:00;15.5;1.8
Lillehammer - Sætherengen;SN12680;03.09.2025 21:00;14.8;1.6
Lillehammer - Sætherengen;SN12680;03.09.2025 22:00;14.7;1.8
Lillehammer - Sætherengen;SN12680;03.09.2025 23:00;14.3;2.4
Lillehammer - Sætherengen;SN12680;04.09.2025 00:00;14.2;3
Lillehammer - Sætherengen;SN12680;04.09.2025 01:00;14.2;3.7
Lillehammer - Sætherengen;SN12680;04.09.2025 02:00;14.9;5.3
Lillehammer - Sætherengen;SN12680;04.09.2025 03:00;14.9;4.5
Lillehammer - Sætherengen;SN12680;04.09.2025 04:00;15.4;4.4
Lillehammer - Sætherengen;SN12680;04.09.2025 05:00;15.5;6.3
Lillehammer - Sætherengen;SN12680;04.09.2025 06:00;16;5.6
Lillehammer - Sætherengen;SN12680;04.09.2025 07:00;15.8;4.7
Lillehammer - Sætherengen;SN12680;04.09.2025 08:00;16.1;5.4
Lillehammer - Sætherengen;SN12680;04.09.2025 09:00;16.1;4.1
Lillehammer - Sætherengen;SN12680;04.09.2025 10:00;17.8;5.1
Lillehammer - Sætherengen;SN12680;04.09.2025 11:00;17.9;6.3
Lillehammer - Sætherengen;SN12680;04.09.2025 12:00;18.1;3.6
Lillehammer - Sætherengen;SN12680;04.09.2025 13:00;18.6;5.5
Lillehammer - Sætherengen;SN12680;04.09.2025 14:00;19.3;5
Lillehammer - Sætherengen;SN12680;04.09.2025 15:00;19.1;5.5
Lillehammer - Sætherengen;SN12680;04.09.2025 16:00;19.2;4.1
Lillehammer - Sætherengen;SN12680;04.09.2025 17:00;19.4;4.7
Lillehammer - Sætherengen;SN12680;04.09.2025 18:00;18;3.4
Lillehammer - Sætherengen;SN12680;04.09.2025 19:00;17.2;2.8
Lillehammer - Sætherengen;SN12680;04.09.2025 20:00;16.5;2.7
Lillehammer - Sætherengen;SN12680;04.09.2025 21:00;16.4;3.8
Lillehammer - Sætherengen;SN12680;04.09.2025 22:00;15.8;2.6
Lillehammer - Sætherengen;SN12680;04.09.2025 23:00;15.3;2.3
Lillehammer - Sætherengen;SN12680;05.09.2025 00:00;15.1;2.5
Lillehammer - Sætherengen;SN12680;05.09.2025 01:00;14.7;2.3
Lillehammer - Sætherengen;SN12680;05.09.2025 02:00;14.2;1
Lillehammer - Sætherengen;SN12680;05.09.2025 03:00;14.3;1.6
Lillehammer - Sætherengen;SN12680;05.09.2025 04:00;14.3;2.4
Lillehammer - Sætherengen;SN12680;05.09.2025 05:00;14.2;3
Lillehammer - Sætherengen;SN12680;05.09.2025 06:00;14.2;1.7
Lillehammer - Sætherengen;SN12680;05.09.2025 07:00;14.2;1.6
Lillehammer - Sætherengen;SN12680;05.09.2025 08:00;14.2;1.7
Lillehammer - Sætherengen;SN12680;05.09.2025 09:00;14.4;0.8
Lillehammer - Sætherengen;SN12680;05.09.2025 10:00;14.6;1.7
Lillehammer - Sætherengen;SN12680;05.09.2025 11:00;13.8;1.6
Lillehammer - Sætherengen;SN12680;05.09.2025 12:00;14.1;1.5
Lillehammer - Sætherengen;SN12680;05.09.2025 13:00;14.9;1.3
Lillehammer - Sætherengen;SN12680;05.09.2025 14:00;15;1.3
Lillehammer - Sætherengen;SN12680;05.09.2025 15:00;15.6;1.3
Lillehammer - Sætherengen;SN12680;05.09.2025 16:00;15.3;0.9
Lillehammer - Sætherengen;SN12680;05.09.2025 17:00;16;1.4
Lillehammer - Sætherengen;SN12680;05.09.2025 18:00;15.6;0.9
Lillehammer - Sætherengen;SN12680;05.09.2025 19:00;14.9;0.9
Lillehammer - Sætherengen;SN12680;05.09.2025 20:00;14.5;0.7
Lillehammer - Sætherengen;SN12680;05.09.2025 21:00;14.2;0.6
Lillehammer - Sætherengen;SN12680;05.09.2025 22:00;13.8;0.7
Lillehammer - Sætherengen;SN12680;05.09.2025 23:00;13.9;0.5
Lillehammer - Sætherengen;SN12680;06.09.2025 00:00;13.5;0.7
Lillehammer - Sætherengen;SN12680;06.09.2025 01:00;13.5;0.4
Lillehammer - Sætherengen;SN12680;06.09.2025 02:00;13.4;1.1
Lillehammer - Sætherengen;SN12680;06.09.2025 03:00;12.9;1.1
Lillehammer - Sætherengen;SN12680;06.09.2025 04:00;12.6;1.2
Lillehammer - Sætherengen;SN12680;06.09.2025 05:00;12.4;1.6
Lillehammer - Sætherengen;SN12680;06.09.2025 06:00;12.3;1.8
Lillehammer - Sætherengen;SN12680;06.09.2025 07:00;12.6;1.3
Lillehammer - Sætherengen;SN12680;06.09.2025 08:00;13.3;1.1
Lillehammer - Sætherengen;SN12680;06.09.2025 09:00;14.5;1.2
Lillehammer - Sætherengen;SN12680;06.09.2025 10:00;15.8;2.2
Lillehammer - Sætherengen;SN12680;06.09.2025 11:00;16.8;1.7
Lillehammer - Sætherengen;SN12680;06.09.2025 12:00;17.3;2.5
Lillehammer - Sætherengen;SN12680;06.09.2025 13:00;18;2.6
Lillehammer - Sætherengen;SN12680;06.09.2025 14:00;18.3;0.9
Lillehammer - Sætherengen;SN12680;06.09.2025 15:00;18.6;1
Lillehammer - Sætherengen;SN12680;06.09.2025 16:00;19;1.3
Lillehammer - Sætherengen;SN12680;06.09.2025 17:00;19.7;2.1
Lillehammer - Sætherengen;SN12680;06.09.2025 18:00;18;1.5
Lillehammer - Sætherengen;SN12680;06.09.2025 19:00;16;1.1
Lillehammer - Sætherengen;SN12680;06.09.2025 20:00;15.2;0.7
Lillehammer - Sætherengen;SN12680;06.09.2025 21:00;14.4;1.3
Lillehammer - Sætherengen;SN12680;06.09.2025 22:00;14.2;1.6
Lillehammer - Sætherengen;SN12680;06.09.2025 23:00;13.3;1.3
Lillehammer - Sætherengen;SN12680;07.09.2025 00:00;12;1.1
Lillehammer - Sætherengen;SN12680;07.09.2025 01:00;11.4;2.2
Lillehammer - Sætherengen;SN12680;07.09.2025 02:00;11.1;1.6
Lillehammer - Sætherengen;SN12680;07.09.2025 03:00;10.4;2.2
Lillehammer - Sætherengen;SN12680;07.09.2025 04:00;9.7;2.2
Lillehammer - Sætherengen;SN12680;07.09.2025 05:00;9.2;2.1
Lillehammer - Sætherengen;SN12680;07.09.2025 06:00;8.8;1.7
Lillehammer - Sætherengen;SN12680;07.09.2025 07:00;8.7;1.1
Lillehammer - Sætherengen;SN12680;07.09.2025 08:00;9.9;1.4
Lillehammer - Sætherengen;SN12680;07.09.2025 09:00;12.2;1.8
Lillehammer - Sætherengen;SN12680;07.09.2025 10:00;13.1;2.1
Lillehammer - Sætherengen;SN12680;07.09.2025 11:00;15.2;1.1
Lillehammer - Sætherengen;SN12680;07.09.2025 12:00;16.4;1.8
Lillehammer - Sætherengen;SN12680;07.09.2025 13:00;17.5;1.5
Lillehammer - Sætherengen;SN12680;07.09.2025 14:00;18.4;0.8
Lillehammer - Sætherengen;SN12680;07.09.2025 15:00;20.2;2.9
Lillehammer - Sætherengen;SN12680;07.09.2025 16:00;20.8;2.6
Lillehammer - Sætherengen;SN12680;07.09.2025 17:00;20.1;2.8
Lillehammer - Sætherengen;SN12680;07.09.2025 18:00;18.4;1.5
Lillehammer - Sætherengen;SN12680;07.09.2025 19:00;16.6;1.2
Lillehammer - Sætherengen;SN12680;07.09.2025 20:00;14;0.8
Lillehammer - Sætherengen;SN12680;07.09.2025 21:00;13.8;0.9
Lillehammer - Sætherengen;SN12680;07.09.2025 22:00;12.8;0.7
Lillehammer - Sætherengen;SN12680;07.09.2025 23:00;11.6;0.9
Lillehammer - Sætherengen;SN12680;08.09.2025 00:00;11.2;0.7
Lillehammer - Sætherengen;SN12680;08.09.2025 01:00;10.5;0.6
Lillehammer - Sætherengen;SN12680;08.09.2025 02:00;9.6;0.6
Lillehammer - Sætherengen;SN12680;08.09.2025 03:00;9.1;0.4
Lillehammer - Sætherengen;SN12680;08.09.2025 04:00;9;0
Lillehammer - Sætherengen;SN12680;08.09.2025 05:00;9.5;0.6
Lillehammer - Sætherengen;SN12680;08.09.2025 06:00;9.9;0.5
Lillehammer - Sætherengen;SN12680;08.09.2025 07:00;10.3;0.6
Lillehammer - Sætherengen;SN12680;08.09.2025 08:00;11;0.9
Lillehammer - Sætherengen;SN12680;08.09.2025 09:00;11.8;0.6
Lillehammer - Sætherengen;SN12680;08.09.2025 10:00;12.7;1.2
Lillehammer - Sætherengen;SN12680;08.09.2025 11:00;13.8;2.6
Lillehammer - Sætherengen;SN12680;08.09.2025 12:00;15.2;3.5
Lillehammer - Sætherengen;SN12680;08.09.2025 13:00;15.6;3.4
Lillehammer - Sætherengen;SN12680;08.09.2025 14:00;15.7;1.9
Lillehammer - Sætherengen;SN12680;08.09.2025 15:00;17.9;1.7
Lillehammer - Sætherengen;SN12680;08.09.2025 16:00;17.8;2.1
Lillehammer - Sætherengen;SN12680;08.09.2025 17:00;16.8;1.4
Lillehammer - Sætherengen;SN12680;08.09.2025 18:00;16.4;0.5
Lillehammer - Sætherengen;SN12680;08.09.2025 19:00;15.7;0.5
Lillehammer - Sætherengen;SN12680;08.09.2025 20:00;14.9;0.6
Lillehammer - Sætherengen;SN12680;08.09.2025 21:00;14.3;0.4
Lillehammer - Sætherengen;SN12680;08.09.2025 22:00;13.2;0.8
Lillehammer - Sætherengen;SN12680;08.09.2025 23:00;13.8;0.6
Lillehammer - Sætherengen;SN12680;09.09.2025 00:00;13.2;1.1
Lillehammer - Sætherengen;SN12680;09.09.2025 01:00;12.7;1.1
Lillehammer - Sætherengen;SN12680;09.09.2025 02:00;13;1.1
Lillehammer - Sætherengen;SN12680;09.09.2025 03:00;13;0
Lillehammer - Sætherengen;SN12680;09.09.2025 04:00;13.2;0.5
Lillehammer - Sætherengen;SN12680;09.09.2025 05:00;13.1;0.7
Lillehammer - Sætherengen;SN12680;09.09.2025 06:00;13;0.5
Lillehammer - Sætherengen;SN12680;09.09.2025 07:00;13.4;0.4
Lillehammer - Sætherengen;SN12680;09.09.2025 08:00;14.4;1.1
Lillehammer - Sætherengen;SN12680;09.09.2025 09:00;14.5;0.8
Lillehammer - Sætherengen;SN12680;09.09.2025 10:00;15.4;1.2
Lillehammer - Sætherengen;SN12680;09.09.2025 11:00;15.5;0.7
Lillehammer - Sætherengen;SN12680;09.09.2025 12:00;16.2;0.5
Lillehammer - Sætherengen;SN12680;09.09.2025 13:00;15.2;1.5
Lillehammer - Sætherengen;SN12680;09.09.2025 14:00;16.6;1
Lillehammer - Sætherengen;SN12680;09.09.2025 15:00;16.4;0.5
Lillehammer - Sætherengen;SN12680;09.09.2025 16:00;17.7;0.4
Lillehammer - Sætherengen;SN12680;09.09.2025 17:00;17;0.7
Lillehammer - Sætherengen;SN12680;09.09.2025 18:00;17.4;0.5
Lillehammer - Sætherengen;SN12680;09.09.2025 19:00;16.2;0.6
Lillehammer - Sætherengen;SN12680;09.09.2025 20:00;15.1;0.5
Lillehammer - Sætherengen;SN12680;09.09.2025 21:00;15.1;0.5
Lillehammer - Sætherengen;SN12680;09.09.2025 22:00;14.8;0.6
Lillehammer - Sætherengen;SN12680;09.09.2025 23:00;14.4;0.9
Lillehammer - Sætherengen;SN12680;10.09.2025 00:00;14.3;0.9
Lillehammer - Sætherengen;SN12680;10.09.2025 01:00;14.2;1
Lillehammer - Sætherengen;SN12680;10.09.2025 02:00;14;0.5
Lillehammer - Sætherengen;SN12680;10.09.2025 03:00;13.6;0.8
Lillehammer - Sætherengen;SN12680;10.09.2025 04:00;14;0.5
Lillehammer - Sætherengen;SN12680;10.09.2025 05:00;14;0.6
Lillehammer - Sætherengen;SN12680;10.09.2025 06:00;14.1;0.9
Lillehammer - Sætherengen;SN12680;10.09.2025 07:00;14.3;1.1
Lillehammer - Sætherengen;SN12680;10.09.2025 08:00;15.4;2.1
Lillehammer - Sætherengen;SN12680;10.09.2025 09:00;16.9;2.5
Lillehammer - Sætherengen;SN12680;10.09.2025 10:00;18;2.7
Lillehammer - Sætherengen;SN12680;10.09.2025 11:00;18.7;2.2
Lillehammer - Sætherengen;SN12680;10.09.2025 12:00;18.6;3.3
Lillehammer - Sætherengen;SN12680;10.09.2025 13:00;19.2;2.4
Lillehammer - Sætherengen;SN12680;10.09.2025 14:00;19;2.2
Lillehammer - Sætherengen;SN12680;10.09.2025 15:00;18.3;2.3
Lillehammer - Sætherengen;SN12680;10.09.2025 16:00;18.2;2.1
Lillehammer - Sætherengen;SN12680;10.09.2025 17:00;17.8;1.7
Lillehammer - Sætherengen;SN12680;10.09.2025 18:00;16.8;1.2
Lillehammer - Sætherengen;SN12680;10.09.2025 19:00;15.9;1.5
Lillehammer - Sætherengen;SN12680;10.09.2025 20:00;16.1;1.5
Lillehammer - Sætherengen;SN12680;10.09.2025 21:00;16.1;1.4
Lillehammer - Sætherengen;SN12680;10.09.2025 22:00;16;1.7
Lillehammer - Sætherengen;SN12680;10.09.2025 23:00;15.6;2.6
Lillehammer - Sætherengen;SN12680;11.09.2025 00:00;15.4;3
Lillehammer - Sætherengen;SN12680;11.09.2025 01:00;15.3;2.4
Lillehammer - Sætherengen;SN12680;11.09.2025 02:00;15.3;2.5
Lillehammer - Sætherengen;SN12680;11.09.2025 03:00;15.3;2.1
Lillehammer - Sætherengen;SN12680;11.09.2025 04:00;15;1.3
Lillehammer - Sætherengen;SN12680;11.09.2025 05:00;15.1;2.7
Lillehammer - Sætherengen;SN12680;11.09.2025 06:00;15.1;3.2
Lillehammer - Sætherengen;SN12680;11.09.2025 07:00;15.3;2.6
Lillehammer - Sætherengen;SN12680;11.09.2025 08:00;15.6;2.4
Lillehammer - Sætherengen;SN12680;11.09.2025 09:00;16.1;2.5
Lillehammer - Sætherengen;SN12680;11.09.2025 10:00;16.5;3.3
Lillehammer - Sætherengen;SN12680;11.09.2025 11:00;15.3;1.9
Lillehammer - Sætherengen;SN12680;11.09.2025 12:00;15.9;2.8
Lillehammer - Sætherengen;SN12680;11.09.2025 13:00;14.4;2.1
Lillehammer - Sætherengen;SN12680;11.09.2025 14:00;14.5;1.5
Lillehammer - Sætherengen;SN12680;11.09.2025 15:00;14.2;1
Lillehammer - Sætherengen;SN12680;11.09.2025 16:00;14.4;0
Lillehammer - Sætherengen;SN12680;11.09.2025 17:00;14.3;0.8
Lillehammer - Sætherengen;SN12680;11.09.2025 18:00;13.9;0.6
Lillehammer - Sætherengen;SN12680;11.09.2025 19:00;13.9;0
Lillehammer - Sætherengen;SN12680;11.09.2025 20:00;13.9;0.5
Lillehammer - Sætherengen;SN12680;11.09.2025 21:00;13.8;0.8
Lillehammer - Sætherengen;SN12680;11.09.2025 22:00;13.8;0.9
Lillehammer - Sætherengen;SN12680;11.09.2025 23:00;14.3;1.7
Lillehammer - Sætherengen;SN12680;12.09.2025 00:00;13.8;3.3
Lillehammer - Sætherengen;SN12680;12.09.2025 01:00;13.9;2.6
Lillehammer - Sætherengen;SN12680;12.09.2025 02:00;13.1;1.5
Lillehammer - Sætherengen;SN12680;12.09.2025 03:00;12.5;2.1
Lillehammer - Sætherengen;SN12680;12.09.2025 04:00;13.1;2.5
Lillehammer - Sætherengen;SN12680;12.09.2025 05:00;13.2;4.1
Lillehammer - Sætherengen;SN12680;12.09.2025 06:00;12.8;4
Lillehammer - Sætherengen;SN12680;12.09.2025 07:00;12.7;3.5
Lillehammer - Sætherengen;SN12680;12.09.2025 08:00;12.8;4.3
Lillehammer - Sætherengen;SN12680;12.09.2025 09:00;13.8;3
Lillehammer - Sætherengen;SN12680;12.09.2025 10:00;14.6;3
Lillehammer - Sætherengen;SN12680;12.09.2025 11:00;13.5;2.5
Lillehammer - Sætherengen;SN12680;12.09.2025 12:00;13.1;2.1
Lillehammer - Sætherengen;SN12680;12.09.2025 13:00;13.9;2
Lillehammer - Sætherengen;SN12680;12.09.2025 14:00;14;3
Lillehammer - Sætherengen;SN12680;12.09.2025 15:00;14.2;2.8
Lillehammer - Sætherengen;SN12680;12.09.2025 16:00;11.3;2.7
Lillehammer - Sætherengen;SN12680;12.09.2025 17:00;11;2
Lillehammer - Sætherengen;SN12680;12.09.2025 18:00;11.3;3.2
Lillehammer - Sætherengen;SN12680;12.09.2025 19:00;11.2;1
Lillehammer - Sætherengen;SN12680;12.09.2025 20:00;11;1.1
Lillehammer - Sætherengen;SN12680;12.09.2025 21:00;11.5;3.2
Lillehammer - Sætherengen;SN12680;12.09.2025 22:00;11.3;2.8
Lillehammer - Sætherengen;SN12680;12.09.2025 23:00;11.2;2.9
Lillehammer - Sætherengen;SN12680;13.09.2025 00:00;10.7;2.4
Lillehammer - Sætherengen;SN12680;13.09.2025 01:00;10.5;2.7
Lillehammer - Sætherengen;SN12680;13.09.2025 02:00;10.4;1.8
Lillehammer - Sætherengen;SN12680;13.09.2025 03:00;10.3;2.4
Lillehammer - Sætherengen;SN12680;13.09.2025 04:00;10.2;2.7
Lillehammer - Sætherengen;SN12680;13.09.2025 05:00;10.2;2.4
Lillehammer - Sætherengen;SN12680;13.09.2025 06:00;10.3;3
Lillehammer - Sætherengen;SN12680;13.09.2025 07:00;10.3;2.8
Lillehammer - Sætherengen;SN12680;13.09.2025 08:00;10.9;2.3
Lillehammer - Sætherengen;SN12680;13.09.2025 09:00;11.3;3.2
Lillehammer - Sætherengen;SN12680;13.09.2025 10:00;11.4;3.2
Lillehammer - Sætherengen;SN12680;13.09.2025 11:00;10.9;3.1
Lillehammer - Sætherengen;SN12680;13.09.2025 12:00;10.6;1.4
Lillehammer - Sætherengen;SN12680;13.09.2025 13:00;11.7;1.1
Lillehammer - Sætherengen;SN12680;13.09.2025 14:00;12.7;2.5
Lillehammer - Sætherengen;SN12680;13.09.2025 15:00;13.5;2.9
Lillehammer - Sætherengen;SN12680;13.09.2025 16:00;13.6;1.3
Lillehammer - Sætherengen;SN12680;13.09.2025 17:00;12.4;2.3
Lillehammer - Sætherengen;SN12680;13.09.2025 18:00;12.3;1.3
Lillehammer - Sætherengen;SN12680;13.09.2025 19:00;11.6;1.9
Lillehammer - Sætherengen;SN12680;13.09.2025 20:00;11.4;1.8
Lillehammer - Sætherengen;SN12680;13.09.2025 21:00;11.1;2.5
Lillehammer - Sætherengen;SN12680;13.09.2025 22:00;10.5;3.1
Lillehammer - Sætherengen;SN12680;13.09.2025 23:00;10.5;2.2
Lillehammer - Sætherengen;SN12680;14.09.2025 00:00;10.4;1.1
Lillehammer - Sætherengen;SN12680;14.09.2025 01:00;10.4;0.8
Lillehammer - Sætherengen;SN12680;14.09.2025 02:00;10;1.4
Lillehammer - Sætherengen;SN12680;14.09.2025 03:00;9.8;0.7
Lillehammer - Sætherengen;SN12680;14.09.2025 04:00;9.8;0.8
Lillehammer - Sætherengen;SN12680;14.09.2025 05:00;10.1;1
Lillehammer - Sætherengen;SN12680;14.09.2025 06:00;10.6;0.7
Lillehammer - Sætherengen;SN12680;14.09.2025 07:00;10.9;1.3
Lillehammer - Sætherengen;SN12680;14.09.2025 08:00;10.7;0.4
Lillehammer - Sætherengen;SN12680;14.09.2025 09:00;11;2.1
Lillehammer - Sætherengen;SN12680;14.09.2025 10:00;11.1;1
Lillehammer - Sætherengen;SN12680;14.09.2025 11:00;11.9;1.4
Lillehammer - Sætherengen;SN12680;14.09.2025 12:00;11.9;1.4
Lillehammer - Sætherengen;SN12680;14.09.2025 13:00;11.7;1.2
Lillehammer - Sætherengen;SN12680;14.09.2025 14:00;12.7;1.4
Lillehammer - Sætherengen;SN12680;14.09.2025 15:00;13.4;1.8
Lillehammer - Sætherengen;SN12680;14.09.2025 16:00;13.7;1.4
Lillehammer - Sætherengen;SN12680;14.09.2025 17:00;12.5;1.3
Lillehammer - Sætherengen;SN12680;14.09.2025 18:00;12.2;1
Lillehammer - Sætherengen;SN12680;14.09.2025 19:00;11.6;1.4
Lillehammer - Sætherengen;SN12680;14.09.2025 20:00;11.8;1.5
Lillehammer - Sætherengen;SN12680;14.09.2025 21:00;10.9;1.8
Lillehammer - Sætherengen;SN12680;14.09.2025 22:00;10.2;1
Lillehammer - Sætherengen;SN12680;14.09.2025 23:00;10.4;0.7
Lillehammer - Sætherengen;SN12680;15.09.2025 00:00;10.2;0.9
Lillehammer - Sætherengen;SN12680;15.09.2025 01:00;9.9;0.7
Lillehammer - Sætherengen;SN12680;15.09.2025 02:00;9.8;0.7
Lillehammer - Sætherengen;SN12680;15.09.2025 03:00;10.3;1.7
Lillehammer - Sætherengen;SN12680;15.09.2025 04:00;10.4;1.9
Lillehammer - Sætherengen;SN12680;15.09.2025 05:00;10.3;2.5
Lillehammer - Sætherengen;SN12680;15.09.2025 06:00;10.3;1.6
Lillehammer - Sætherengen;SN12680;15.09.2025 07:00;10.5;1.3
Lillehammer - Sætherengen;SN12680;15.09.2025 08:00;11.1;1.8
Lillehammer - Sætherengen;SN12680;15.09.2025 09:00;11.8;1.9
Lillehammer - Sætherengen;SN12680;15.09.2025 10:00;13.5;2.1
Lillehammer - Sætherengen;SN12680;15.09.2025 11:00;12.7;1.5
Lillehammer - Sætherengen;SN12680;15.09.2025 12:00;13.2;1.3
Lillehammer - Sætherengen;SN12680;15.09.2025 13:00;12.7;1.3
Lillehammer - Sætherengen;SN12680;15.09.2025 14:00;13.4;1.8
Lillehammer - Sætherengen;SN12680;15.09.2025 15:00;13;2.4
Lillehammer - Sætherengen;SN12680;15.09.2025 16:00;13.2;2.4
Lillehammer - Sætherengen;SN12680;15.09.2025 17:00;12.3;0.9
Lillehammer - Sætherengen;SN12680;15.09.2025 18:00;11.4;0.6
Lillehammer - Sætherengen;SN12680;15.09.2025 19:00;10.2;0.6
Lillehammer - Sætherengen;SN12680;15.09.2025 20:00;9.9;0.5
Lillehammer - Sætherengen;SN12680;15.09.2025 21:00;10;0.5
Lillehammer - Sætherengen;SN12680;15.09.2025 22:00;10;0
Lillehammer - Sætherengen;SN12680;15.09.2025 23:00;9.9;1.1
Lillehammer - Sætherengen;SN12680;16.09.2025 00:00;9.7;1.2
Lillehammer - Sætherengen;SN12680;16.09.2025 01:00;9.7;0.9
Lillehammer - Sætherengen;SN12680;16.09.2025 02:00;9.7;0.7
Lillehammer - Sætherengen;SN12680;16.09.2025 03:00;9.7;0.7
Lillehammer - Sætherengen;SN12680;16.09.2025 04:00;9.6;1.5
Lillehammer - Sætherengen;SN12680;16.09.2025 05:00;9.7;1.4
Lillehammer - Sætherengen;SN12680;16.09.2025 06:00;9.7;0.7
Lillehammer - Sætherengen;SN12680;16.09.2025 07:00;10;0.7
Lillehammer - Sætherengen;SN12680;16.09.2025 08:00;10.8;0.7
Lillehammer - Sætherengen;SN12680;16.09.2025 09:00;10.7;1.2
Lillehammer - Sætherengen;SN12680;16.09.2025 10:00;11.6;1.9
Lillehammer - Sætherengen;SN12680;16.09.2025 11:00;13;1
Lillehammer - Sætherengen;SN12680;16.09.2025 12:00;14.2;1.7
Lillehammer - Sætherengen;SN12680;16.09.2025 13:00;14.4;1.9
Lillehammer - Sætherengen;SN12680;16.09.2025 14:00;16;0.8
Lillehammer - Sætherengen;SN12680;16.09.2025 15:00;14.3;0.5
Lillehammer - Sætherengen;SN12680;16.09.2025 16:00;13.7;0.6
Lillehammer - Sætherengen;SN12680;16.09.2025 17:00;13;0.6
Lillehammer - Sætherengen;SN12680;16.09.2025 18:00;12;0.8
Lillehammer - Sætherengen;SN12680;16.09.2025 19:00;11.8;1.2
Lillehammer - Sætherengen;SN12680;16.09.2025 20:00;11.2;1.1
Lillehammer - Sætherengen;SN12680;16.09.2025 21:00;10.9;1.6
Lillehammer - Sætherengen;SN12680;16.09.2025 22:00;10.5;1.7
Lillehammer - Sætherengen;SN12680;16.09.2025 23:00;10.6;2
Lillehammer - Sætherengen;SN12680;17.09.2025 00:00;10.5;2.1
Lillehammer - Sætherengen;SN12680;17.09.2025 01:00;10.5;1.8
Lillehammer - Sætherengen;SN12680;17.09.2025 02:00;9.8;1
Lillehammer - Sætherengen;SN12680;17.09.2025 03:00;9.6;1.3
Lillehammer - Sætherengen;SN12680;17.09.2025 04:00;9.7;1.5
Lillehammer - Sætherengen;SN12680;17.09.2025 05:00;9.2;1.7
Lillehammer - Sætherengen;SN12680;17.09.2025 06:00;8.8;1.4
Lillehammer - Sætherengen;SN12680;17.09.2025 07:00;8.4;1
Lillehammer - Sætherengen;SN12680;17.09.2025 08:00;9;0.5
Lillehammer - Sætherengen;SN12680;17.09.2025 09:00;11.9;1.2
Lillehammer - Sætherengen;SN12680;17.09.2025 10:00;12.7;0.7
Lillehammer - Sætherengen;SN12680;17.09.2025 11:00;14.7;1.8
Lillehammer - Sætherengen;SN12680;17.09.2025 12:00;15.9;2
Lillehammer - Sætherengen;SN12680;17.09.2025 13:00;16.3;2.2
Lillehammer - Sætherengen;SN12680;17.09.2025 14:00;17.2;1.4
Lillehammer - Sætherengen;SN12680;17.09.2025 15:00;16.6;2.3
Lillehammer - Sætherengen;SN12680;17.09.2025 16:00;17.1;1.8
Lillehammer - Sætherengen;SN12680;17.09.2025 17:00;17;1.3
Lillehammer - Sætherengen;SN12680;17.09.2025 18:00;14.7;0
Lillehammer - Sætherengen;SN12680;17.09.2025 19:00;13.2;1.8
Lillehammer - Sætherengen;SN12680;17.09.2025 20:00;11.4;0.6
Lillehammer - Sætherengen;SN12680;17.09.2025 21:00;9.5;0.7
Lillehammer - Sætherengen;SN12680;17.09.2025 22:00;9.5;0.8
Lillehammer - Sætherengen;SN12680;17.09.2025 23:00;9.2;0.8
Lillehammer - Sætherengen;SN12680;18.09.2025 00:00;9.4;0.6
Lillehammer - Sætherengen;SN12680;18.09.2025 01:00;8.9;0
Lillehammer - Sætherengen;SN12680;18.09.2025 02:00;8.8;1.1
Lillehammer - Sætherengen;SN12680;18.09.2025 03:00;8.6;0.7
Lillehammer - Sætherengen;SN12680;18.09.2025 04:00;8.5;0.7
Lillehammer - Sætherengen;SN12680;18.09.2025 05:00;8.3;0.4
Lillehammer - Sætherengen;SN12680;18.09.2025 06:00;8.6;0.9
Lillehammer - Sætherengen;SN12680;18.09.2025 07:00;8.8;1
Lillehammer - Sætherengen;SN12680;18.09.2025 08:00;9.3;0.4
Lillehammer - Sætherengen;SN12680;18.09.2025 09:00;9.7;1.5
Lillehammer - Sætherengen;SN12680;18.09.2025 10:00;10.1;1.4
Lillehammer - Sætherengen;SN12680;18.09.2025 11:00;11.1;0.8
Lillehammer - Sætherengen;SN12680;18.09.2025 12:00;13;2.6
Lillehammer - Sætherengen;SN12680;18.09.2025 13:00;13.5;1.2
Lillehammer - Sætherengen;SN12680;18.09.2025 14:00;13.8;1.5
Lillehammer - Sætherengen;SN12680;18.09.2025 15:00;14.3;2
Lillehammer - Sætherengen;SN12680;18.09.2025 16:00;14.5;3.7
Lillehammer - Sætherengen;SN12680;18.09.2025 17:00;13.3;1.6
Lillehammer - Sætherengen;SN12680;18.09.2025 18:00;12.8;1.5
Lillehammer - Sætherengen;SN12680;18.09.2025 19:00;11.6;1
Lillehammer - Sætherengen;SN12680;18.09.2025 20:00;11.3;0.4
Lillehammer - Sætherengen;SN12680;18.09.2025 21:00;11;0.5
Lillehammer - Sætherengen;SN12680;18.09.2025 22:00;10.5;0
Lillehammer - Sætherengen;SN12680;18.09.2025 23:00;9.3;0.8
Lillehammer - Sætherengen;SN12680;19.09.2025 00:00;9.4;0
Lillehammer - Sætherengen;SN12680;19.09.2025 01:00;9.6;1
Lillehammer - Sætherengen;SN12680;19.09.2025 02:00;9.6;1.5
Lillehammer - Sætherengen;SN12680;19.09.2025 03:00;9.2;0.7
Lillehammer - Sætherengen;SN12680;19.09.2025 04:00;9.1;0
Lillehammer - Sætherengen;SN12680;19.09.2025 05:00;9;0.8
Lillehammer - Sætherengen;SN12680;19.09.2025 06:00;9.2;0.8
Lillehammer - Sætherengen;SN12680;19.09.2025 07:00;9.4;1.2
Lillehammer - Sætherengen;SN12680;19.09.2025 08:00;9.7;0.8
Lillehammer - Sætherengen;SN12680;19.09.2025 09:00;10.2;1.7
Lillehammer - Sætherengen;SN12680;19.09.2025 10:00;11.9;0.8
Lillehammer - Sætherengen;SN12680;19.09.2025 11:00;12;1.6
Lillehammer - Sætherengen;SN12680;19.09.2025 12:00;12.4;1.6
Lillehammer - Sætherengen;SN12680;19.09.2025 13:00;12.6;1.2
Lillehammer - Sætherengen;SN12680;19.09.2025 14:00;13.2;0.9
Lillehammer - Sætherengen;SN12680;19.09.2025 15:00;13.7;1.1
Lillehammer - Sætherengen;SN12680;19.09.2025 16:00;14.3;1.5
Lillehammer - Sætherengen;SN12680;19.09.2025 17:00;14.9;3
Lillehammer - Sætherengen;SN12680;19.09.2025 18:00;14.6;2.5
Lillehammer - Sætherengen;SN12680;19.09.2025 19:00;13.9;1.7
Lillehammer - Sætherengen;SN12680;19.09.2025 20:00;14.3;3.2
Lillehammer - Sætherengen;SN12680;19.09.2025 21:00;14.2;1.8
Lillehammer - Sætherengen;SN12680;19.09.2025 22:00;14.4;2.3
Lillehammer - Sætherengen;SN12680;19.09.2025 23:00;14.5;2
Lillehammer - Sætherengen;SN12680;20.09.2025 00:00;15.1;2.2
Lillehammer - Sætherengen;SN12680;20.09.2025 01:00;14.7;2.5
Lillehammer - Sætherengen;SN12680;20.09.2025 02:00;13.3;1.3
Lillehammer - Sætherengen;SN12680;20.09.2025 03:00;12.1;1
Lillehammer - Sætherengen;SN12680;20.09.2025 04:00;11.8;1.7
Lillehammer - Sætherengen;SN12680;20.09.2025 05:00;9.9;1
Lillehammer - Sætherengen;SN12680;20.09.2025 06:00;9.7;1.5
Lillehammer - Sætherengen;SN12680;20.09.2025 07:00;9.6;1.1
Lillehammer - Sætherengen;SN12680;20.09.2025 08:00;9.5;0.7
Lillehammer - Sætherengen;SN12680;20.09.2025 09:00;10.4;1.8
Lillehammer - Sætherengen;SN12680;20.09.2025 10:00;11.5;0.6
Lillehammer - Sætherengen;SN12680;20.09.2025 11:00;12.5;0.6
Lillehammer - Sætherengen;SN12680;20.09.2025 12:00;12.4;0.9
Lillehammer - Sætherengen;SN12680;20.09.2025 13:00;13.4;0.4
Lillehammer - Sætherengen;SN12680;20.09.2025 14:00;13.1;0.8
Lillehammer - Sætherengen;SN12680;20.09.2025 15:00;13;0.7
Lillehammer - Sætherengen;SN12680;20.09.2025 16:00;13.2;0.8
Lillehammer - Sætherengen;SN12680;20.09.2025 17:00;13.6;2.5
Lillehammer - Sætherengen;SN12680;20.09.2025 18:00;12.8;1.1
Lillehammer - Sætherengen;SN12680;20.09.2025 19:00;12.1;1.7
Lillehammer - Sætherengen;SN12680;20.09.2025 20:00;12.1;2.2
Lillehammer - Sætherengen;SN12680;20.09.2025 21:00;11.8;1.5
Lillehammer - Sætherengen;SN12680;20.09.2025 22:00;11.9;2.4
Lillehammer - Sætherengen;SN12680;20.09.2025 23:00;10.8;0.8
Lillehammer - Sætherengen;SN12680;21.09.2025 00:00;10.4;0.7
Lillehammer - Sætherengen;SN12680;21.09.2025 01:00;10.3;0.8
Lillehammer - Sætherengen;SN12680;21.09.2025 02:00;11.1;1.8
Lillehammer - Sætherengen;SN12680;21.09.2025 03:00;10.9;1.2
Lillehammer - Sætherengen;SN12680;21.09.2025 04:00;11;2.5
Lillehammer - Sætherengen;SN12680;21.09.2025 05:00;10.6;1.1
Lillehammer - Sætherengen;SN12680;21.09.2025 06:00;10.2;0.7
Lillehammer - Sætherengen;SN12680;21.09.2025 07:00;10.2;0.7
Lillehammer - Sætherengen;SN12680;21.09.2025 08:00;10.2;1.1
Lillehammer - Sætherengen;SN12680;21.09.2025 09:00;10.3;2.1
Lillehammer - Sætherengen;SN12680;21.09.2025 10:00;10.4;2.6
Lillehammer - Sætherengen;SN12680;21.09.2025 11:00;11.3;1.8
Lillehammer - Sætherengen;SN12680;21.09.2025 12:00;11.7;1.5
Lillehammer - Sætherengen;SN12680;21.09.2025 13:00;12.7;1.4
Lillehammer - Sætherengen;SN12680;21.09.2025 14:00;13.6;1.4
Lillehammer - Sætherengen;SN12680;21.09.2025 15:00;13.1;5.4
Lillehammer - Sætherengen;SN12680;21.09.2025 16:00;12.7;5.2
Lillehammer - Sætherengen;SN12680;21.09.2025 17:00;12;3.3
Lillehammer - Sætherengen;SN12680;21.09.2025 18:00;11.3;3.5
Lillehammer - Sætherengen;SN12680;21.09.2025 19:00;9.9;2.5
Lillehammer - Sætherengen;SN12680;21.09.2025 20:00;9;3.2
Lillehammer - Sætherengen;SN12680;21.09.2025 21:00;6.5;0.7
Lillehammer - Sætherengen;SN12680;21.09.2025 22:00;6.3;1.2
Lillehammer - Sætherengen;SN12680;21.09.2025 23:00;6;1.6
Lillehammer - Sætherengen;SN12680;22.09.2025 00:00;6.2;1.9
Lillehammer - Sætherengen;SN12680;22.09.2025 01:00;5.5;1.2
Lillehammer - Sætherengen;SN12680;22.09.2025 02:00;5.1;1.5
Lillehammer - Sætherengen;SN12680;22.09.2025 03:00;5.1;1.4
Lillehammer - Sætherengen;SN12680;22.09.2025 04:00;4.3;0.8
Lillehammer - Sætherengen;SN12680;22.09.2025 05:00;4.1;0.9
Lillehammer - Sætherengen;SN12680;22.09.2025 06:00;3.4;1.2
Lillehammer - Sætherengen;SN12680;22.09.2025 07:00;3.8;1.2
Lillehammer - Sætherengen;SN12680;22.09.2025 08:00;5.6;1.4
Lillehammer - Sætherengen;SN12680;22.09.2025 09:00;6;1
Lillehammer - Sætherengen;SN12680;22.09.2025 10:00;7.8;1.4
Lillehammer - Sætherengen;SN12680;22.09.2025 11:00;9.6;1.6
Lillehammer - Sætherengen;SN12680;22.09.2025 12:00;9.9;2.6
Lillehammer - Sætherengen;SN12680;22.09.2025 13:00;10.8;1.9
Lillehammer - Sætherengen;SN12680;22.09.2025 14:00;11.7;2.9
Lillehammer - Sætherengen;SN12680;22.09.2025 15:00;11;3.5
Lillehammer - Sætherengen;SN12680;22.09.2025 16:00;11.7;3.6
Lillehammer - Sætherengen;SN12680;22.09.2025 17:00;10.4;2.9
Lillehammer - Sætherengen;SN12680;22.09.2025 18:00;8.5;2.6
Lillehammer - Sætherengen;SN12680;22.09.2025 19:00;6.4;1.6
Lillehammer - Sætherengen;SN12680;22.09.2025 20:00;5.9;1.1
Lillehammer - Sætherengen;SN12680;22.09.2025 21:00;5.7;1.9
Lillehammer - Sætherengen;SN12680;22.09.2025 22:00;4.6;2.1
Lillehammer - Sætherengen;SN12680;22.09.2025 23:00;3.6;1.3
Lillehammer - Sætherengen;SN12680;23.09.2025 00:00;3.6;0.6
Lillehammer - Sætherengen;SN12680;23.09.2025 01:00;3.8;1.6
Lillehammer - Sætherengen;SN12680;23.09.2025 02:00;3;1.1
Lillehammer - Sætherengen;SN12680;23.09.2025 03:00;2.5;0.9
Lillehammer - Sætherengen;SN12680;23.09.2025 04:00;2.2;1.7
Lillehammer - Sætherengen;SN12680;23.09.2025 05:00;2.2;1.6
Lillehammer - Sætherengen;SN12680;23.09.2025 06:00;1.9;1.5
Lillehammer - Sætherengen;SN12680;23.09.2025 07:00;2.2;0.9
Lillehammer - Sætherengen;SN12680;23.09.2025 08:00;4;1.4
Lillehammer - Sætherengen;SN12680;23.09.2025 09:00;6.3;1.3
Lillehammer - Sætherengen;SN12680;23.09.2025 10:00;8.2;1.3
Lillehammer - Sætherengen;SN12680;23.09.2025 11:00;9.8;1.6
Lillehammer - Sætherengen;SN12680;23.09.2025 12:00;10.9;2.2
Lillehammer - Sætherengen;SN12680;23.09.2025 13:00;11.8;2.1
Lillehammer - Sætherengen;SN12680;23.09.2025 14:00;12;1.7
Lillehammer - Sætherengen;SN12680;23.09.2025 15:00;12.3;1.2
Lillehammer - Sætherengen;SN12680;23.09.2025 16:00;13;1
Lillehammer - Sætherengen;SN12680;23.09.2025 17:00;11.8;0.7
Lillehammer - Sætherengen;SN12680;23.09.2025 18:00;8.8;1.1
Lillehammer - Sætherengen;SN12680;23.09.2025 19:00;7.2;0.8
Lillehammer - Sætherengen;SN12680;23.09.2025 20:00;6.1;1.1
Lillehammer - Sætherengen;SN12680;23.09.2025 21:00;6.2;1.2
Lillehammer - Sætherengen;SN12680;23.09.2025 22:00;4.8;0.6
Lillehammer - Sætherengen;SN12680;23.09.2025 23:00;4.4;1.4
Lillehammer - Sætherengen;SN12680;24.09.2025 00:00;4.7;1.5
Lillehammer - Sætherengen;SN12680;24.09.2025 01:00;4.9;1.4
Lillehammer - Sætherengen;SN12680;24.09.2025 02:00;4.9;1.2
Lillehammer - Sætherengen;SN12680;24.09.2025 03:00;4.5;1.5
Lillehammer - Sætherengen;SN12680;24.09.2025 04:00;4.5;1.4
Lillehammer - Sætherengen;SN12680;24.09.2025 05:00;4.1;1.8
Lillehammer - Sætherengen;SN12680;24.09.2025 06:00;3.4;1.7
Lillehammer - Sætherengen;SN12680;24.09.2025 07:00;3.2;1.2
Lillehammer - Sætherengen;SN12680;24.09.2025 08:00;4;1.9
Lillehammer - Sætherengen;SN12680;24.09.2025 09:00;6.5;2
Lillehammer - Sætherengen;SN12680;24.09.2025 10:00;8.5;1.9
Lillehammer - Sætherengen;SN12680;24.09.2025 11:00;9.8;1.4
Lillehammer - Sætherengen;SN12680;24.09.2025 12:00;10;1.7
Lillehammer - Sætherengen;SN12680;24.09.2025 13:00;11.1;1.1
Lillehammer - Sætherengen;SN12680;24.09.2025 14:00;12.4;1.8
Lillehammer - Sætherengen;SN12680;24.09.2025 15:00;12.4;2.5
Lillehammer - Sætherengen;SN12680;24.09.2025 16:00;13.2;1.8
Lillehammer - Sætherengen;SN12680;24.09.2025 17:00;12.3;1.5
Lillehammer - Sætherengen;SN12680;24.09.2025 18:00;9.8;0.7
Lillehammer - Sætherengen;SN12680;24.09.2025 19:00;9.5;1.6
Lillehammer - Sætherengen;SN12680;24.09.2025 20:00;6.3;0.9
Lillehammer - Sætherengen;SN12680;24.09.2025 21:00;5.2;0.7
Lillehammer - Sætherengen;SN12680;24.09.2025 22:00;3.9;0.4
Lillehammer - Sætherengen;SN12680;24.09.2025 23:00;4.5;0.7
Lillehammer - Sætherengen;SN12680;25.09.2025 00:00;3.5;0
Lillehammer - Sætherengen;SN12680;25.09.2025 01:00;2.6;0.3
Lillehammer - Sætherengen;SN12680;25.09.2025 02:00;3.4;1.1
Lillehammer - Sætherengen;SN12680;25.09.2025 03:00;2.7;1.2
Lillehammer - Sætherengen;SN12680;25.09.2025 04:00;2.6;1.1
Lillehammer - Sætherengen;SN12680;25.09.2025 05:00;1.8;1.1
Lillehammer - Sætherengen;SN12680;25.09.2025 06:00;1.9;1
Lillehammer - Sætherengen;SN12680;25.09.2025 07:00;1.8;1.3
Lillehammer - Sætherengen;SN12680;25.09.2025 08:00;2.5;1.3
Lillehammer - Sætherengen;SN12680;25.09.2025 09:00;4.9;1
Lillehammer - Sætherengen;SN12680;25.09.2025 10:00;5.8;1
Lillehammer - Sætherengen;SN12680;25.09.2025 11:00;7.5;1.1
Lillehammer - Sætherengen;SN12680;25.09.2025 12:00;9.1;1.6
Lillehammer - Sætherengen;SN12680;25.09.2025 13:00;10.5;1.2
Lillehammer - Sætherengen;SN12680;25.09.2025 14:00;11.8;1.5
Lillehammer - Sætherengen;SN12680;25.09.2025 15:00;12.2;1.4
Lillehammer - Sætherengen;SN12680;25.09.2025 16:00;12.6;1.1
Lillehammer - Sætherengen;SN12680;25.09.2025 17:00;12.4;1.1
Lillehammer - Sætherengen;SN12680;25.09.2025 18:00;9.3;0.7
Lillehammer - Sætherengen;SN12680;25.09.2025 19:00;7.8;1
Lillehammer - Sætherengen;SN12680;25.09.2025 20:00;6.6;0.8
Lillehammer - Sætherengen;SN12680;25.09.2025 21:00;6.1;0.5
Lillehammer - Sætherengen;SN12680;25.09.2025 22:00;5.3;0.9
Lillehammer - Sætherengen;SN12680;25.09.2025 23:00;4.4;0.7
Lillehammer - Sætherengen;SN12680;26.09.2025 00:00;4.1;1.1
Lillehammer - Sætherengen;SN12680;26.09.2025 01:00;4.9;1.4
Lillehammer - Sætherengen;SN12680;26.09.2025 02:00;4.2;1.1
Lillehammer - Sætherengen;SN12680;26.09.2025 03:00;4;1.6
Lillehammer - Sætherengen;SN12680;26.09.2025 04:00;3.4;1.4
Lillehammer - Sætherengen;SN12680;26.09.2025 05:00;3.1;1
Lillehammer - Sætherengen;SN12680;26.09.2025 06:00;2.9;1.8
Lillehammer - Sætherengen;SN12680;26.09.2025 07:00;2.6;0.8
Lillehammer - Sætherengen;SN12680;26.09.2025 08:00;3.4;1.2
Lillehammer - Sætherengen;SN12680;26.09.2025 09:00;4.8;1.4
Lillehammer - Sætherengen;SN12680;26.09.2025 10:00;6.4;1.4
Lillehammer - Sætherengen;SN12680;26.09.2025 11:00;8.2;1
Lillehammer - Sætherengen;SN12680;26.09.2025 12:00;9.8;1.2
Lillehammer - Sætherengen;SN12680;26.09.2025 13:00;10.2;3.1
Lillehammer - Sætherengen;SN12680;26.09.2025 14:00;11.5;2.8
Lillehammer - Sætherengen;SN12680;26.09.2025 15:00;10.3;3.1
Lillehammer - Sætherengen;SN12680;26.09.2025 16:00;9.8;2.1
Lillehammer - Sætherengen;SN12680;26.09.2025 17:00;8.8;1.8
Lillehammer - Sætherengen;SN12680;26.09.2025 18:00;6.8;1.1
Lillehammer - Sætherengen;SN12680;26.09.2025 19:00;5.6;0.7
Lillehammer - Sætherengen;SN12680;26.09.2025 20:00;6.7;0.8
Lillehammer - Sætherengen;SN12680;26.09.2025 21:00;6;1.4
Lillehammer - Sætherengen;SN12680;26.09.2025 22:00;6.4;0.6
Lillehammer - Sætherengen;SN12680;26.09.2025 23:00;6.2;0.8
Lillehammer - Sætherengen;SN12680;27.09.2025 00:00;6;0.7
Lillehammer - Sætherengen;SN12680;27.09.2025 01:00;5.7;0.8
Lillehammer - Sætherengen;SN12680;27.09.2025 02:00;5.4;0.8
Lillehammer - Sætherengen;SN12680;27.09.2025 03:00;5;0.9
Lillehammer - Sætherengen;SN12680;27.09.2025 04:00;4.3;1.5
Lillehammer - Sætherengen;SN12680;27.09.2025 05:00;3.6;1.5
Lillehammer - Sætherengen;SN12680;27.09.2025 06:00;3.6;1.2
Lillehammer - Sætherengen;SN12680;27.09.2025 07:00;4.1;1
Lillehammer - Sætherengen;SN12680;27.09.2025 08:00;4.1;1.5
Lillehammer - Sætherengen;SN12680;27.09.2025 09:00;4.4;1.4
Lillehammer - Sætherengen;SN12680;27.09.2025 10:00;4.9;1.1
Lillehammer - Sætherengen;SN12680;27.09.2025 11:00;5.9;0.8
Lillehammer - Sætherengen;SN12680;27.09.2025 12:00;6.9;1.8
Lillehammer - Sætherengen;SN12680;27.09.2025 13:00;9.2;1.9
Lillehammer - Sætherengen;SN12680;27.09.2025 14:00;10.7;1.3
Lillehammer - Sætherengen;SN12680;27.09.2025 15:00;11.1;1.3
Lillehammer - Sætherengen;SN12680;27.09.2025 16:00;12.5;0.6
Lillehammer - Sætherengen;SN12680;27.09.2025 17:00;12.1;0.6
Lillehammer - Sætherengen;SN12680;27.09.2025 18:00;9;0.5
Lillehammer - Sætherengen;SN12680;27.09.2025 19:00;7.8;0
Lillehammer - Sætherengen;SN12680;27.09.2025 20:00;7.5;0.7
Lillehammer - Sætherengen;SN12680;27.09.2025 21:00;6.7;0.4
Lillehammer - Sætherengen;SN12680;27.09.2025 22:00;6.3;0.7
Lillehammer - Sætherengen;SN12680;27.09.2025 23:00;6;0.5
Lillehammer - Sætherengen;SN12680;28.09.2025 00:00;5.6;1
Lillehammer - Sætherengen;SN12680;28.09.2025 01:00;5.8;0.9
Lillehammer - Sætherengen;SN12680;28.09.2025 02:00;5.8;1.1
Lillehammer - Sætherengen;SN12680;28.09.2025 03:00;6.2;0.8
Lillehammer - Sætherengen;SN12680;28.09.2025 04:00;6;1.1
Lillehammer - Sætherengen;SN12680;28.09.2025 05:00;5.9;1.2
Lillehammer - Sætherengen;SN12680;28.09.2025 06:00;5.3;0.4
Lillehammer - Sætherengen;SN12680;28.09.2025 07:00;5.6;1.1
Lillehammer - Sætherengen;SN12680;28.09.2025 08:00;5.8;0.6
Lillehammer - Sætherengen;SN12680;28.09.2025 09:00;7.8;0.6
Lillehammer - Sætherengen;SN12680;28.09.2025 10:00;9.1;0.5
Lillehammer - Sætherengen;SN12680;28.09.2025 11:00;11;0.6
Lillehammer - Sætherengen;SN12680;28.09.2025 12:00;12;1.3
Lillehammer - Sætherengen;SN12680;28.09.2025 13:00;12.9;1.1
Lillehammer - Sætherengen;SN12680;28.09.2025 14:00;14.9;3.3
Lillehammer - Sætherengen;SN12680;28.09.2025 15:00;12.8;3.2
Lillehammer - Sætherengen;SN12680;28.09.2025 16:00;11.7;3.5
Lillehammer - Sætherengen;SN12680;28.09.2025 17:00;10.3;2.6
Lillehammer - Sætherengen;SN12680;28.09.2025 18:00;10;1.8
Lillehammer - Sætherengen;SN12680;28.09.2025 19:00;10.1;1.8
Lillehammer - Sætherengen;SN12680;28.09.2025 20:00;9.5;0
Lillehammer - Sætherengen;SN12680;28.09.2025 21:00;8.9;0.6
Lillehammer - Sætherengen;SN12680;28.09.2025 22:00;8.9;0.5
Lillehammer - Sætherengen;SN12680;28.09.2025 23:00;8.8;0.8
Lillehammer - Sætherengen;SN12680;29.09.2025 00:00;8.6;0.4
Lillehammer - Sætherengen;SN12680;29.09.2025 01:00;8.9;0.5
Lillehammer - Sætherengen;SN12680;29.09.2025 02:00;9.1;0.7
Lillehammer - Sætherengen;SN12680;29.09.2025 03:00;8.9;0.8
Lillehammer - Sætherengen;SN12680;29.09.2025 04:00;8.5;0.5
Lillehammer - Sætherengen;SN12680;29.09.2025 05:00;8.6;0.8
Lillehammer - Sætherengen;SN12680;29.09.2025 06:00;8.8;0.9
Lillehammer - Sætherengen;SN12680;29.09.2025 07:00;9;0.7
Lillehammer - Sætherengen;SN12680;29.09.2025 08:00;8.8;0.8
Lillehammer - Sætherengen;SN12680;29.09.2025 09:00;8.9;1.1
Lillehammer - Sætherengen;SN12680;29.09.2025 10:00;9.2;0.9
Lillehammer - Sætherengen;SN12680;29.09.2025 11:00;10.3;2
Lillehammer - Sætherengen;SN12680;29.09.2025 12:00;10.8;2.1
Lillehammer - Sætherengen;SN12680;29.09.2025 13:00;11.1;2.3
Lillehammer - Sætherengen;SN12680;29.09.2025 14:00;11.3;1.6
Lillehammer - Sætherengen;SN12680;29.09.2025 15:00;11;0.5
Lillehammer - Sætherengen;SN12680;29.09.2025 16:00;10.8;0.4
Lillehammer - Sætherengen;SN12680;29.09.2025 17:00;10.5;0
Lillehammer - Sætherengen;SN12680;29.09.2025 18:00;9.8;0.5
Lillehammer - Sætherengen;SN12680;29.09.2025 19:00;9.5;0.4
Lillehammer - Sætherengen;SN12680;29.09.2025 20:00;9.5;1.3
Lillehammer - Sætherengen;SN12680;29.09.2025 21:00;9.2;0.4
Lillehammer - Sætherengen;SN12680;29.09.2025 22:00;9;1.7
Lillehammer - Sætherengen;SN12680;29.09.2025 23:00;8.6;1.3
Lillehammer - Sætherengen;SN12680;30.09.2025 00:00;7.9;0.7
Lillehammer - Sætherengen;SN12680;30.09.2025 01:00;8;0.9
Lillehammer - Sætherengen;SN12680;30.09.2025 02:00;7.9;0.6
Lillehammer - Sætherengen;SN12680;30.09.2025 03:00;7;0.5
Lillehammer - Sætherengen;SN12680;30.09.2025 04:00;7.3;0.9
Lillehammer - Sætherengen;SN12680;30.09.2025 05:00;7.5;1.1
Lillehammer - Sætherengen;SN12680;30.09.2025 06:00;8;1.1
Lillehammer - Sætherengen;SN12680;30.09.2025 07:00;8.1;1.6
Lillehammer - Sætherengen;SN12680;30.09.2025 08:00;8.3;2.3
Lillehammer - Sætherengen;SN12680;30.09.2025 09:00;8.2;2.3
Lillehammer - Sætherengen;SN12680;30.09.2025 10:00;8.4;1.8
Lillehammer - Sætherengen;SN12680;30.09.2025 11:00;8.8;2.1
Lillehammer - Sætherengen;SN12680;30.09.2025 12:00;8.4;3.3
Lillehammer - Sætherengen;SN12680;30.09.2025 13:00;8.6;3.3
Lillehammer - Sætherengen;SN12680;30.09.2025 14:00;9.1;2.5
Lillehammer - Sætherengen;SN12680;30.09.2025 15:00;9.3;2.1
Lillehammer - Sætherengen;SN12680;30.09.2025 16:00;9.3;2.4
Lillehammer - Sætherengen;SN12680;30.09.2025 17:00;9.2;2.7
Lillehammer - Sætherengen;SN12680;30.09.2025 18:00;9;2
Lillehammer - Sætherengen;SN12680;30.09.2025 19:00;8.6;2.1
Lillehammer - Sætherengen;SN12680;30.09.2025 20:00;8.7;2.6
Lillehammer - Sætherengen;SN12680;30.09.2025 21:00;8.4;1.7
Lillehammer - Sætherengen;SN12680;30.09.2025 22:00;8.1;1.5
Lillehammer - Sætherengen;SN12680;30.09.2025 23:00;7.8;1.4
Lillehammer - Sætherengen;SN12680;01.10.2025 00:00;7.8;1.4
Lillehammer - Sætherengen;SN12680;01.10.2025 01:00;7.4;1.1
Lillehammer - Sætherengen;SN12680;01.10.2025 02:00;5.9;0.5
Lillehammer - Sætherengen;SN12680;01.10.2025 03:00;5.1;0.6
Lillehammer - Sætherengen;SN12680;01.10.2025 04:00;3.4;0.5
Lillehammer - Sætherengen;SN12680;01.10.2025 05:00;3;1.5
Lillehammer - Sætherengen;SN12680;01.10.2025 06:00;2.2;1.3
Lillehammer - Sætherengen;SN12680;01.10.2025 07:00;2.6;1.5
Lillehammer - Sætherengen;SN12680;01.10.2025 08:00;4.5;0.7
Lillehammer - Sætherengen;SN12680;01.10.2025 09:00;5.1;1.1
Lillehammer - Sætherengen;SN12680;01.10.2025 10:00;6.3;1.7
Lillehammer - Sætherengen;SN12680;01.10.2025 11:00;7.3;1.8
Lillehammer - Sætherengen;SN12680;01.10.2025 12:00;9.3;1.9
Lillehammer - Sætherengen;SN12680;01.10.2025 13:00;11;2.3
Lillehammer - Sætherengen;SN12680;01.10.2025 14:00;10;2.7
Lillehammer - Sætherengen;SN12680;01.10.2025 15:00;9.6;2.9
Lillehammer - Sætherengen;SN12680;01.10.2025 16:00;9.5;2.5
Lillehammer - Sætherengen;SN12680;01.10.2025 17:00;9.2;3.1
Lillehammer - Sætherengen;SN12680;01.10.2025 18:00;8.8;2.4
Lillehammer - Sætherengen;SN12680;01.10.2025 19:00;9;2.9
Lillehammer - Sætherengen;SN12680;01.10.2025 20:00;8.8;3.1
Lillehammer - Sætherengen;SN12680;01.10.2025 21:00;8.6;2
Lillehammer - Sætherengen;SN12680;01.10.2025 22:00;8.7;2.3
Lillehammer - Sætherengen;SN12680;01.10.2025 23:00;8.6;2.9
Lillehammer - Sætherengen;SN12680;02.10.2025 00:00;8.6;2.3
Lillehammer - Sætherengen;SN12680;02.10.2025 01:00;8.5;2.5
Lillehammer - Sætherengen;SN12680;02.10.2025 02:00;8.6;2.8
Lillehammer - Sætherengen;SN12680;02.10.2025 03:00;8.6;2.9
Lillehammer - Sætherengen;SN12680;02.10.2025 04:00;8.6;2.3
Lillehammer - Sætherengen;SN12680;02.10.2025 05:00;8.5;3.3
Lillehammer - Sætherengen;SN12680;02.10.2025 06:00;8.3;3.4
Lillehammer - Sætherengen;SN12680;02.10.2025 07:00;8.4;3.5
Lillehammer - Sætherengen;SN12680;02.10.2025 08:00;9.2;3
Lillehammer - Sætherengen;SN12680;02.10.2025 09:00;9.5;2.5
Lillehammer - Sætherengen;SN12680;02.10.2025 10:00;9.8;3.1
Lillehammer - Sætherengen;SN12680;02.10.2025 11:00;10.1;3.3
Lillehammer - Sætherengen;SN12680;02.10.2025 12:00;10.2;3.6
Lillehammer - Sætherengen;SN12680;02.10.2025 13:00;10.1;1.9
Lillehammer - Sætherengen;SN12680;02.10.2025 14:00;10.2;3.4
Lillehammer - Sætherengen;SN12680;02.10.2025 15:00;10.2;3.1
Lillehammer - Sætherengen;SN12680;02.10.2025 16:00;10.3;2.7
Lillehammer - Sætherengen;SN12680;02.10.2025 17:00;10.1;1.9
Lillehammer - Sætherengen;SN12680;02.10.2025 18:00;10.1;2.2
Lillehammer - Sætherengen;SN12680;02.10.2025 19:00;10;2.2
Lillehammer - Sætherengen;SN12680;02.10.2025 20:00;9.9;2.5
Lillehammer - Sætherengen;SN12680;02.10.2025 21:00;9.8;2.2
Lillehammer - Sætherengen;SN12680;02.10.2025 22:00;9.8;2.3
Lillehammer - Sætherengen;SN12680;02.10.2025 23:00;9.7;3.3
Lillehammer - Sætherengen;SN12680;03.10.2025 00:00;9.4;3.2
Lillehammer - Sætherengen;SN12680;03.10.2025 01:00;9.2;3.4
Lillehammer - Sætherengen;SN12680;03.10.2025 02:00;9.1;4.1
Lillehammer - Sætherengen;SN12680;03.10.2025 03:00;9.2;3.4
Lillehammer - Sætherengen;SN12680;03.10.2025 04:00;9.1;3.6
Lillehammer - Sætherengen;SN12680;03.10.2025 05:00;9.1;3.4
Lillehammer - Sætherengen;SN12680;03.10.2025 06:00;9.1;3.4
Lillehammer - Sætherengen;SN12680;03.10.2025 07:00;9;3.1
Lillehammer - Sætherengen;SN12680;03.10.2025 08:00;9.2;3.9
Lillehammer - Sætherengen;SN12680;03.10.2025 09:00;9.7;3.3
Lillehammer - Sætherengen;SN12680;03.10.2025 10:00;10;3.6
Lillehammer - Sætherengen;SN12680;03.10.2025 11:00;10.5;4.1
Lillehammer - Sætherengen;SN12680;03.10.2025 12:00;11.1;3.8
Lillehammer - Sætherengen;SN12680;03.10.2025 13:00;11.3;4.8
Lillehammer - Sætherengen;SN12680;03.10.2025 14:00;9.9;4.9
Lillehammer - Sætherengen;SN12680;03.10.2025 15:00;8.7;3
Lillehammer - Sætherengen;SN12680;03.10.2025 16:00;9.9;4.8
Lillehammer - Sætherengen;SN12680;03.10.2025 17:00;9.7;5.4
Lillehammer - Sætherengen;SN12680;03.10.2025 18:00;9;4
Lillehammer - Sætherengen;SN12680;03.10.2025 19:00;8.3;2.9
Lillehammer - Sætherengen;SN12680;03.10.2025 20:00;8.9;3.8
Lillehammer - Sætherengen;SN12680;03.10.2025 21:00;9.1;5.3
Lillehammer - Sætherengen;SN12680;03.10.2025 22:00;8.8;5.4
Lillehammer - Sætherengen;SN12680;03.10.2025 23:00;9;5.8
Lillehammer - Sætherengen;SN12680;04.10.2025 00:00;8.7;6
Lillehammer - Sætherengen;SN12680;04.10.2025 01:00;8.7;7.3
Lillehammer - Sætherengen;SN12680;04.10.2025 02:00;8.7;7.6
Lillehammer - Sætherengen;SN12680;04.10.2025 03:00;8.5;6.8
Lillehammer - Sætherengen;SN12680;04.10.2025 04:00;8.3;6.2
Lillehammer - Sætherengen;SN12680;04.10.2025 05:00;8.1;5.3
Lillehammer - Sætherengen;SN12680;04.10.2025 06:00;7;6.6
Lillehammer - Sætherengen;SN12680;04.10.2025 07:00;6.3;5.4
Lillehammer - Sætherengen;SN12680;04.10.2025 08:00;5.6;5.9
Lillehammer - Sætherengen;SN12680;04.10.2025 09:00;5;4.9
Lillehammer - Sætherengen;SN12680;04.10.2025 10:00;4.8;4.4
Lillehammer - Sætherengen;SN12680;04.10.2025 11:00;4.7;4.2
Lillehammer - Sætherengen;SN12680;04.10.2025 12:00;4.4;3.9
Lillehammer - Sætherengen;SN12680;04.10.2025 13:00;4.9;4.1
Lillehammer - Sætherengen;SN12680;04.10.2025 14:00;4.6;3
Lillehammer - Sætherengen;SN12680;04.10.2025 15:00;4.5;2.5
Lillehammer - Sætherengen;SN12680;04.10.2025 16:00;4.4;3.1
Lillehammer - Sætherengen;SN12680;04.10.2025 17:00;4.7;2.8
Lillehammer - Sætherengen;SN12680;04.10.2025 18:00;4.9;2.6
Lillehammer - Sætherengen;SN12680;04.10.2025 19:00;5;3.1
Lillehammer - Sætherengen;SN12680;04.10.2025 20:00;5.2;2.2
Lillehammer - Sætherengen;SN12680;04.10.2025 21:00;5.7;2.6
Lillehammer - Sætherengen;SN12680;04.10.2025 22:00;6;2.3
Lillehammer - Sætherengen;SN12680;04.10.2025 23:00;6.2;2.9
Lillehammer - Sætherengen;SN12680;05.10.2025 00:00;6.5;2.6
Lillehammer - Sætherengen;SN12680;05.10.2025 01:00;6.5;3.3
Lillehammer - Sætherengen;SN12680;05.10.2025 02:00;6.6;1.7
Lillehammer - Sætherengen;SN12680;05.10.2025 03:00;6.7;2
Lillehammer - Sætherengen;SN12680;05.10.2025 04:00;6.8;1.4
Lillehammer - Sætherengen;SN12680;05.10.2025 05:00;7;1.8
Lillehammer - Sætherengen;SN12680;05.10.2025 06:00;7.1;1.1
Lillehammer - Sætherengen;SN12680;05.10.2025 07:00;7.4;3.4
Lillehammer - Sætherengen;SN12680;05.10.2025 08:00;7.6;2
Lillehammer - Sætherengen;SN12680;05.10.2025 09:00;8;2.1
Lillehammer - Sætherengen;SN12680;05.10.2025 10:00;8.9;1.5
Lillehammer - Sætherengen;SN12680;05.10.2025 11:00;8.4;1.4
Lillehammer - Sætherengen;SN12680;05.10.2025 12:00;9;0.8
Lillehammer - Sætherengen;SN12680;05.10.2025 13:00;8.6;2.4
Lillehammer - Sætherengen;SN12680;05.10.2025 14:00;9.3;2.7
Lillehammer - Sætherengen;SN12680;05.10.2025 15:00;9.5;2.3
Lillehammer - Sætherengen;SN12680;05.10.2025 16:00;9.3;2.6
Lillehammer - Sætherengen;SN12680;05.10.2025 17:00;9.3;0.8
Lillehammer - Sætherengen;SN12680;05.10.2025 18:00;9;1.3
Lillehammer - Sætherengen;SN12680;05.10.2025 19:00;7.8;1.2
Lillehammer - Sætherengen;SN12680;05.10.2025 20:00;6.8;1.4
Lillehammer - Sætherengen;SN12680;05.10.2025 21:00;6.1;0.5
Lillehammer - Sætherengen;SN12680;05.10.2025 22:00;5.5;1.2
Lillehammer - Sætherengen;SN12680;05.10.2025 23:00;5.2;1.9
Lillehammer - Sætherengen;SN12680;06.10.2025 00:00;4.7;2
Lillehammer - Sætherengen;SN12680;06.10.2025 01:00;4.4;2
Lillehammer - Sætherengen;SN12680;06.10.2025 02:00;4;1.8
Lillehammer - Sætherengen;SN12680;06.10.2025 03:00;3.8;1.3
Lillehammer - Sætherengen;SN12680;06.10.2025 04:00;2.9;0.8
Lillehammer - Sætherengen;SN12680;06.10.2025 05:00;3.5;1.7
Lillehammer - Sætherengen;SN12680;06.10.2025 06:00;3.4;1.3
Lillehammer - Sætherengen;SN12680;06.10.2025 07:00;3.7;1.9
Lillehammer - Sætherengen;SN12680;06.10.2025 08:00;3.8;1.9
Lillehammer - Sætherengen;SN12680;06.10.2025 09:00;4.8;1.7
Lillehammer - Sætherengen;SN12680;06.10.2025 10:00;5.5;1.2
Lillehammer - Sætherengen;SN12680;06.10.2025 11:00;6.1;0.7
Lillehammer - Sætherengen;SN12680;06.10.2025 12:00;6.8;0.6
Lillehammer - Sætherengen;SN12680;06.10.2025 13:00;7.3;1.5
Lillehammer - Sætherengen;SN12680;06.10.2025 14:00;8.4;0.6
Lillehammer - Sætherengen;SN12680;06.10.2025 15:00;8.2;1.2
Lillehammer - Sætherengen;SN12680;06.10.2025 16:00;8.2;0.5
Lillehammer - Sætherengen;SN12680;06.10.2025 17:00;8.1;0.6
Lillehammer - Sætherengen;SN12680;06.10.2025 18:00;8;0
Lillehammer - Sætherengen;SN12680;06.10.2025 19:00;7.9;1.4
Lillehammer - Sætherengen;SN12680;06.10.2025 20:00;7.7;0.9
Lillehammer - Sætherengen;SN12680;06.10.2025 21:00;7.6;0.4
Lillehammer - Sætherengen;SN12680;06.10.2025 22:00;7.5;0.8
Lillehammer - Sætherengen;SN12680;06.10.2025 23:00;7.6;0.9
Lillehammer - Sætherengen;SN12680;07.10.2025 00:00;7.6;0.6
Lillehammer - Sætherengen;SN12680;07.10.2025 01:00;7.7;0.7
Lillehammer - Sætherengen;SN12680;07.10.2025 02:00;7.6;0.7
Lillehammer - Sætherengen;SN12680;07.10.2025 03:00;7.9;0.6
Lillehammer - Sætherengen;SN12680;07.10.2025 04:00;8;0
Lillehammer - Sætherengen;SN12680;07.10.2025 05:00;8.1;0.5
Lillehammer - Sætherengen;SN12680;07.10.2025 06:00;8.2;0.9
Lillehammer - Sætherengen;SN12680;07.10.2025 07:00;8.2;0.7
Lillehammer - Sætherengen;SN12680;07.10.2025 08:00;8.5;1.2
Lillehammer - Sætherengen;SN12680;07.10.2025 09:00;8.7;0.8
Lillehammer - Sætherengen;SN12680;07.10.2025 10:00;9.1;1.2
Lillehammer - Sætherengen;SN12680;07.10.2025 11:00;9.4;0.6
Lillehammer - Sætherengen;SN12680;07.10.2025 12:00;10;0.9
Lillehammer - Sætherengen;SN12680;07.10.2025 13:00;10.3;0.8
Lillehammer - Sætherengen;SN12680;07.10.2025 14:00;10;0.7
Lillehammer - Sætherengen;SN12680;07.10.2025 15:00;10.2;0.5
Lillehammer - Sætherengen;SN12680;07.10.2025 16:00;10.2;0.6
Lillehammer - Sætherengen;SN12680;07.10.2025 17:00;10.3;0.5
Lillehammer - Sætherengen;SN12680;07.10.2025 18:00;10;0.5
Lillehammer - Sætherengen;SN12680;07.10.2025 19:00;10;0
Lillehammer - Sætherengen;SN12680;07.10.2025 20:00;9.8;0.4
Lillehammer - Sætherengen;SN12680;07.10.2025 21:00;9.7;0.7
Lillehammer - Sætherengen;SN12680;07.10.2025 22:00;9.6;0.5
Lillehammer - Sætherengen;SN12680;07.10.2025 23:00;9.6;0
Lillehammer - Sætherengen;SN12680;08.10.2025 00:00;9.2;1.1
Lillehammer - Sætherengen;SN12680;08.10.2025 01:00;8.8;0
Lillehammer - Sætherengen;SN12680;08.10.2025 02:00;8.6;0.7
Lillehammer - Sætherengen;SN12680;08.10.2025 03:00;8.5;0.4
Lillehammer - Sætherengen;SN12680;08.10.2025 04:00;8.2;0.7
Lillehammer - Sætherengen;SN12680;08.10.2025 05:00;7.4;0.5
Lillehammer - Sætherengen;SN12680;08.10.2025 06:00;6.3;0.9
Lillehammer - Sætherengen;SN12680;08.10.2025 07:00;5.2;0.7
Lillehammer - Sætherengen;SN12680;08.10.2025 08:00;4.4;0.9
Lillehammer - Sætherengen;SN12680;08.10.2025 09:00;6.5;0.7
Lillehammer - Sætherengen;SN12680;08.10.2025 10:00;7.3;0.6
Lillehammer - Sætherengen;SN12680;08.10.2025 11:00;7.9;1.6
Lillehammer - Sætherengen;SN12680;08.10.2025 12:00;10.2;1
Lillehammer - Sætherengen;SN12680;08.10.2025 13:00;13.1;1.2
Lillehammer - Sætherengen;SN12680;08.10.2025 14:00;14;2.1
Lillehammer - Sætherengen;SN12680;08.10.2025 15:00;12.2;0.9
Lillehammer - Sætherengen;SN12680;08.10.2025 16:00;13.3;1.7
Lillehammer - Sætherengen;SN12680;08.10.2025 17:00;11.9;2
Lillehammer - Sætherengen;SN12680;08.10.2025 18:00;9.3;1.1
Lillehammer - Sætherengen;SN12680;08.10.2025 19:00;8;1.3
Lillehammer - Sætherengen;SN12680;08.10.2025 20:00;7.4;1.6
Lillehammer - Sætherengen;SN12680;08.10.2025 21:00;5.3;0.6
Lillehammer - Sætherengen;SN12680;08.10.2025 22:00;6;1
Lillehammer - Sætherengen;SN12680;08.10.2025 23:00;6.2;1.6
Lillehammer - Sætherengen;SN12680;09.10.2025 00:00;6.4;1.5
Lillehammer - Sætherengen;SN12680;09.10.2025 01:00;5.2;1.6
Lillehammer - Sætherengen;SN12680;09.10.2025 02:00;4.5;0.9
Lillehammer - Sætherengen;SN12680;09.10.2025 03:00;4;0.6
Lillehammer - Sætherengen;SN12680;09.10.2025 04:00;5;1.1
Lillehammer - Sætherengen;SN12680;09.10.2025 05:00;5.2;1.3
Lillehammer - Sætherengen;SN12680;09.10.2025 06:00;6.9;1.2
Lillehammer - Sætherengen;SN12680;09.10.2025 07:00;6.3;0.8
Lillehammer - Sætherengen;SN12680;09.10.2025 08:00;6.9;0.9
Lillehammer - Sætherengen;SN12680;09.10.2025 09:00;6.7;0.5
Lillehammer - Sætherengen;SN12680;09.10.2025 10:00;7.6;1.8
Lillehammer - Sætherengen;SN12680;09.10.2025 11:00;11.3;3.2
Lillehammer - Sætherengen;SN12680;09.10.2025 12:00;12.3;3.1
Lillehammer - Sætherengen;SN12680;09.10.2025 13:00;14;2.5
Lillehammer - Sætherengen;SN12680;09.10.2025 14:00;14;5.7
Lillehammer - Sætherengen;SN12680;09.10.2025 15:00;13.1;4.2
Lillehammer - Sætherengen;SN12680;09.10.2025 16:00;11.7;5.7
Lillehammer - Sætherengen;SN12680;09.10.2025 17:00;10.5;4
Lillehammer - Sætherengen;SN12680;09.10.2025 18:00;8.8;1.4
Lillehammer - Sætherengen;SN12680;09.10.2025 19:00;8.7;2.4
Lillehammer - Sætherengen;SN12680;09.10.2025 20:00;7.5;1
Lillehammer - Sætherengen;SN12680;09.10.2025 21:00;6.2;1.5
Lillehammer - Sætherengen;SN12680;09.10.2025 22:00;7.2;0.9
Lillehammer - Sætherengen;SN12680;09.10.2025 23:00;7;1.1
Lillehammer - Sætherengen;SN12680;10.10.2025 00:00;4.8;1.3
Lillehammer - Sætherengen;SN12680;10.10.2025 01:00;4.8;1.5
Lillehammer - Sætherengen;SN12680;10.10.2025 02:00;6.4;2
Lillehammer - Sætherengen;SN12680;10.10.2025 03:00;2.4;2
Lillehammer - Sætherengen;SN12680;10.10.2025 04:00;2.7;2.1
Lillehammer - Sætherengen;SN12680;10.10.2025 05:00;2.3;0.9
Lillehammer - Sætherengen;SN12680;10.10.2025 06:00;2.9;1.5
Lillehammer - Sætherengen;SN12680;10.10.2025 07:00;1.8;1
Lillehammer - Sætherengen;SN12680;10.10.2025 08:00;2.1;0.7
Lillehammer - Sætherengen;SN12680;10.10.2025 09:00;3;0.7
Lillehammer - Sætherengen;SN12680;10.10.2025 10:00;5.3;0.8
Lillehammer - Sætherengen;SN12680;10.10.2025 11:00;6.9;1.2
Lillehammer - Sætherengen;SN12680;10.10.2025 12:00;6.9;1
Lillehammer - Sætherengen;SN12680;10.10.2025 13:00;11.2;0.8
Lillehammer - Sætherengen;SN12680;10.10.2025 14:00;12.5;1.7
Lillehammer - Sætherengen;SN12680;10.10.2025 15:00;12.7;2.2
Lillehammer - Sætherengen;SN12680;10.10.2025 16:00;11.6;1.1
Lillehammer - Sætherengen;SN12680;10.10.2025 17:00;14.6;2.8
Lillehammer - Sætherengen;SN12680;10.10.2025 18:00;15;4.2
Lillehammer - Sætherengen;SN12680;10.10.2025 19:00;12.2;1.5
Lillehammer - Sætherengen;SN12680;10.10.2025 20:00;9.2;1.3
Lillehammer - Sætherengen;SN12680;10.10.2025 21:00;8.1;1.4
Lillehammer - Sætherengen;SN12680;10.10.2025 22:00;8.5;1.1
Lillehammer - Sætherengen;SN12680;10.10.2025 23:00;8.1;1.1
Lillehammer - Sætherengen;SN12680;11.10.2025 00:00;7.4;0.6
Lillehammer - Sætherengen;SN12680;11.10.2025 01:00;7.8;0.6
Lillehammer - Sætherengen;SN12680;11.10.2025 02:00;7.6;0.6
Lillehammer - Sætherengen;SN12680;11.10.2025 03:00;8;0.7
Lillehammer - Sætherengen;SN12680;11.10.2025 04:00;7.5;0.6
Lillehammer - Sætherengen;SN12680;11.10.2025 05:00;7.3;0.8
Lillehammer - Sætherengen;SN12680;11.10.2025 06:00;7.5;0.4
Lillehammer - Sætherengen;SN12680;11.10.2025 07:00;7.5;1.6
Lillehammer - Sætherengen;SN12680;11.10.2025 08:00;7.6;0.9
Lillehammer - Sætherengen;SN12680;11.10.2025 09:00;8.8;0.6
Lillehammer - Sætherengen;SN12680;11.10.2025 10:00;10.4;0.9
Lillehammer - Sætherengen;SN12680;11.10.2025 11:00;11.6;1.2
Lillehammer - Sætherengen;SN12680;11.10.2025 12:00;12.1;0.5
Lillehammer - Sætherengen;SN12680;11.10.2025 13:00;12.6;0.5
Lillehammer - Sætherengen;SN12680;11.10.2025 14:00;12.8;0.5
Lillehammer - Sætherengen;SN12680;11.10.2025 15:00;14.2;1
Lillehammer - Sætherengen;SN12680;11.10.2025 16:00;13;1.1
Lillehammer - Sætherengen;SN12680;11.10.2025 17:00;12.3;0.7
Lillehammer - Sætherengen;SN12680;11.10.2025 18:00;11.6;1
Lillehammer - Sætherengen;SN12680;11.10.2025 19:00;11.9;1.4
Lillehammer - Sætherengen;SN12680;11.10.2025 20:00;11;1.3
Lillehammer - Sætherengen;SN12680;11.10.2025 21:00;11.2;0.6
Lillehammer - Sætherengen;SN12680;11.10.2025 22:00;10.6;1.4
Lillehammer - Sætherengen;SN12680;11.10.2025 23:00;10.4;0.7
Lillehammer - Sætherengen;SN12680;12.10.2025 00:00;9.7;0.9
Lillehammer - Sætherengen;SN12680;12.10.2025 01:00;8.7;1.2
Lillehammer - Sætherengen;SN12680;12.10.2025 02:00;8;0.8
Lillehammer - Sætherengen;SN12680;12.10.2025 03:00;8.5;0.9
Lillehammer - Sætherengen;SN12680;12.10.2025 04:00;8.2;1.4
Lillehammer - Sætherengen;SN12680;12.10.2025 05:00;7.3;1.5
Lillehammer - Sætherengen;SN12680;12.10.2025 06:00;6.1;1.3
Lillehammer - Sætherengen;SN12680;12.10.2025 07:00;6;2
Lillehammer - Sætherengen;SN12680;12.10.2025 08:00;6.5;1.8
Lillehammer - Sætherengen;SN12680;12.10.2025 09:00;8.6;1.3
Lillehammer - Sætherengen;SN12680;12.10.2025 10:00;9.8;2.7
Lillehammer - Sætherengen;SN12680;12.10.2025 11:00;10.8;3.6
Lillehammer - Sætherengen;SN12680;12.10.2025 12:00;11.2;4.7
Lillehammer - Sætherengen;SN12680;12.10.2025 13:00;11.7;3.8
Lillehammer - Sætherengen;SN12680;12.10.2025 14:00;11.7;3.9
Lillehammer - Sætherengen;SN12680;12.10.2025 15:00;11.2;3.2
Lillehammer - Sætherengen;SN12680;12.10.2025 16:00;10.4;2.3
Lillehammer - Sætherengen;SN12680;12.10.2025 17:00;8;1.7
Lillehammer - Sætherengen;SN12680;12.10.2025 18:00;7;1.5
Lillehammer - Sætherengen;SN12680;12.10.2025 19:00;7.4;2
Lillehammer - Sætherengen;SN12680;12.10.2025 20:00;7;1.6
Lillehammer - Sætherengen;SN12680;12.10.2025 21:00;6.5;1.2
Lillehammer - Sætherengen;SN12680;12.10.2025 22:00;5.1;0.5
Lillehammer - Sætherengen;SN12680;12.10.2025 23:00;5.4;0.6
Lillehammer - Sætherengen;SN12680;13.10.2025 00:00;5.3;0
Lillehammer - Sætherengen;SN12680;13.10.2025 01:00;5.4;0.7
Lillehammer - Sætherengen;SN12680;13.10.2025 02:00;5.2;0.8
Lillehammer - Sætherengen;SN12680;13.10.2025 03:00;4.9;0.7
Lillehammer - Sætherengen;SN12680;13.10.2025 04:00;4.9;0.4
Lillehammer - Sætherengen;SN12680;13.10.2025 05:00;4.2;1.1
Lillehammer - Sætherengen;SN12680;13.10.2025 06:00;4.4;1
Lillehammer - Sætherengen;SN12680;13.10.2025 07:00;4.2;0.9
Lillehammer - Sætherengen;SN12680;13.10.2025 08:00;4;0.5
Lillehammer - Sætherengen;SN12680;13.10.2025 09:00;5.1;1.1
Lillehammer - Sætherengen;SN12680;13.10.2025 10:00;5.5;1.1
Lillehammer - Sætherengen;SN12680;13.10.2025 11:00;6.3;1.4
Lillehammer - Sætherengen;SN12680;13.10.2025 12:00;6.6;1.3
Lillehammer - Sætherengen;SN12680;13.10.2025 13:00;7.5;1.1
Lillehammer - Sætherengen;SN12680;13.10.2025 14:00;7.7;0
Lillehammer - Sætherengen;SN12680;13.10.2025 15:00;7.2;0.7
Lillehammer - Sætherengen;SN12680;13.10.2025 16:00;7.2;0.4
Lillehammer - Sætherengen;SN12680;13.10.2025 17:00;6.5;0
Lillehammer - Sætherengen;SN12680;13.10.2025 18:00;6.2;0.5
Lillehammer - Sætherengen;SN12680;13.10.2025 19:00;5.8;0.6
Lillehammer - Sætherengen;SN12680;13.10.2025 20:00;5;0.8
Lillehammer - Sætherengen;SN12680;13.10.2025 21:00;5.2;1.1
Lillehammer - Sætherengen;SN12680;13.10.2025 22:00;4.2;1
Lillehammer - Sætherengen;SN12680;13.10.2025 23:00;3.9;1.1
Lillehammer - Sætherengen;SN12680;14.10.2025 00:00;4.1;1.5
Lillehammer - Sætherengen;SN12680;14.10.2025 01:00;3.8;0.8
Lillehammer - Sætherengen;SN12680;14.10.2025 02:00;3.6;0.6
Lillehammer - Sætherengen;SN12680;14.10.2025 03:00;3.3;1.3
Lillehammer - Sætherengen;SN12680;14.10.2025 04:00;3;0.5
Lillehammer - Sætherengen;SN12680;14.10.2025 05:00;3.2;1.2
Lillehammer - Sætherengen;SN12680;14.10.2025 06:00;3;0.6
Lillehammer - Sætherengen;SN12680;14.10.2025 07:00;2.9;0.6
Lillehammer - Sætherengen;SN12680;14.10.2025 08:00;3;0.6
Lillehammer - Sætherengen;SN12680;14.10.2025 09:00;6.3;0.7
Lillehammer - Sætherengen;SN12680;14.10.2025 10:00;6;0.8
Lillehammer - Sætherengen;SN12680;14.10.2025 11:00;7.2;0.4
Lillehammer - Sætherengen;SN12680;14.10.2025 12:00;8.4;0.8
Lillehammer - Sætherengen;SN12680;14.10.2025 13:00;10.5;0.7
Lillehammer - Sætherengen;SN12680;14.10.2025 14:00;11.9;0.9
Lillehammer - Sætherengen;SN12680;14.10.2025 15:00;12.7;0.7
Lillehammer - Sætherengen;SN12680;14.10.2025 16:00;12.7;0.6
Lillehammer - Sætherengen;SN12680;14.10.2025 17:00;9.8;1.2
Lillehammer - Sætherengen;SN12680;14.10.2025 18:00;9.4;1.2
Lillehammer - Sætherengen;SN12680;14.10.2025 19:00;9.8;1.5
Lillehammer - Sætherengen;SN12680;14.10.2025 20:00;8.1;1
Lillehammer - Sætherengen;SN12680;14.10.2025 21:00;8.2;0.8
Lillehammer - Sætherengen;SN12680;14.10.2025 22:00;7.2;1.1
Lillehammer - Sætherengen;SN12680;14.10.2025 23:00;9.4;1.1
Lillehammer - Sætherengen;SN12680;15.10.2025 00:00;6.9;0.9
Lillehammer - Sætherengen;SN12680;15.10.2025 01:00;5.9;1
Lillehammer - Sætherengen;SN12680;15.10.2025 02:00;5.8;0.6
Lillehammer - Sætherengen;SN12680;15.10.2025 03:00;5.1;1.4
Lillehammer - Sætherengen;SN12680;15.10.2025 04:00;5.2;1.3
Lillehammer - Sætherengen;SN12680;15.10.2025 05:00;4.5;1.1
Lillehammer - Sætherengen;SN12680;15.10.2025 06:00;3.9;0.7
Lillehammer - Sætherengen;SN12680;15.10.2025 07:00;3.7;1.1
Lillehammer - Sætherengen;SN12680;15.10.2025 08:00;3.7;1.2
Lillehammer - Sætherengen;SN12680;15.10.2025 09:00;5.6;1.4
Lillehammer - Sætherengen;SN12680;15.10.2025 10:00;6.8;0.8
Lillehammer - Sætherengen;SN12680;15.10.2025 11:00;7.9;1.2
Lillehammer - Sætherengen;SN12680;15.10.2025 12:00;10.2;1
Lillehammer - Sætherengen;SN12680;15.10.2025 13:00;13;1
Lillehammer - Sætherengen;SN12680;15.10.2025 14:00;14.5;0.7
Lillehammer - Sætherengen;SN12680;15.10.2025 15:00;14.7;1
Lillehammer - Sætherengen;SN12680;15.10.2025 16:00;12.9;1.2
Lillehammer - Sætherengen;SN12680;15.10.2025 17:00;8.9;0.4
Lillehammer - Sætherengen;SN12680;15.10.2025 18:00;7.6;1.1
Lillehammer - Sætherengen;SN12680;15.10.2025 19:00;6.4;0.5
Lillehammer - Sætherengen;SN12680;15.10.2025 20:00;6.3;0.8
Lillehammer - Sætherengen;SN12680;15.10.2025 21:00;5.7;1.1
Lillehammer - Sætherengen;SN12680;15.10.2025 22:00;5.2;0.9
Lillehammer - Sætherengen;SN12680;15.10.2025 23:00;4;1.1
Lillehammer - Sætherengen;SN12680;16.10.2025 00:00;4;0.7
Lillehammer - Sætherengen;SN12680;16.10.2025 01:00;3.6;0.8
Lillehammer - Sætherengen;SN12680;16.10.2025 02:00;3;0.7
Lillehammer - Sætherengen;SN12680;16.10.2025 03:00;2.7;0.7
Lillehammer - Sætherengen;SN12680;16.10.2025 04:00;2.6;1.2
Lillehammer - Sætherengen;SN12680;16.10.2025 05:00;3;1
Lillehammer - Sætherengen;SN12680;16.10.2025 06:00;3;1.1
Lillehammer - Sætherengen;SN12680;16.10.2025 07:00;5.8;1.5
Lillehammer - Sætherengen;SN12680;16.10.2025 08:00;4.9;1.2
Lillehammer - Sætherengen;SN12680;16.10.2025 09:00;5.4;1.3
Lillehammer - Sætherengen;SN12680;16.10.2025 10:00;7.3;1.5
Lillehammer - Sætherengen;SN12680;16.10.2025 11:00;8.5;4.9
Lillehammer - Sætherengen;SN12680;16.10.2025 12:00;8.8;4.5
Lillehammer - Sætherengen;SN12680;16.10.2025 13:00;9.3;5.3
Lillehammer - Sætherengen;SN12680;16.10.2025 14:00;9.4;5.4
Lillehammer - Sætherengen;SN12680;16.10.2025 15:00;8.6;4
Lillehammer - Sætherengen;SN12680;16.10.2025 16:00;7.3;4.2
Lillehammer - Sætherengen;SN12680;16.10.2025 17:00;6.8;5.5
Lillehammer - Sætherengen;SN12680;16.10.2025 18:00;4.7;1.4
Lillehammer - Sætherengen;SN12680;16.10.2025 19:00;4.1;2
Lillehammer - Sætherengen;SN12680;16.10.2025 20:00;2.7;1
Lillehammer - Sætherengen;SN12680;16.10.2025 21:00;2.3;0.6
Lillehammer - Sætherengen;SN12680;16.10.2025 22:00;2;1.6
Lillehammer - Sætherengen;SN12680;16.10.2025 23:00;2;1.5
Lillehammer - Sætherengen;SN12680;17.10.2025 00:00;1.1;1
Lillehammer - Sætherengen;SN12680;17.10.2025 01:00;1.4;0.6
Lillehammer - Sætherengen;SN12680;17.10.2025 02:00;0.9;1.2
Lillehammer - Sætherengen;SN12680;17.10.2025 03:00;1;0.5
Lillehammer - Sætherengen;SN12680;17.10.2025 04:00;0.4;0.5
Lillehammer - Sætherengen;SN12680;17.10.2025 05:00;0.6;0.9
Lillehammer - Sætherengen;SN12680;17.10.2025 06:00;0.4;1.2
Lillehammer - Sætherengen;SN12680;17.10.2025 07:00;1.3;2
Lillehammer - Sætherengen;SN12680;17.10.2025 08:00;0.9;1
Lillehammer - Sætherengen;SN12680;17.10.2025 09:00;2;1.2
Lillehammer - Sætherengen;SN12680;17.10.2025 10:00;4.1;2
Lillehammer - Sætherengen;SN12680;17.10.2025 11:00;5.7;3.9
Lillehammer - Sætherengen;SN12680;17.10.2025 12:00;6.8;5.7
Lillehammer - Sætherengen;SN12680;17.10.2025 13:00;7.3;5.8
Lillehammer - Sætherengen;SN12680;17.10.2025 14:00;7.5;5.8
Lillehammer - Sætherengen;SN12680;17.10.2025 15:00;7.4;5.3
Lillehammer - Sætherengen;SN12680;17.10.2025 16:00;7.5;4
Lillehammer - Sætherengen;SN12680;17.10.2025 17:00;6.3;4.2
Lillehammer - Sætherengen;SN12680;17.10.2025 18:00;3.4;0.7
Lillehammer - Sætherengen;SN12680;17.10.2025 19:00;2.2;0.6
Lillehammer - Sætherengen;SN12680;17.10.2025 20:00;2.2;1.6
Lillehammer - Sætherengen;SN12680;17.10.2025 21:00;1.7;1.2
Lillehammer - Sætherengen;SN12680;17.10.2025 22:00;1.5;1.2
Lillehammer - Sætherengen;SN12680;17.10.2025 23:00;1;1.8
Lillehammer - Sætherengen;SN12680;18.10.2025 00:00;0.1;1.3
Lillehammer - Sætherengen;SN12680;18.10.2025 01:00;-0.5;1.7
Lillehammer - Sætherengen;SN12680;18.10.2025 02:00;-0.4;1.8
Lillehammer - Sætherengen;SN12680;18.10.2025 03:00;-1.5;0.7
Lillehammer - Sætherengen;SN12680;18.10.2025 04:00;-1.6;0.8
Lillehammer - Sætherengen;SN12680;18.10.2025 05:00;-1.9;1.4
Lillehammer - Sætherengen;SN12680;18.10.2025 06:00;-2.6;1.4
Lillehammer - Sætherengen;SN12680;18.10.2025 07:00;-2.3;1.5
Lillehammer - Sætherengen;SN12680;18.10.2025 08:00;-2.6;1.6
Lillehammer - Sætherengen;SN12680;18.10.2025 09:00;-1.7;1.7
Lillehammer - Sætherengen;SN12680;18.10.2025 10:00;-0.4;0.9
Lillehammer - Sætherengen;SN12680;18.10.2025 11:00;0.9;1.9
Lillehammer - Sætherengen;SN12680;18.10.2025 12:00;1.9;1.9
Lillehammer - Sætherengen;SN12680;18.10.2025 13:00;3.5;1.7
Lillehammer - Sætherengen;SN12680;18.10.2025 14:00;4.5;1.5
Lillehammer - Sætherengen;SN12680;18.10.2025 15:00;5.6;0.5
Lillehammer - Sætherengen;SN12680;18.10.2025 16:00;4.5;1.3
Lillehammer - Sætherengen;SN12680;18.10.2025 17:00;1.8;0.8
Lillehammer - Sætherengen;SN12680;18.10.2025 18:00;1;0.8
Lillehammer - Sætherengen;SN12680;18.10.2025 19:00;0;0.5
Lillehammer - Sætherengen;SN12680;18.10.2025 20:00;-0.6;0
Lillehammer - Sætherengen;SN12680;18.10.2025 21:00;-0.8;1.8
Lillehammer - Sætherengen;SN12680;18.10.2025 22:00;-1.6;0.5
Lillehammer - Sætherengen;SN12680;18.10.2025 23:00;-2.4;0.6
Lillehammer - Sætherengen;SN12680;19.10.2025 00:00;-2;1.7
Lillehammer - Sætherengen;SN12680;19.10.2025 01:00;-1.7;1.8
Lillehammer - Sætherengen;SN12680;19.10.2025 02:00;-1.5;2.2
Lillehammer - Sætherengen;SN12680;19.10.2025 03:00;-2;1.3
Lillehammer - Sætherengen;SN12680;19.10.2025 04:00;-2.1;1.6
Lillehammer - Sætherengen;SN12680;19.10.2025 05:00;-2.5;1.5
Lillehammer - Sætherengen;SN12680;19.10.2025 06:00;-2.5;1.5
Lillehammer - Sætherengen;SN12680;19.10.2025 07:00;-2.6;1.8
Lillehammer - Sætherengen;SN12680;19.10.2025 08:00;-2.7;0.9
Lillehammer - Sætherengen;SN12680;19.10.2025 09:00;-1.9;2.4
Lillehammer - Sætherengen;SN12680;19.10.2025 10:00;-0.5;1.5
Lillehammer - Sætherengen;SN12680;19.10.2025 11:00;0.8;1.3
Lillehammer - Sætherengen;SN12680;19.10.2025 12:00;1.6;0.7
Lillehammer - Sætherengen;SN12680;19.10.2025 13:00;2.8;0.5
Lillehammer - Sætherengen;SN12680;19.10.2025 14:00;3.7;1
Lillehammer - Sætherengen;SN12680;19.10.2025 15:00;4.2;1
Lillehammer - Sætherengen;SN12680;19.10.2025 16:00;3.1;0.7
Lillehammer - Sætherengen;SN12680;19.10.2025 17:00;0.8;1
Lillehammer - Sætherengen;SN12680;19.10.2025 18:00;-0.1;1
Lillehammer - Sætherengen;SN12680;19.10.2025 19:00;-0.5;0.4
Lillehammer - Sætherengen;SN12680;19.10.2025 20:00;-0.9;1.2
Lillehammer - Sætherengen;SN12680;19.10.2025 21:00;-1.4;0.5
Lillehammer - Sætherengen;SN12680;19.10.2025 22:00;-1.6;0.7
Lillehammer - Sætherengen;SN12680;19.10.2025 23:00;-1.8;1.1
Lillehammer - Sætherengen;SN12680;20.10.2025 00:00;-2.2;0.5
Lillehammer - Sætherengen;SN12680;20.10.2025 01:00;-1.9;0.4
Lillehammer - Sætherengen;SN12680;20.10.2025 02:00;-1.4;0.6
Lillehammer - Sætherengen;SN12680;20.10.2025 03:00;-1.5;0.7
Lillehammer - Sætherengen;SN12680;20.10.2025 04:00;-1.2;0.7
Lillehammer - Sætherengen;SN12680;20.10.2025 05:00;-1.1;0.7
Lillehammer - Sætherengen;SN12680;20.10.2025 06:00;-0.7;0.5
Lillehammer - Sætherengen;SN12680;20.10.2025 07:00;-0.4;0.4
Lillehammer - Sætherengen;SN12680;20.10.2025 08:00;-0.2;0.4
Lillehammer - Sætherengen;SN12680;20.10.2025 09:00;0.4;0.6
Lillehammer - Sætherengen;SN12680;20.10.2025 10:00;0.8;0.9
Lillehammer - Sætherengen;SN12680;20.10.2025 11:00;1.2;1.1
Lillehammer - Sætherengen;SN12680;20.10.2025 12:00;1.5;0.6
Lillehammer - Sætherengen;SN12680;20.10.2025 13:00;1.7;0.6
Lillehammer - Sætherengen;SN12680;20.10.2025 14:00;2;0.8
Lillehammer - Sætherengen;SN12680;20.10.2025 15:00;1.7;0.8
Lillehammer - Sætherengen;SN12680;20.10.2025 16:00;1.8;0.5
Lillehammer - Sætherengen;SN12680;20.10.2025 17:00;2.1;0.8
Lillehammer - Sætherengen;SN12680;20.10.2025 18:00;1.9;0.8
Lillehammer - Sætherengen;SN12680;20.10.2025 19:00;2.1;0.4
Lillehammer - Sætherengen;SN12680;20.10.2025 20:00;1.8;1
Lillehammer - Sætherengen;SN12680;20.10.2025 21:00;2;0.6
Lillehammer - Sætherengen;SN12680;20.10.2025 22:00;1.8;0.5
Lillehammer - Sætherengen;SN12680;20.10.2025 23:00;1.5;1
Lillehammer - Sætherengen;SN12680;21.10.2025 00:00;1.5;1.5
Lillehammer - Sætherengen;SN12680;21.10.2025 01:00;1.5;0.9
Lillehammer - Sætherengen;SN12680;21.10.2025 02:00;1.6;0.8
Lillehammer - Sætherengen;SN12680;21.10.2025 03:00;1.4;0.8
Lillehammer - Sætherengen;SN12680;21.10.2025 04:00;1.6;1.1
Lillehammer - Sætherengen;SN12680;21.10.2025 05:00;1.6;1
Lillehammer - Sætherengen;SN12680;21.10.2025 06:00;1.5;0.9
Lillehammer - Sætherengen;SN12680;21.10.2025 07:00;1.7;0.7
Lillehammer - Sætherengen;SN12680;21.10.2025 08:00;1.9;1.1
Lillehammer - Sætherengen;SN12680;21.10.2025 09:00;1.9;0.7
Lillehammer - Sætherengen;SN12680;21.10.2025 10:00;2.2;0.8
Lillehammer - Sætherengen;SN12680;21.10.2025 11:00;2.6;1.4
Lillehammer - Sætherengen;SN12680;21.10.2025 12:00;2.8;0.9
Lillehammer - Sætherengen;SN12680;21.10.2025 13:00;3.1;1.5
Lillehammer - Sætherengen;SN12680;21.10.2025 14:00;3.4;1.6
Lillehammer - Sætherengen;SN12680;21.10.2025 15:00;3.7;1.5
Lillehammer - Sætherengen;SN12680;21.10.2025 16:00;3.8;1.3
Lillehammer - Sætherengen;SN12680;21.10.2025 17:00;3.7;1.5
Lillehammer - Sætherengen;SN12680;21.10.2025 18:00;3.8;0.9
Lillehammer - Sætherengen;SN12680;21.10.2025 19:00;3.8;1
Lillehammer - Sætherengen;SN12680;21.10.2025 20:00;3.8;1.3
Lillehammer - Sætherengen;SN12680;21.10.2025 21:00;3.7;1.1
Lillehammer - Sætherengen;SN12680;21.10.2025 22:00;3.9;1
Lillehammer - Sætherengen;SN12680;21.10.2025 23:00;3.9;1.3
Lillehammer - Sætherengen;SN12680;22.10.2025 00:00;3.9;1
Lillehammer - Sætherengen;SN12680;22.10.2025 01:00;3.9;1.5
Lillehammer - Sætherengen;SN12680;22.10.2025 02:00;3.8;1.2
Lillehammer - Sætherengen;SN12680;22.10.2025 03:00;3.8;1.1
Lillehammer - Sætherengen;SN12680;22.10.2025 04:00;3.9;1.4
Lillehammer - Sætherengen;SN12680;22.10.2025 05:00;4;1.1
Lillehammer - Sætherengen;SN12680;22.10.2025 06:00;4;0.5
Lillehammer - Sætherengen;SN12680;22.10.2025 07:00;4.2;1.1
Lillehammer - Sætherengen;SN12680;22.10.2025 08:00;4.2;1
Lillehammer - Sætherengen;SN12680;22.10.2025 09:00;4.6;1.3
Lillehammer - Sætherengen;SN12680;22.10.2025 10:00;4.9;1.1
Lillehammer - Sætherengen;SN12680;22.10.2025 11:00;5.1;1
Lillehammer - Sætherengen;SN12680;22.10.2025 12:00;5.5;1.6
Lillehammer - Sætherengen;SN12680;22.10.2025 13:00;5.8;0
Lillehammer - Sætherengen;SN12680;22.10.2025 14:00;6.1;0
Lillehammer - Sætherengen;SN12680;22.10.2025 15:00;6.2;0.4
Lillehammer - Sætherengen;SN12680;22.10.2025 16:00;6.3;0.6
Lillehammer - Sætherengen;SN12680;22.10.2025 17:00;6.3;1
Lillehammer - Sætherengen;SN12680;22.10.2025 18:00;6.4;0.5
Lillehammer - Sætherengen;SN12680;22.10.2025 19:00;6.6;0.4
Lillehammer - Sætherengen;SN12680;22.10.2025 20:00;6.5;0.4
Lillehammer - Sætherengen;SN12680;22.10.2025 21:00;6.4;1.1
Lillehammer - Sætherengen;SN12680;22.10.2025 22:00;6.5;1.3
Lillehammer - Sætherengen;SN12680;22.10.2025 23:00;6.8;1
Lillehammer - Sætherengen;SN12680;23.10.2025 00:00;7.1;1.3
Lillehammer - Sætherengen;SN12680;23.10.2025 01:00;6.8;1.2
Lillehammer - Sætherengen;SN12680;23.10.2025 02:00;6.9;0.9
Lillehammer - Sætherengen;SN12680;23.10.2025 03:00;7.1;1
Lillehammer - Sætherengen;SN12680;23.10.2025 04:00;6.9;1.1
Lillehammer - Sætherengen;SN12680;23.10.2025 05:00;6.7;0.7
Lillehammer - Sætherengen;SN12680;23.10.2025 06:00;6.8;1
Lillehammer - Sætherengen;SN12680;23.10.2025 07:00;6.7;0.8
Lillehammer - Sætherengen;SN12680;23.10.2025 08:00;6.8;1
Lillehammer - Sætherengen;SN12680;23.10.2025 09:00;7;1.6
Lillehammer - Sætherengen;SN12680;23.10.2025 10:00;7.3;1.3
Lillehammer - Sætherengen;SN12680;23.10.2025 11:00;7.8;1.7
Lillehammer - Sætherengen;SN12680;23.10.2025 12:00;8;1.3
Lillehammer - Sætherengen;SN12680;23.10.2025 13:00;8.2;1.8
Lillehammer - Sætherengen;SN12680;23.10.2025 14:00;8.4;1.2
Lillehammer - Sætherengen;SN12680;23.10.2025 15:00;8.2;0.8
Lillehammer - Sætherengen;SN12680;23.10.2025 16:00;7.8;0.7
Lillehammer - Sætherengen;SN12680;23.10.2025 17:00;7.8;0.9
Lillehammer - Sætherengen;SN12680;23.10.2025 18:00;7.7;0
Lillehammer - Sætherengen;SN12680;23.10.2025 19:00;7.7;0.6
Lillehammer - Sætherengen;SN12680;23.10.2025 20:00;7.7;0.4
Lillehammer - Sætherengen;SN12680;23.10.2025 21:00;7.4;0.9
Lillehammer - Sætherengen;SN12680;23.10.2025 22:00;7.5;1
Lillehammer - Sætherengen;SN12680;23.10.2025 23:00;7.4;0.8
Lillehammer - Sætherengen;SN12680;24.10.2025 00:00;7.2;1.5
Lillehammer - Sætherengen;SN12680;24.10.2025 01:00;7.1;1
Lillehammer - Sætherengen;SN12680;24.10.2025 02:00;7;0.9
Lillehammer - Sætherengen;SN12680;24.10.2025 03:00;7;1.3
Lillehammer - Sætherengen;SN12680;24.10.2025 04:00;7.4;2.2
Lillehammer - Sætherengen;SN12680;24.10.2025 05:00;7.3;1.1
Lillehammer - Sætherengen;SN12680;24.10.2025 06:00;7.5;0.7
Lillehammer - Sætherengen;SN12680;24.10.2025 07:00;7.3;1.5
Lillehammer - Sætherengen;SN12680;24.10.2025 08:00;7.4;1.3
Lillehammer - Sætherengen;SN12680;24.10.2025 09:00;7.3;1.7
Lillehammer - Sætherengen;SN12680;24.10.2025 10:00;7.4;2
Lillehammer - Sætherengen;SN12680;24.10.2025 11:00;7.6;2.2
Lillehammer - Sætherengen;SN12680;24.10.2025 12:00;8.2;1.2
Lillehammer - Sætherengen;SN12680;24.10.2025 13:00;8.4;1.4
Lillehammer - Sætherengen;SN12680;24.10.2025 14:00;8.6;0.8
Lillehammer - Sætherengen;SN12680;24.10.2025 15:00;8.3;1
Lillehammer - Sætherengen;SN12680;24.10.2025 16:00;8.3;1.1
Lillehammer - Sætherengen;SN12680;24.10.2025 17:00;8.2;1.7
Lillehammer - Sætherengen;SN12680;24.10.2025 18:00;8;1.3
Lillehammer - Sætherengen;SN12680;24.10.2025 19:00;7.9;0.6
Lillehammer - Sætherengen;SN12680;24.10.2025 20:00;7.7;1.3
Lillehammer - Sætherengen;SN12680;24.10.2025 21:00;7.6;1.6
Lillehammer - Sætherengen;SN12680;24.10.2025 22:00;7.4;0.9
Lillehammer - Sætherengen;SN12680;24.10.2025 23:00;7.2;1.3
Lillehammer - Sætherengen;SN12680;25.10.2025 00:00;7;0.9
Lillehammer - Sætherengen;SN12680;25.10.2025 01:00;6.9;1
Lillehammer - Sætherengen;SN12680;25.10.2025 02:00;6.8;0.9
Lillehammer - Sætherengen;SN12680;25.10.2025 03:00;6.7;1.2
Lillehammer - Sætherengen;SN12680;25.10.2025 04:00;6.6;1.1
Lillehammer - Sætherengen;SN12680;25.10.2025 05:00;6.5;1.7
Lillehammer - Sætherengen;SN12680;25.10.2025 06:00;6.5;0.7
Lillehammer - Sætherengen;SN12680;25.10.2025 07:00;6.4;0.7
Lillehammer - Sætherengen;SN12680;25.10.2025 08:00;6.5;0.8
Lillehammer - Sætherengen;SN12680;25.10.2025 09:00;6.5;0.7
Lillehammer - Sætherengen;SN12680;25.10.2025 10:00;6.8;1.1
Lillehammer - Sætherengen;SN12680;25.10.2025 11:00;7.7;0.8
Lillehammer - Sætherengen;SN12680;25.10.2025 12:00;9.2;1.7
Lillehammer - Sætherengen;SN12680;25.10.2025 13:00;8;1
Lillehammer - Sætherengen;SN12680;25.10.2025 14:00;8.1;1.4
Lillehammer - Sætherengen;SN12680;25.10.2025 15:00;8.3;0.8
Lillehammer - Sætherengen;SN12680;25.10.2025 16:00;8.1;1.1
Lillehammer - Sætherengen;SN12680;25.10.2025 17:00;8.3;1.1
Lillehammer - Sætherengen;SN12680;25.10.2025 18:00;7.8;0.7
Lillehammer - Sætherengen;SN12680;25.10.2025 19:00;7.5;0.8
Lillehammer - Sætherengen;SN12680;25.10.2025 20:00;7.5;0.6
Lillehammer - Sætherengen;SN12680;25.10.2025 21:00;7.4;0
Lillehammer - Sætherengen;SN12680;25.10.2025 22:00;7.2;0.4
Lillehammer - Sætherengen;SN12680;25.10.2025 23:00;7.2;0.4
Lillehammer - Sætherengen;SN12680;26.10.2025 00:00;7.1;0.4
Lillehammer - Sætherengen;SN12680;26.10.2025 01:00;7.1;0.8
Lillehammer - Sætherengen;SN12680;26.10.2025 02:00;6.6;0.5
Lillehammer - Sætherengen;SN12680;26.10.2025 03:00;6.2;0.5
Lillehammer - Sætherengen;SN12680;26.10.2025 04:00;6.1;0.6
Lillehammer - Sætherengen;SN12680;26.10.2025 05:00;6;0.5
Lillehammer - Sætherengen;SN12680;26.10.2025 06:00;5.9;0
Lillehammer - Sætherengen;SN12680;26.10.2025 07:00;5.8;0
Lillehammer - Sætherengen;SN12680;26.10.2025 08:00;5.8;0.7
Lillehammer - Sætherengen;SN12680;26.10.2025 09:00;6.3;0
Lillehammer - Sætherengen;SN12680;26.10.2025 10:00;6.9;0.7
Lillehammer - Sætherengen;SN12680;26.10.2025 11:00;6.9;1.8
Lillehammer - Sætherengen;SN12680;26.10.2025 12:00;7.8;1.2
Lillehammer - Sætherengen;SN12680;26.10.2025 13:00;9.1;2.5
Lillehammer - Sætherengen;SN12680;26.10.2025 14:00;8.6;1.7
Lillehammer - Sætherengen;SN12680;26.10.2025 15:00;9.1;1.1
Lillehammer - Sætherengen;SN12680;26.10.2025 16:00;7.4;0.9
Lillehammer - Sætherengen;SN12680;26.10.2025 17:00;7.5;1.9
Lillehammer - Sætherengen;SN12680;26.10.2025 18:00;7.4;1.3
Lillehammer - Sætherengen;SN12680;26.10.2025 19:00;6.7;0.8
Lillehammer - Sætherengen;SN12680;26.10.2025 20:00;6.8;0.9
Lillehammer - Sætherengen;SN12680;26.10.2025 21:00;6.4;0.5
Lillehammer - Sætherengen;SN12680;26.10.2025 22:00;6.3;0.5
Lillehammer - Sætherengen;SN12680;26.10.2025 23:00;6.1;0.5
Lillehammer - Sætherengen;SN12680;27.10.2025 00:00;5.8;0.4
Lillehammer - Sætherengen;SN12680;27.10.2025 01:00;5.7;1.2
Lillehammer - Sætherengen;SN12680;27.10.2025 02:00;5.4;0
Lillehammer - Sætherengen;SN12680;27.10.2025 03:00;5.5;0.7
Lillehammer - Sætherengen;SN12680;27.10.2025 04:00;5.4;0.6
Lillehammer - Sætherengen;SN12680;27.10.2025 05:00;4.9;0.9
Lillehammer - Sætherengen;SN12680;27.10.2025 06:00;3.9;0
Lillehammer - Sætherengen;SN12680;27.10.2025 07:00;4.6;0.7
Lillehammer - Sætherengen;SN12680;27.10.2025 08:00;4.8;1.6
Lillehammer - Sætherengen;SN12680;27.10.2025 09:00;5.1;2.1
Lillehammer - Sætherengen;SN12680;27.10.2025 10:00;5.7;2.1
Lillehammer - Sætherengen;SN12680;27.10.2025 11:00;6.3;1.8
Lillehammer - Sætherengen;SN12680;27.10.2025 12:00;6.6;1.4
Lillehammer - Sætherengen;SN12680;27.10.2025 13:00;7.5;1.4
Lillehammer - Sætherengen;SN12680;27.10.2025 14:00;7;1.6
Lillehammer - Sætherengen;SN12680;27.10.2025 15:00;6.7;1.6
Lillehammer - Sætherengen;SN12680;27.10.2025 16:00;6;1.2
Lillehammer - Sætherengen;SN12680;27.10.2025 17:00;5.5;0.5
Lillehammer - Sætherengen;SN12680;27.10.2025 18:00;5.4;0.6
Lillehammer - Sætherengen;SN12680;27.10.2025 19:00;5.6;1.3
Lillehammer - Sætherengen;SN12680;27.10.2025 20:00;4.6;0.9
Lillehammer - Sætherengen;SN12680;27.10.2025 21:00;4.1;0.9
Lillehammer - Sætherengen;SN12680;27.10.2025 22:00;3.7;0.9
Lillehammer - Sætherengen;SN12680;27.10.2025 23:00;3.4;1.3
Lillehammer - Sætherengen;SN12680;28.10.2025 00:00;2.5;1.8
Lillehammer - Sætherengen;SN12680;28.10.2025 01:00;1.7;1.1
Lillehammer - Sætherengen;SN12680;28.10.2025 02:00;1;0.8
Lillehammer - Sætherengen;SN12680;28.10.2025 03:00;1.4;1.4
Lillehammer - Sætherengen;SN12680;28.10.2025 04:00;1;1.4
Lillehammer - Sætherengen;SN12680;28.10.2025 05:00;0.8;2.6
Lillehammer - Sætherengen;SN12680;28.10.2025 06:00;0.7;1.4
Lillehammer - Sætherengen;SN12680;28.10.2025 07:00;0.6;1.7
Lillehammer - Sætherengen;SN12680;28.10.2025 08:00;0.4;2.4
Lillehammer - Sætherengen;SN12680;28.10.2025 09:00;0.4;1.5
Lillehammer - Sætherengen;SN12680;28.10.2025 10:00;0.6;1.7
Lillehammer - Sætherengen;SN12680;28.10.2025 11:00;2.6;1.7
Lillehammer - Sætherengen;SN12680;28.10.2025 12:00;3.4;1.7
Lillehammer - Sætherengen;SN12680;28.10.2025 13:00;4;2.7
Lillehammer - Sætherengen;SN12680;28.10.2025 14:00;4.2;2.2
Lillehammer - Sætherengen;SN12680;28.10.2025 15:00;4;1.6
Lillehammer - Sætherengen;SN12680;28.10.2025 16:00;3.8;2.1
Lillehammer - Sætherengen;SN12680;28.10.2025 17:00;3.4;1.6
Lillehammer - Sætherengen;SN12680;28.10.2025 18:00;3.1;1.8
Lillehammer - Sætherengen;SN12680;28.10.2025 19:00;3.2;1.4
Lillehammer - Sætherengen;SN12680;28.10.2025 20:00;2.9;1.1
Lillehammer - Sætherengen;SN12680;28.10.2025 21:00;2.6;1.2
Lillehammer - Sætherengen;SN12680;28.10.2025 22:00;1.7;1.2
Lillehammer - Sætherengen;SN12680;28.10.2025 23:00;1;1.4
Lillehammer - Sætherengen;SN12680;29.10.2025 00:00;1.1;2
Lillehammer - Sætherengen;SN12680;29.10.2025 01:00;0.9;1.6
Lillehammer - Sætherengen;SN12680;29.10.2025 02:00;0.7;1.9
Lillehammer - Sætherengen;SN12680;29.10.2025 03:00;0.4;2
Lillehammer - Sætherengen;SN12680;29.10.2025 04:00;0.2;2.4
Lillehammer - Sætherengen;SN12680;29.10.2025 05:00;-0.2;2.1
Lillehammer - Sætherengen;SN12680;29.10.2025 06:00;-0.4;1.7
Lillehammer - Sætherengen;SN12680;29.10.2025 07:00;-0.5;1.7
Lillehammer - Sætherengen;SN12680;29.10.2025 08:00;-0.6;1.6
Lillehammer - Sætherengen;SN12680;29.10.2025 09:00;-0.6;1.8
Lillehammer - Sætherengen;SN12680;29.10.2025 10:00;-0.1;1.9
Lillehammer - Sætherengen;SN12680;29.10.2025 11:00;0.4;2
Lillehammer - Sætherengen;SN12680;29.10.2025 12:00;0.7;2.5
Lillehammer - Sætherengen;SN12680;29.10.2025 13:00;1.6;1.8
Lillehammer - Sætherengen;SN12680;29.10.2025 14:00;1.9;1.1
Lillehammer - Sætherengen;SN12680;29.10.2025 15:00;2.7;1.2
Lillehammer - Sætherengen;SN12680;29.10.2025 16:00;2;1
Lillehammer - Sætherengen;SN12680;29.10.2025 17:00;1.2;0.6
Lillehammer - Sætherengen;SN12680;29.10.2025 18:00;1.4;0.9
Lillehammer - Sætherengen;SN12680;29.10.2025 19:00;1.5;1.1
Lillehammer - Sætherengen;SN12680;29.10.2025 20:00;1.5;0.8
Lillehammer - Sætherengen;SN12680;29.10.2025 21:00;1.4;1
Lillehammer - Sætherengen;SN12680;29.10.2025 22:00;1.3;0.9
Lillehammer - Sætherengen;SN12680;29.10.2025 23:00;1.5;0.9
Lillehammer - Sætherengen;SN12680;30.10.2025 00:00;1.4;1.1
Lillehammer - Sætherengen;SN12680;30.10.2025 01:00;1.4;0.8
Lillehammer - Sætherengen;SN12680;30.10.2025 02:00;1.4;0.7
Lillehammer - Sætherengen;SN12680;30.10.2025 03:00;1.5;1.9
Lillehammer - Sætherengen;SN12680;30.10.2025 04:00;1.6;1.3
Lillehammer - Sætherengen;SN12680;30.10.2025 05:00;1.8;1.3
Lillehammer - Sætherengen;SN12680;30.10.2025 06:00;1.6;1.8
Lillehammer - Sætherengen;SN12680;30.10.2025 07:00;1.6;1.1
Lillehammer - Sætherengen;SN12680;30.10.2025 08:00;1.5;1.4
Lillehammer - Sætherengen;SN12680;30.10.2025 09:00;1.5;1.2
Lillehammer - Sætherengen;SN12680;30.10.2025 10:00;2;1.4
Lillehammer - Sætherengen;SN12680;30.10.2025 11:00;2.7;2.2
Lillehammer - Sætherengen;SN12680;30.10.2025 12:00;3;2.8
Lillehammer - Sætherengen;SN12680;30.10.2025 13:00;3.7;2.3
Lillehammer - Sætherengen;SN12680;30.10.2025 14:00;3.2;1.4
Lillehammer - Sætherengen;SN12680;30.10.2025 15:00;3.9;1.6
Lillehammer - Sætherengen;SN12680;30.10.2025 16:00;2.2;1
Lillehammer - Sætherengen;SN12680;30.10.2025 17:00;1.5;1
Lillehammer - Sætherengen;SN12680;30.10.2025 18:00;1.2;1.3
Lillehammer - Sætherengen;SN12680;30.10.2025 19:00;1.1;2
Lillehammer - Sætherengen;SN12680;30.10.2025 20:00;1;1.3
Lillehammer - Sætherengen;SN12680;30.10.2025 21:00;1;1.5
Lillehammer - Sætherengen;SN12680;30.10.2025 22:00;0.4;0.5
Lillehammer - Sætherengen;SN12680;30.10.2025 23:00;0.5;1.4
Lillehammer - Sætherengen;SN12680;31.10.2025 00:00;-0.3;0.8
Lillehammer - Sætherengen;SN12680;31.10.2025 01:00;-0.5;1.9
Lillehammer - Sætherengen;SN12680;31.10.2025 02:00;-0.3;2.2
Lillehammer - Sætherengen;SN12680;31.10.2025 03:00;-0.7;1.6
Lillehammer - Sætherengen;SN12680;31.10.2025 04:00;-1.2;1.7
Lillehammer - Sætherengen;SN12680;31.10.2025 05:00;-1.3;2
Lillehammer - Sætherengen;SN12680;31.10.2025 06:00;-2;1.9
Lillehammer - Sætherengen;SN12680;31.10.2025 07:00;-1.6;3
Lillehammer - Sætherengen;SN12680;31.10.2025 08:00;-2;2
Lillehammer - Sætherengen;SN12680;31.10.2025 09:00;-1.8;2
Lillehammer - Sætherengen;SN12680;31.10.2025 10:00;-1.2;1.5
Lillehammer - Sætherengen;SN12680;31.10.2025 11:00;-1.1;1.1
Lillehammer - Sætherengen;SN12680;31.10.2025 12:00;0;1.6
Lillehammer - Sætherengen;SN12680;31.10.2025 13:00;0.2;0.7
Lillehammer - Sætherengen;SN12680;31.10.2025 14:00;0.5;1
Lillehammer - Sætherengen;SN12680;31.10.2025 15:00;0.4;0.5
Lillehammer - Sætherengen;SN12680;31.10.2025 16:00;0.6;0.5
Lillehammer - Sætherengen;SN12680;31.10.2025 17:00;0.2;1.4
Lillehammer - Sætherengen;SN12680;31.10.2025 18:00;0.4;1.3
Lillehammer - Sætherengen;SN12680;31.10.2025 19:00;0.5;0.6
Lillehammer - Sætherengen;SN12680;31.10.2025 20:00;0.7;0.6
Lillehammer - Sætherengen;SN12680;31.10.2025 21:00;0;0.5
Lillehammer - Sætherengen;SN12680;31.10.2025 22:00;0.9;0.6
Lillehammer - Sætherengen;SN12680;31.10.2025 23:00;1;0.9
Lillehammer - Sætherengen;SN12680;01.11.2025 00:00;1;0.8
Lillehammer - Sætherengen;SN12680;01.11.2025 01:00;1.4;2.4
Lillehammer - Sætherengen;SN12680;01.11.2025 02:00;1.4;1.6
Lillehammer - Sætherengen;SN12680;01.11.2025 03:00;1;2.3
Lillehammer - Sætherengen;SN12680;01.11.2025 04:00;1;1.7
Lillehammer - Sætherengen;SN12680;01.11.2025 05:00;1;1.2
Lillehammer - Sætherengen;SN12680;01.11.2025 06:00;0.8;1
Lillehammer - Sætherengen;SN12680;01.11.2025 07:00;0.9;0.4
Lillehammer - Sætherengen;SN12680;01.11.2025 08:00;0.9;0.7
Lillehammer - Sætherengen;SN12680;01.11.2025 09:00;0.8;0.7
Lillehammer - Sætherengen;SN12680;01.11.2025 10:00;1.1;0.7
Lillehammer - Sætherengen;SN12680;01.11.2025 11:00;2;1.4
Lillehammer - Sætherengen;SN12680;01.11.2025 12:00;2.5;1.2
Lillehammer - Sætherengen;SN12680;01.11.2025 13:00;2.9;1.4
Lillehammer - Sætherengen;SN12680;01.11.2025 14:00;3.2;1.5
Lillehammer - Sætherengen;SN12680;01.11.2025 15:00;3.7;1.8
Lillehammer - Sætherengen;SN12680;01.11.2025 16:00;3.9;2.1
Lillehammer - Sætherengen;SN12680;01.11.2025 17:00;4.6;2.6
Lillehammer - Sætherengen;SN12680;01.11.2025 18:00;4.9;3.3
Lillehammer - Sætherengen;SN12680;01.11.2025 19:00;5.3;2.5
Lillehammer - Sætherengen;SN12680;01.11.2025 20:00;5.8;2.4
Lillehammer - Sætherengen;SN12680;01.11.2025 21:00;5.8;2.6
Lillehammer - Sætherengen;SN12680;01.11.2025 22:00;5.8;2.4
Lillehammer - Sætherengen;SN12680;01.11.2025 23:00;5.6;1.5
Lillehammer - Sætherengen;SN12680;02.11.2025 00:00;6.4;2.7
Lillehammer - Sætherengen;SN12680;02.11.2025 01:00;6.7;2.1
Lillehammer - Sætherengen;SN12680;02.11.2025 02:00;7.5;2.8
Lillehammer - Sætherengen;SN12680;02.11.2025 03:00;7.8;3.2
Lillehammer - Sætherengen;SN12680;02.11.2025 04:00;8;3.3
Lillehammer - Sætherengen;SN12680;02.11.2025 05:00;7.8;2.8
Lillehammer - Sætherengen;SN12680;02.11.2025 06:00;6.9;1.4
Lillehammer - Sætherengen;SN12680;02.11.2025 07:00;7.6;2.8
Lillehammer - Sætherengen;SN12680;02.11.2025 08:00;7.4;2.6
Lillehammer - Sætherengen;SN12680;02.11.2025 09:00;7.4;2.6
Lillehammer - Sætherengen;SN12680;02.11.2025 10:00;7;0.8
Lillehammer - Sætherengen;SN12680;02.11.2025 11:00;7.7;1.3
Lillehammer - Sætherengen;SN12680;02.11.2025 12:00;8.4;2.4
Lillehammer - Sætherengen;SN12680;02.11.2025 13:00;8.1;2.5
Lillehammer - Sætherengen;SN12680;02.11.2025 14:00;8;3
Lillehammer - Sætherengen;SN12680;02.11.2025 15:00;7.4;3.2
Lillehammer - Sætherengen;SN12680;02.11.2025 16:00;7.1;3
Lillehammer - Sætherengen;SN12680;02.11.2025 17:00;7;3.3
Lillehammer - Sætherengen;SN12680;02.11.2025 18:00;5.1;1.1
Lillehammer - Sætherengen;SN12680;02.11.2025 19:00;5.6;1.4
Lillehammer - Sætherengen;SN12680;02.11.2025 20:00;5.1;2.4
Lillehammer - Sætherengen;SN12680;02.11.2025 21:00;4.2;2.1
Lillehammer - Sætherengen;SN12680;02.11.2025 22:00;3.9;0.8
Lillehammer - Sætherengen;SN12680;02.11.2025 23:00;4.2;1.6
Lillehammer - Sætherengen;SN12680;03.11.2025 00:00;4.2;1.7
Lillehammer - Sætherengen;SN12680;03.11.2025 01:00;3.8;1.1
Lillehammer - Sætherengen;SN12680;03.11.2025 02:00;4.2;1.2
Lillehammer - Sætherengen;SN12680;03.11.2025 03:00;4.2;1
Lillehammer - Sætherengen;SN12680;03.11.2025 04:00;4.6;1.8
Lillehammer - Sætherengen;SN12680;03.11.2025 05:00;4.6;2.3
Lillehammer - Sætherengen;SN12680;03.11.2025 06:00;4.6;1.1
Lillehammer - Sætherengen;SN12680;03.11.2025 07:00;4.8;1.1
Lillehammer - Sætherengen;SN12680;03.11.2025 08:00;4.1;0.4
Lillehammer - Sætherengen;SN12680;03.11.2025 09:00;4.6;0.8
Lillehammer - Sætherengen;SN12680;03.11.2025 10:00;5;0.9
Lillehammer - Sætherengen;SN12680;03.11.2025 11:00;5.6;2
Lillehammer - Sætherengen;SN12680;03.11.2025 12:00;6.5;1.5
Lillehammer - Sætherengen;SN12680;03.11.2025 13:00;6.5;2.1
Lillehammer - Sætherengen;SN12680;03.11.2025 14:00;6.6;3
Lillehammer - Sætherengen;SN12680;03.11.2025 15:00;6.3;2.9
Lillehammer - Sætherengen;SN12680;03.11.2025 16:00;6.1;2.6
Lillehammer - Sætherengen;SN12680;03.11.2025 17:00;5.9;1.8
Lillehammer - Sætherengen;SN12680;03.11.2025 18:00;6;2.2
Lillehammer - Sætherengen;SN12680;03.11.2025 19:00;6.5;2.7
Lillehammer - Sætherengen;SN12680;03.11.2025 20:00;6.4;3.6
Lillehammer - Sætherengen;SN12680;03.11.2025 21:00;5.9;3.3
Lillehammer - Sætherengen;SN12680;03.11.2025 22:00;6;3.3
Lillehammer - Sætherengen;SN12680;03.11.2025 23:00;6.2;3.6
Lillehammer - Sætherengen;SN12680;04.11.2025 00:00;6.3;2.5
Lillehammer - Sætherengen;SN12680;04.11.2025 01:00;6.7;1.8
Lillehammer - Sætherengen;SN12680;04.11.2025 02:00;6.9;2.6
Lillehammer - Sætherengen;SN12680;04.11.2025 03:00;7;2.7
Lillehammer - Sætherengen;SN12680;04.11.2025 04:00;7.3;2.8
Lillehammer - Sætherengen;SN12680;04.11.2025 05:00;7.4;2.4
Lillehammer - Sætherengen;SN12680;04.11.2025 06:00;7.7;1.8
Lillehammer - Sætherengen;SN12680;04.11.2025 07:00;7.3;0.9
Lillehammer - Sætherengen;SN12680;04.11.2025 08:00;7.8;1.2
Lillehammer - Sætherengen;SN12680;04.11.2025 09:00;9;2.1
Lillehammer - Sætherengen;SN12680;04.11.2025 10:00;10.3;3.6
Lillehammer - Sætherengen;SN12680;04.11.2025 11:00;10.8;3.8
Lillehammer - Sætherengen;SN12680;04.11.2025 12:00;10.2;1.3
Lillehammer - Sætherengen;SN12680;04.11.2025 13:00;10.9;1.7
Lillehammer - Sætherengen;SN12680;04.11.2025 14:00;11.8;2.7
Lillehammer - Sætherengen;SN12680;04.11.2025 15:00;12.3;3.3
Lillehammer - Sætherengen;SN12680;04.11.2025 16:00;12.4;3.2
Lillehammer - Sætherengen;SN12680;04.11.2025 17:00;12.5;4.3
Lillehammer - Sætherengen;SN12680;04.11.2025 18:00;12.6;4
Lillehammer - Sætherengen;SN12680;04.11.2025 19:00;11.9;3.5
Lillehammer - Sætherengen;SN12680;04.11.2025 20:00;11;3.2
Lillehammer - Sætherengen;SN12680;04.11.2025 21:00;10.5;2
Lillehammer - Sætherengen;SN12680;04.11.2025 22:00;9.8;2.2
Lillehammer - Sætherengen;SN12680;04.11.2025 23:00;8.9;0.6
Lillehammer - Sætherengen;SN12680;05.11.2025 00:00;6.9;0.8
Lillehammer - Sætherengen;SN12680;05.11.2025 01:00;7;1
Lillehammer - Sætherengen;SN12680;05.11.2025 02:00;7.2;0.7
Lillehammer - Sætherengen;SN12680;05.11.2025 03:00;7.4;1.9
Lillehammer - Sætherengen;SN12680;05.11.2025 04:00;6.2;1.1
Lillehammer - Sætherengen;SN12680;05.11.2025 05:00;6.6;0.5
Lillehammer - Sætherengen;SN12680;05.11.2025 06:00;6.8;0.7
Lillehammer - Sætherengen;SN12680;05.11.2025 07:00;8;1.1
Lillehammer - Sætherengen;SN12680;05.11.2025 08:00;7.2;1.8
Lillehammer - Sætherengen;SN12680;05.11.2025 09:00;7.3;0.6
Lillehammer - Sætherengen;SN12680;05.11.2025 10:00;7.9;1.3
Lillehammer - Sætherengen;SN12680;05.11.2025 11:00;11.2;2.3
Lillehammer - Sætherengen;SN12680;05.11.2025 12:00;12.1;2.9
Lillehammer - Sætherengen;SN12680;05.11.2025 13:00;11.5;2.2
Lillehammer - Sætherengen;SN12680;05.11.2025 14:00;11.7;1.5
Lillehammer - Sætherengen;SN12680;05.11.2025 15:00;11.6;1.5
Lillehammer - Sætherengen;SN12680;05.11.2025 16:00;11.6;2.1
Lillehammer - Sætherengen;SN12680;05.11.2025 17:00;10.6;2.2
Lillehammer - Sætherengen;SN12680;05.11.2025 18:00;9.7;1.2
Lillehammer - Sætherengen;SN12680;05.11.2025 19:00;7.9;0.9
Lillehammer - Sætherengen;SN12680;05.11.2025 20:00;7.3;1.2
Lillehammer - Sætherengen;SN12680;05.11.2025 21:00;7.3;0.8
Lillehammer - Sætherengen;SN12680;05.11.2025 22:00;6.8;1.3
Lillehammer - Sætherengen;SN12680;05.11.2025 23:00;6.5;2
Lillehammer - Sætherengen;SN12680;06.11.2025 00:00;6.8;1.7
Lillehammer - Sætherengen;SN12680;06.11.2025 01:00;7;1.6
Lillehammer - Sætherengen;SN12680;06.11.2025 02:00;6.5;1.7
Lillehammer - Sætherengen;SN12680;06.11.2025 03:00;5.5;0.8
Lillehammer - Sætherengen;SN12680;06.11.2025 04:00;6.2;1.4
Lillehammer - Sætherengen;SN12680;06.11.2025 05:00;5.6;0
Lillehammer - Sætherengen;SN12680;06.11.2025 06:00;5.5;0.4
Lillehammer - Sætherengen;SN12680;06.11.2025 07:00;5.8;2.2
Lillehammer - Sætherengen;SN12680;06.11.2025 08:00;5.3;1.4
Lillehammer - Sætherengen;SN12680;06.11.2025 09:00;5.4;1.3
Lillehammer - Sætherengen;SN12680;06.11.2025 10:00;5.9;0.5
Lillehammer - Sætherengen;SN12680;06.11.2025 11:00;5.9;1.1
Lillehammer - Sætherengen;SN12680;06.11.2025 12:00;6.4;1.8
Lillehammer - Sætherengen;SN12680;06.11.2025 13:00;6.6;1
Lillehammer - Sætherengen;SN12680;06.11.2025 14:00;6.4;1.5
Lillehammer - Sætherengen;SN12680;06.11.2025 15:00;6.7;1.6
Lillehammer - Sætherengen;SN12680;06.11.2025 16:00;6.9;0.8
Lillehammer - Sætherengen;SN12680;06.11.2025 17:00;6.9;0.5
Lillehammer - Sætherengen;SN12680;06.11.2025 18:00;6.4;0.4
Lillehammer - Sætherengen;SN12680;06.11.2025 19:00;6.7;1.7
Lillehammer - Sætherengen;SN12680;06.11.2025 20:00;6.5;0.5
Lillehammer - Sætherengen;SN12680;06.11.2025 21:00;6.7;1.4
Lillehammer - Sætherengen;SN12680;06.11.2025 22:00;6.9;0.5
Lillehammer - Sætherengen;SN12680;06.11.2025 23:00;7;0.7
Lillehammer - Sætherengen;SN12680;07.11.2025 00:00;6.6;1.3
Lillehammer - Sætherengen;SN12680;07.11.2025 01:00;6.8;0
Lillehammer - Sætherengen;SN12680;07.11.2025 02:00;6.8;0
Lillehammer - Sætherengen;SN12680;07.11.2025 03:00;6.4;1
Lillehammer - Sætherengen;SN12680;07.11.2025 04:00;6.8;0.8
Lillehammer - Sætherengen;SN12680;07.11.2025 05:00;6.4;0.9
Lillehammer - Sætherengen;SN12680;07.11.2025 06:00;6.8;0.5
Lillehammer - Sætherengen;SN12680;07.11.2025 07:00;6.9;0.5
Lillehammer - Sætherengen;SN12680;07.11.2025 08:00;6.7;1.1
Lillehammer - Sætherengen;SN12680;07.11.2025 09:00;7;1.4
Lillehammer - Sætherengen;SN12680;07.11.2025 10:00;7.9;0.6
Lillehammer - Sætherengen;SN12680;07.11.2025 11:00;7.4;1.1
Lillehammer - Sætherengen;SN12680;07.11.2025 12:00;7.7;1
Lillehammer - Sætherengen;SN12680;07.11.2025 13:00;7.8;0
Lillehammer - Sætherengen;SN12680;07.11.2025 14:00;8.1;0.6
Lillehammer - Sætherengen;SN12680;07.11.2025 15:00;7.7;0.5
Lillehammer - Sætherengen;SN12680;07.11.2025 16:00;8.2;0.5
Lillehammer - Sætherengen;SN12680;07.11.2025 17:00;8.3;0.7
Lillehammer - Sætherengen;SN12680;07.11.2025 18:00;7.8;0.5
Lillehammer - Sætherengen;SN12680;07.11.2025 19:00;8.3;0.8
Lillehammer - Sætherengen;SN12680;07.11.2025 20:00;7.6;0.6
Lillehammer - Sætherengen;SN12680;07.11.2025 21:00;7.6;0.5
Lillehammer - Sætherengen;SN12680;07.11.2025 22:00;7.5;1
Lillehammer - Sætherengen;SN12680;07.11.2025 23:00;7.7;0.6
Lillehammer - Sætherengen;SN12680;08.11.2025 00:00;7.5;0.6
Lillehammer - Sætherengen;SN12680;08.11.2025 01:00;7.6;0.5
Lillehammer - Sætherengen;SN12680;08.11.2025 02:00;7.4;0.5
Lillehammer - Sætherengen;SN12680;08.11.2025 03:00;7.5;0
Lillehammer - Sætherengen;SN12680;08.11.2025 04:00;7.3;0.5
Lillehammer - Sætherengen;SN12680;08.11.2025 05:00;6.9;1.9
Lillehammer - Sætherengen;SN12680;08.11.2025 06:00;6.8;1.5
Lillehammer - Sætherengen;SN12680;08.11.2025 07:00;6.4;1.3
Lillehammer - Sætherengen;SN12680;08.11.2025 08:00;6.3;1.1
Lillehammer - Sætherengen;SN12680;08.11.2025 09:00;6.1;1.5
Lillehammer - Sætherengen;SN12680;08.11.2025 10:00;5.8;1.6
Lillehammer - Sætherengen;SN12680;08.11.2025 11:00;5.8;1.6
Lillehammer - Sætherengen;SN12680;08.11.2025 12:00;5.8;1.6
Lillehammer - Sætherengen;SN12680;08.11.2025 13:00;6;1.4
Lillehammer - Sætherengen;SN12680;08.11.2025 14:00;6.2;1.4
Lillehammer - Sætherengen;SN12680;08.11.2025 15:00;6;1
Lillehammer - Sætherengen;SN12680;08.11.2025 16:00;5.9;1.3
Lillehammer - Sætherengen;SN12680;08.11.2025 17:00;5.7;1.7
Lillehammer - Sætherengen;SN12680;08.11.2025 18:00;5.5;1.4
Lillehammer - Sætherengen;SN12680;08.11.2025 19:00;5.3;1.4
Lillehammer - Sætherengen;SN12680;08.11.2025 20:00;5.2;0.9
Lillehammer - Sætherengen;SN12680;08.11.2025 21:00;5.1;1.2
Lillehammer - Sætherengen;SN12680;08.11.2025 22:00;4.8;1.3
Lillehammer - Sætherengen;SN12680;08.11.2025 23:00;4.5;0.7
Lillehammer - Sætherengen;SN12680;09.11.2025 00:00;4.5;0.5
Lillehammer - Sætherengen;SN12680;09.11.2025 01:00;4.2;1
Lillehammer - Sætherengen;SN12680;09.11.2025 02:00;3.9;1.9
Lillehammer - Sætherengen;SN12680;09.11.2025 03:00;3.7;2.2
Lillehammer - Sætherengen;SN12680;09.11.2025 04:00;3.5;2.2
Lillehammer - Sætherengen;SN12680;09.11.2025 05:00;3.3;2.5
Lillehammer - Sætherengen;SN12680;09.11.2025 06:00;3.2;1.9
Lillehammer - Sætherengen;SN12680;09.11.2025 07:00;3.1;2.4
Lillehammer - Sætherengen;SN12680;09.11.2025 08:00;2.9;2.1
Lillehammer - Sætherengen;SN12680;09.11.2025 09:00;2.9;1.9
Lillehammer - Sætherengen;SN12680;09.11.2025 10:00;3;1.7
Lillehammer - Sætherengen;SN12680;09.11.2025 11:00;3.2;1.9
Lillehammer - Sætherengen;SN12680;09.11.2025 12:00;3.3;2.4
Lillehammer - Sætherengen;SN12680;09.11.2025 13:00;3.4;2.1
Lillehammer - Sætherengen;SN12680;09.11.2025 14:00;4.1;1.6
Lillehammer - Sætherengen;SN12680;09.11.2025 15:00;4.2;1.5
Lillehammer - Sætherengen;SN12680;09.11.2025 16:00;4.3;1.3
Lillehammer - Sætherengen;SN12680;09.11.2025 17:00;4;0.9
Lillehammer - Sætherengen;SN12680;09.11.2025 18:00;3.9;0
Lillehammer - Sætherengen;SN12680;09.11.2025 19:00;3.7;0.7
Lillehammer - Sætherengen;SN12680;09.11.2025 20:00;3.7;0.8
Lillehammer - Sætherengen;SN12680;09.11.2025 21:00;3.8;0
Lillehammer - Sætherengen;SN12680;09.11.2025 22:00;3.6;0.6
Lillehammer - Sætherengen;SN12680;09.11.2025 23:00;3.7;0.4
Lillehammer - Sætherengen;SN12680;10.11.2025 00:00;3.7;0.5
Lillehammer - Sætherengen;SN12680;10.11.2025 01:00;3.7;0
Lillehammer - Sætherengen;SN12680;10.11.2025 02:00;3.8;0.7
Lillehammer - Sætherengen;SN12680;10.11.2025 03:00;3.8;0
Lillehammer - Sætherengen;SN12680;10.11.2025 04:00;3.7;0
Lillehammer - Sætherengen;SN12680;10.11.2025 05:00;3.7;0.9
Lillehammer - Sætherengen;SN12680;10.11.2025 06:00;3.6;0.7
Lillehammer - Sætherengen;SN12680;10.11.2025 07:00;3.6;0
Lillehammer - Sætherengen;SN12680;10.11.2025 08:00;3.5;0.5
Lillehammer - Sætherengen;SN12680;10.11.2025 09:00;3.5;0.7
Lillehammer - Sætherengen;SN12680;10.11.2025 10:00;3.7;0.9
Lillehammer - Sætherengen;SN12680;10.11.2025 11:00;4;1
Lillehammer - Sætherengen;SN12680;10.11.2025 12:00;4;1.1
Lillehammer - Sætherengen;SN12680;10.11.2025 13:00;4.2;1.4
Lillehammer - Sætherengen;SN12680;10.11.2025 14:00;4.6;0.8
Lillehammer - Sætherengen;SN12680;10.11.2025 15:00;4.4;0.9
Lillehammer - Sætherengen;SN12680;10.11.2025 16:00;4.3;0.6
Lillehammer - Sætherengen;SN12680;10.11.2025 17:00;4.5;1.2
Lillehammer - Sætherengen;SN12680;10.11.2025 18:00;4.3;1.2
Lillehammer - Sætherengen;SN12680;10.11.2025 19:00;4.1;1.7
Lillehammer - Sætherengen;SN12680;10.11.2025 20:00;4.1;1
Lillehammer - Sætherengen;SN12680;10.11.2025 21:00;4.1;1.9
Lillehammer - Sætherengen;SN12680;10.11.2025 22:00;4.1;1.9
Lillehammer - Sætherengen;SN12680;10.11.2025 23:00;4.3;2.1
Lillehammer - Sætherengen;SN12680;11.11.2025 00:00;4.3;1.8
Lillehammer - Sætherengen;SN12680;11.11.2025 01:00;4.1;2.2
Lillehammer - Sætherengen;SN12680;11.11.2025 02:00;4.2;2
Lillehammer - Sætherengen;SN12680;11.11.2025 03:00;4.2;1.2
Lillehammer - Sætherengen;SN12680;11.11.2025 04:00;4;1.7
Lillehammer - Sætherengen;SN12680;11.11.2025 05:00;3.8;1.3
Lillehammer - Sætherengen;SN12680;11.11.2025 06:00;4;1.5
Lillehammer - Sætherengen;SN12680;11.11.2025 07:00;3.9;1.8
Lillehammer - Sætherengen;SN12680;11.11.2025 08:00;3.9;1.3
Lillehammer - Sætherengen;SN12680;11.11.2025 09:00;4;0.4
Lillehammer - Sætherengen;SN12680;11.11.2025 10:00;4;1.2
Lillehammer - Sætherengen;SN12680;11.11.2025 11:00;4.2;2
Lillehammer - Sætherengen;SN12680;11.11.2025 12:00;4.4;1.5
Lillehammer - Sætherengen;SN12680;11.11.2025 13:00;4.8;0.4
Lillehammer - Sætherengen;SN12680;11.11.2025 14:00;5.1;0.4
Lillehammer - Sætherengen;SN12680;11.11.2025 15:00;5.3;0.8
Lillehammer - Sætherengen;SN12680;11.11.2025 16:00;5.4;0.6
Lillehammer - Sætherengen;SN12680;11.11.2025 17:00;6.7;2.3
Lillehammer - Sætherengen;SN12680;11.11.2025 18:00;6.9;3.4
Lillehammer - Sætherengen;SN12680;11.11.2025 19:00;6.6;3.7
Lillehammer - Sætherengen;SN12680;11.11.2025 20:00;6.6;3.3
Lillehammer - Sætherengen;SN12680;11.11.2025 21:00;6.5;3.2
Lillehammer - Sætherengen;SN12680;11.11.2025 22:00;6.7;3.2
Lillehammer - Sætherengen;SN12680;11.11.2025 23:00;6.9;3.2
Lillehammer - Sætherengen;SN12680;12.11.2025 00:00;6.7;3.1
Lillehammer - Sætherengen;SN12680;12.11.2025 01:00;6.7;2.4
Lillehammer - Sætherengen;SN12680;12.11.2025 02:00;6.9;2.5
Lillehammer - Sætherengen;SN12680;12.11.2025 03:00;7.1;2.5
Lillehammer - Sætherengen;SN12680;12.11.2025 04:00;7;4
Lillehammer - Sætherengen;SN12680;12.11.2025 05:00;7;3.8
Lillehammer - Sætherengen;SN12680;12.11.2025 06:00;6.9;3.7
Lillehammer - Sætherengen;SN12680;12.11.2025 07:00;7.1;2.6
Lillehammer - Sætherengen;SN12680;12.11.2025 08:00;6.9;1.1
Lillehammer - Sætherengen;SN12680;12.11.2025 09:00;8.5;3.3
Lillehammer - Sætherengen;SN12680;12.11.2025 10:00;9.4;5.1
Lillehammer - Sætherengen;SN12680;12.11.2025 11:00;9.5;6.6
Lillehammer - Sætherengen;SN12680;12.11.2025 12:00;9.7;5.2
Lillehammer - Sætherengen;SN12680;12.11.2025 13:00;10;4.7
Lillehammer - Sætherengen;SN12680;12.11.2025 14:00;10.4;3.9
Lillehammer - Sætherengen;SN12680;12.11.2025 15:00;10.3;4.5
Lillehammer - Sætherengen;SN12680;12.11.2025 16:00;10.5;4.5
Lillehammer - Sætherengen;SN12680;12.11.2025 17:00;10.5;3.5
Lillehammer - Sætherengen;SN12680;12.11.2025 18:00;10.2;3.5
Lillehammer - Sætherengen;SN12680;12.11.2025 19:00;9.8;3.8
Lillehammer - Sætherengen;SN12680;12.11.2025 20:00;9.8;3.6
Lillehammer - Sætherengen;SN12680;12.11.2025 21:00;9.1;3.4
Lillehammer - Sætherengen;SN12680;12.11.2025 22:00;8.3;3.4
Lillehammer - Sætherengen;SN12680;12.11.2025 23:00;8;3
Lillehammer - Sætherengen;SN12680;13.11.2025 00:00;7.9;4.2
Lillehammer - Sætherengen;SN12680;13.11.2025 01:00;7.9;2.4
Lillehammer - Sætherengen;SN12680;13.11.2025 02:00;7.7;0.7
Lillehammer - Sætherengen;SN12680;13.11.2025 03:00;5.4;5.4
Lillehammer - Sætherengen;SN12680;13.11.2025 04:00;2.4;6.4
Lillehammer - Sætherengen;SN12680;13.11.2025 05:00;2.4;2.8
Lillehammer - Sætherengen;SN12680;13.11.2025 06:00;3;3.9
Lillehammer - Sætherengen;SN12680;13.11.2025 07:00;2.9;3.9
Lillehammer - Sætherengen;SN12680;13.11.2025 08:00;2.9;2.2
Lillehammer - Sætherengen;SN12680;13.11.2025 09:00;2.7;3.1
Lillehammer - Sætherengen;SN12680;13.11.2025 10:00;2.6;2.3
Lillehammer - Sætherengen;SN12680;13.11.2025 11:00;2.9;2.7
Lillehammer - Sætherengen;SN12680;13.11.2025 12:00;2.7;2.9
Lillehammer - Sætherengen;SN12680;13.11.2025 13:00;2.4;2.9
Lillehammer - Sætherengen;SN12680;13.11.2025 14:00;2.6;3.9
Lillehammer - Sætherengen;SN12680;13.11.2025 15:00;1.7;2.6
Lillehammer - Sætherengen;SN12680;13.11.2025 16:00;1;2.5
Lillehammer - Sætherengen;SN12680;13.11.2025 17:00;-0.5;1.6
Lillehammer - Sætherengen;SN12680;13.11.2025 18:00;-1;1.2
Lillehammer - Sætherengen;SN12680;13.11.2025 19:00;-1;2
Lillehammer - Sætherengen;SN12680;13.11.2025 20:00;-1.5;0.6
Lillehammer - Sætherengen;SN12680;13.11.2025 21:00;-1.8;1.2
Lillehammer - Sætherengen;SN12680;13.11.2025 22:00;-2.1;1.3
Lillehammer - Sætherengen;SN12680;13.11.2025 23:00;-2.1;1.5
Lillehammer - Sætherengen;SN12680;14.11.2025 00:00;-2.4;1.5
Lillehammer - Sætherengen;SN12680;14.11.2025 01:00;-2.6;1.8
Lillehammer - Sætherengen;SN12680;14.11.2025 02:00;-2.9;1.6
Lillehammer - Sætherengen;SN12680;14.11.2025 03:00;-2.6;2.2
Lillehammer - Sætherengen;SN12680;14.11.2025 04:00;-3.7;1.1
Lillehammer - Sætherengen;SN12680;14.11.2025 05:00;-4.1;0.5
Lillehammer - Sætherengen;SN12680;14.11.2025 06:00;-3.5;1.4
Lillehammer - Sætherengen;SN12680;14.11.2025 07:00;-3.9;0.8
Lillehammer - Sætherengen;SN12680;14.11.2025 08:00;-4;1.5
Lillehammer - Sætherengen;SN12680;14.11.2025 09:00;-3.5;1.3
Lillehammer - Sætherengen;SN12680;14.11.2025 10:00;-2.6;1.8
Lillehammer - Sætherengen;SN12680;14.11.2025 11:00;-1.9;1.9
Lillehammer - Sætherengen;SN12680;14.11.2025 12:00;-0.4;2.3
Lillehammer - Sætherengen;SN12680;14.11.2025 13:00;1.4;3.7
Lillehammer - Sætherengen;SN12680;14.11.2025 14:00;1.6;3.8
Lillehammer - Sætherengen;SN12680;14.11.2025 15:00;1.4;2.5
Lillehammer - Sætherengen;SN12680;14.11.2025 16:00;0.6;2.4
Lillehammer - Sætherengen;SN12680;14.11.2025 17:00;-0.9;0.7
Lillehammer - Sætherengen;SN12680;14.11.2025 18:00;-1;1.2
Lillehammer - Sætherengen;SN12680;14.11.2025 19:00;-1.2;0.8
Lillehammer - Sætherengen;SN12680;14.11.2025 20:00;-1.7;0.8
Lillehammer - Sætherengen;SN12680;14.11.2025 21:00;-1.9;0.7
Lillehammer - Sætherengen;SN12680;14.11.2025 22:00;-1.9;1.6
Lillehammer - Sætherengen;SN12680;14.11.2025 23:00;-2.9;0.9
Lillehammer - Sætherengen;SN12680;15.11.2025 00:00;-3;1.7
Lillehammer - Sætherengen;SN12680;15.11.2025 01:00;-2.9;1.4
Lillehammer - Sætherengen;SN12680;15.11.2025 02:00;-3.5;1.7
Lillehammer - Sætherengen;SN12680;15.11.2025 03:00;-3.3;2.1
Lillehammer - Sætherengen;SN12680;15.11.2025 04:00;-3.7;1.4
Lillehammer - Sætherengen;SN12680;15.11.2025 05:00;-4.8;1.5
Lillehammer - Sætherengen;SN12680;15.11.2025 06:00;-5.1;0.6
Lillehammer - Sætherengen;SN12680;15.11.2025 07:00;-4.7;0.8
Lillehammer - Sætherengen;SN12680;15.11.2025 08:00;-4.9;0.8
Lillehammer - Sætherengen;SN12680;15.11.2025 09:00;-4.6;0.7
Lillehammer - Sætherengen;SN12680;15.11.2025 10:00;-4;0
Lillehammer - Sætherengen;SN12680;15.11.2025 11:00;-3.2;0.7
Lillehammer - Sætherengen;SN12680;15.11.2025 12:00;-2.8;0.6
Lillehammer - Sætherengen;SN12680;15.11.2025 13:00;-2.5;2.4
Lillehammer - Sætherengen;SN12680;15.11.2025 14:00;-2.5;1
Lillehammer - Sætherengen;SN12680;15.11.2025 15:00;-2.6;1
Lillehammer - Sætherengen;SN12680;15.11.2025 16:00;-3.5;0.7
Lillehammer - Sætherengen;SN12680;15.11.2025 17:00;-4.3;0.8
Lillehammer - Sætherengen;SN12680;15.11.2025 18:00;-4.3;1.6
Lillehammer - Sætherengen;SN12680;15.11.2025 19:00;-5.3;0.4
Lillehammer - Sætherengen;SN12680;15.11.2025 20:00;-5.5;1
Lillehammer - Sætherengen;SN12680;15.11.2025 21:00;-5.8;0.8
Lillehammer - Sætherengen;SN12680;15.11.2025 22:00;-4.9;1.7
Lillehammer - Sætherengen;SN12680;15.11.2025 23:00;-4.6;1.6
Lillehammer - Sætherengen;SN12680;16.11.2025 00:00;-4.1;1.1
Lillehammer - Sætherengen;SN12680;16.11.2025 01:00;-4.2;1.4
Lillehammer - Sætherengen;SN12680;16.11.2025 02:00;-3.8;1.4
Lillehammer - Sætherengen;SN12680;16.11.2025 03:00;-4.3;1.4
Lillehammer - Sætherengen;SN12680;16.11.2025 04:00;-4.1;1.5
Lillehammer - Sætherengen;SN12680;16.11.2025 05:00;-4.4;1
Lillehammer - Sætherengen;SN12680;16.11.2025 06:00;-4.3;0.8
Lillehammer - Sætherengen;SN12680;16.11.2025 07:00;-4.9;0.5
Lillehammer - Sætherengen;SN12680;16.11.2025 08:00;-4.9;0.9
Lillehammer - Sætherengen;SN12680;16.11.2025 09:00;-4.4;1.2
Lillehammer - Sætherengen;SN12680;16.11.2025 10:00;-4.5;1.1
Lillehammer - Sætherengen;SN12680;16.11.2025 11:00;-2.8;1.8
Lillehammer - Sætherengen;SN12680;16.11.2025 12:00;-1.5;2
Lillehammer - Sætherengen;SN12680;16.11.2025 13:00;0;1.1
Lillehammer - Sætherengen;SN12680;16.11.2025 14:00;0.7;1
Lillehammer - Sætherengen;SN12680;16.11.2025 15:00;0.2;1.6
Lillehammer - Sætherengen;SN12680;16.11.2025 16:00;-1.1;1.1
Lillehammer - Sætherengen;SN12680;16.11.2025 17:00;-1.7;0.9
Lillehammer - Sætherengen;SN12680;16.11.2025 18:00;-3.1;1.3
Lillehammer - Sætherengen;SN12680;16.11.2025 19:00;-2.1;2.3
Lillehammer - Sætherengen;SN12680;16.11.2025 20:00;-2.7;1.7
Lillehammer - Sætherengen;SN12680;16.11.2025 21:00;-2.9;2.2
Lillehammer - Sætherengen;SN12680;16.11.2025 22:00;-2.6;2.1
Lillehammer - Sætherengen;SN12680;16.11.2025 23:00;-2.2;2.1
Lillehammer - Sætherengen;SN12680;17.11.2025 00:00;-1.8;2
Lillehammer - Sætherengen;SN12680;17.11.2025 01:00;-1.3;3.2
Lillehammer - Sætherengen;SN12680;17.11.2025 02:00;-1.7;1.8
Lillehammer - Sætherengen;SN12680;17.11.2025 03:00;-1.7;2
Lillehammer - Sætherengen;SN12680;17.11.2025 04:00;-1.2;2.7
Lillehammer - Sætherengen;SN12680;17.11.2025 05:00;-1.4;3.2
Lillehammer - Sætherengen;SN12680;17.11.2025 06:00;-1.5;3.1
Lillehammer - Sætherengen;SN12680;17.11.2025 07:00;-2.1;1.6
Lillehammer - Sætherengen;SN12680;17.11.2025 08:00;-1.8;2.2
Lillehammer - Sætherengen;SN12680;17.11.2025 09:00;-1.3;1.4
Lillehammer - Sætherengen;SN12680;17.11.2025 10:00;-0.6;1
Lillehammer - Sætherengen;SN12680;17.11.2025 11:00;0.2;0.8
Lillehammer - Sætherengen;SN12680;17.11.2025 12:00;0.5;1.1
Lillehammer - Sætherengen;SN12680;17.11.2025 13:00;0.4;1
Lillehammer - Sætherengen;SN12680;17.11.2025 14:00;0.5;1.1
Lillehammer - Sætherengen;SN12680;17.11.2025 15:00;-0.3;1.2
Lillehammer - Sætherengen;SN12680;17.11.2025 16:00;-1.1;1.7
Lillehammer - Sætherengen;SN12680;17.11.2025 17:00;-2;1.2
Lillehammer - Sætherengen;SN12680;17.11.2025 18:00;-0.8;1.5
Lillehammer - Sætherengen;SN12680;17.11.2025 19:00;-2.2;0.7
Lillehammer - Sætherengen;SN12680;17.11.2025 20:00;-2.1;1.1
Lillehammer - Sætherengen;SN12680;17.11.2025 21:00;-2.4;1.7
Lillehammer - Sætherengen;SN12680;17.11.2025 22:00;-1.2;2.2
Lillehammer - Sætherengen;SN12680;17.11.2025 23:00;-1.8;2.3
Lillehammer - Sætherengen;SN12680;18.11.2025 00:00;-1.2;2.1
Lillehammer - Sætherengen;SN12680;18.11.2025 01:00;-1.6;0.9
Lillehammer - Sætherengen;SN12680;18.11.2025 02:00;-2.2;1.5
Lillehammer - Sætherengen;SN12680;18.11.2025 03:00;-2.7;0.8
Lillehammer - Sætherengen;SN12680;18.11.2025 04:00;-2.1;1.9
Lillehammer - Sætherengen;SN12680;18.11.2025 05:00;-1.6;2.5
Lillehammer - Sætherengen;SN12680;18.11.2025 06:00;-2.3;1.5
Lillehammer - Sætherengen;SN12680;18.11.2025 07:00;-3.1;1.3
Lillehammer - Sætherengen;SN12680;18.11.2025 08:00;-3.1;0.8
Lillehammer - Sætherengen;SN12680;18.11.2025 09:00;-2.3;1.7
Lillehammer - Sætherengen;SN12680;18.11.2025 10:00;-2.4;1
Lillehammer - Sætherengen;SN12680;18.11.2025 11:00;-1.9;0.7
Lillehammer - Sætherengen;SN12680;18.11.2025 12:00;-1.2;1
Lillehammer - Sætherengen;SN12680;18.11.2025 13:00;-1;1.2
Lillehammer - Sætherengen;SN12680;18.11.2025 14:00;-0.7;1.4
Lillehammer - Sætherengen;SN12680;18.11.2025 15:00;-0.6;2.1
Lillehammer - Sætherengen;SN12680;18.11.2025 16:00;-0.5;1.8
Lillehammer - Sætherengen;SN12680;18.11.2025 17:00;-1;0.8
Lillehammer - Sætherengen;SN12680;18.11.2025 18:00;-0.9;1.1
Lillehammer - Sætherengen;SN12680;18.11.2025 19:00;-1.3;0.4
Lillehammer - Sætherengen;SN12680;18.11.2025 20:00;-1.5;1.1
Lillehammer - Sætherengen;SN12680;18.11.2025 21:00;-1.9;0.8
Lillehammer - Sætherengen;SN12680;18.11.2025 22:00;-2.4;1
Lillehammer - Sætherengen;SN12680;18.11.2025 23:00;-3.4;0.7
Lillehammer - Sætherengen;SN12680;19.11.2025 00:00;-3.3;2.1
Lillehammer - Sætherengen;SN12680;19.11.2025 01:00;-4.1;1.7
Lillehammer - Sætherengen;SN12680;19.11.2025 02:00;-4.6;2.6
Lillehammer - Sætherengen;SN12680;19.11.2025 03:00;-5;3
Lillehammer - Sætherengen;SN12680;19.11.2025 04:00;-5.5;1.9
Lillehammer - Sætherengen;SN12680;19.11.2025 05:00;-6.5;0.6
Lillehammer - Sætherengen;SN12680;19.11.2025 06:00;-6.4;1.4
Lillehammer - Sætherengen;SN12680;19.11.2025 07:00;-6.8;2.4
Lillehammer - Sætherengen;SN12680;19.11.2025 08:00;-7.6;1.2
Lillehammer - Sætherengen;SN12680;19.11.2025 09:00;-7.8;1.8
Lillehammer - Sætherengen;SN12680;19.11.2025 10:00;-7.8;1.9
Lillehammer - Sætherengen;SN12680;19.11.2025 11:00;-6.9;1.8
Lillehammer - Sætherengen;SN12680;19.11.2025 12:00;-6;2.4
Lillehammer - Sætherengen;SN12680;19.11.2025 13:00;-5.6;2.6
Lillehammer - Sætherengen;SN12680;19.11.2025 14:00;-5.3;2.9
Lillehammer - Sætherengen;SN12680;19.11.2025 15:00;-5.9;2.1
Lillehammer - Sætherengen;SN12680;19.11.2025 16:00;-6.8;2.1
Lillehammer - Sætherengen;SN12680;19.11.2025 17:00;-7.7;1.5
Lillehammer - Sætherengen;SN12680;19.11.2025 18:00;-7.9;1.9
Lillehammer - Sætherengen;SN12680;19.11.2025 19:00;-8.2;1.6
Lillehammer - Sætherengen;SN12680;19.11.2025 20:00;-8.4;1.4
Lillehammer - Sætherengen;SN12680;19.11.2025 21:00;-8.2;2.5
Lillehammer - Sætherengen;SN12680;19.11.2025 22:00;-8.6;3.2
Lillehammer - Sætherengen;SN12680;19.11.2025 23:00;-9;2.5
Lillehammer - Sætherengen;SN12680;20.11.2025 00:00;-9.3;2.3
Lillehammer - Sætherengen;SN12680;20.11.2025 01:00;-9.3;3
Lillehammer - Sætherengen;SN12680;20.11.2025 02:00;-9.3;2.7
Lillehammer - Sætherengen;SN12680;20.11.2025 03:00;-9.2;2.9
Lillehammer - Sætherengen;SN12680;20.11.2025 04:00;-9.1;2.5
Lillehammer - Sætherengen;SN12680;20.11.2025 05:00;-9.6;1.4
Lillehammer - Sætherengen;SN12680;20.11.2025 06:00;-9.7;1.7
Lillehammer - Sætherengen;SN12680;20.11.2025 07:00;-10.2;2.1
Lillehammer - Sætherengen;SN12680;20.11.2025 08:00;-10.2;2.1
Lillehammer - Sætherengen;SN12680;20.11.2025 09:00;-9.8;2.6
Lillehammer - Sætherengen;SN12680;20.11.2025 10:00;-9.5;3.6
Lillehammer - Sætherengen;SN12680;20.11.2025 11:00;-8.6;3.3
Lillehammer - Sætherengen;SN12680;20.11.2025 12:00;-7.7;3.3
Lillehammer - Sætherengen;SN12680;20.11.2025 13:00;-7.4;4
Lillehammer - Sætherengen;SN12680;20.11.2025 14:00;-6.9;2.9
Lillehammer - Sætherengen;SN12680;20.11.2025 15:00;-7.6;2.5
Lillehammer - Sætherengen;SN12680;20.11.2025 16:00;-8.3;2
Lillehammer - Sætherengen;SN12680;20.11.2025 17:00;-8.7;3.1
Lillehammer - Sætherengen;SN12680;20.11.2025 18:00;-9.2;1.7
Lillehammer - Sætherengen;SN12680;20.11.2025 19:00;-9.1;2.1
Lillehammer - Sætherengen;SN12680;20.11.2025 20:00;-8.9;1.7
Lillehammer - Sætherengen;SN12680;20.11.2025 21:00;-9;1.9
Lillehammer - Sætherengen;SN12680;20.11.2025 22:00;-8.5;2.8
Lillehammer - Sætherengen;SN12680;20.11.2025 23:00;-7.9;2.9
Lillehammer - Sætherengen;SN12680;21.11.2025 00:00;-7.3;3
Lillehammer - Sætherengen;SN12680;21.11.2025 01:00;-8.2;2.6
Lillehammer - Sætherengen;SN12680;21.11.2025 02:00;-7.7;2.9
Lillehammer - Sætherengen;SN12680;21.11.2025 03:00;-8;2.2
Lillehammer - Sætherengen;SN12680;21.11.2025 04:00;-7.7;2.2
Lillehammer - Sætherengen;SN12680;21.11.2025 05:00;-8.4;1.6
Lillehammer - Sætherengen;SN12680;21.11.2025 06:00;-8;2.2
Lillehammer - Sætherengen;SN12680;21.11.2025 07:00;-8.9;0.6
Lillehammer - Sætherengen;SN12680;21.11.2025 08:00;-8.4;1.4
Lillehammer - Sætherengen;SN12680;21.11.2025 09:00;-8.3;1.6
Lillehammer - Sætherengen;SN12680;21.11.2025 10:00;-7.4;1.9
Lillehammer - Sætherengen;SN12680;21.11.2025 11:00;-7;1.6
Lillehammer - Sætherengen;SN12680;21.11.2025 12:00;-6.8;1.7
Lillehammer - Sætherengen;SN12680;21.11.2025 13:00;-6.4;1.5
Lillehammer - Sætherengen;SN12680;21.11.2025 14:00;-6.3;0.7
Lillehammer - Sætherengen;SN12680;21.11.2025 15:00;-6.2;1.1
Lillehammer - Sætherengen;SN12680;21.11.2025 16:00;-5.8;1.7
Lillehammer - Sætherengen;SN12680;21.11.2025 17:00;-6.2;0.5
Lillehammer - Sætherengen;SN12680;21.11.2025 18:00;-6.1;0.4
Lillehammer - Sætherengen;SN12680;21.11.2025 19:00;-6.1;0.5
Lillehammer - Sætherengen;SN12680;21.11.2025 20:00;-5.8;0.5
Lillehammer - Sætherengen;SN12680;21.11.2025 21:00;-4.8;1.3
Lillehammer - Sætherengen;SN12680;21.11.2025 22:00;-4.8;1
Lillehammer - Sætherengen;SN12680;21.11.2025 23:00;-5.4;0.6
Lillehammer - Sætherengen;SN12680;22.11.2025 00:00;-4.4;1.3
Lillehammer - Sætherengen;SN12680;22.11.2025 01:00;-4.3;0.9
Lillehammer - Sætherengen;SN12680;22.11.2025 02:00;-3.9;1
Lillehammer - Sætherengen;SN12680;22.11.2025 03:00;-3.4;1.3
Lillehammer - Sætherengen;SN12680;22.11.2025 04:00;-3.2;1
Lillehammer - Sætherengen;SN12680;22.11.2025 05:00;-3.2;1.4
Lillehammer - Sætherengen;SN12680;22.11.2025 06:00;-3.1;0.8
Lillehammer - Sætherengen;SN12680;22.11.2025 07:00;-2.7;1.4
Lillehammer - Sætherengen;SN12680;22.11.2025 08:00;-2.6;0.7
Lillehammer - Sætherengen;SN12680;22.11.2025 09:00;-2.7;0.8
Lillehammer - Sætherengen;SN12680;22.11.2025 10:00;-2.4;0.6
Lillehammer - Sætherengen;SN12680;22.11.2025 11:00;-1.1;1
Lillehammer - Sætherengen;SN12680;22.11.2025 12:00;-1.1;0.9
Lillehammer - Sætherengen;SN12680;22.11.2025 13:00;-1.6;0.6
Lillehammer - Sætherengen;SN12680;22.11.2025 14:00;-1.4;0.5
Lillehammer - Sætherengen;SN12680;22.11.2025 15:00;-2;0.7
Lillehammer - Sætherengen;SN12680;22.11.2025 16:00;-1.8;0.7
Lillehammer - Sætherengen;SN12680;22.11.2025 17:00;-1.7;0.6
Lillehammer - Sætherengen;SN12680;22.11.2025 18:00;-2;0.9
Lillehammer - Sætherengen;SN12680;22.11.2025 19:00;-1.7;0.7
Lillehammer - Sætherengen;SN12680;22.11.2025 20:00;-1.4;1.3
Lillehammer - Sætherengen;SN12680;22.11.2025 21:00;-1.3;0.5
Lillehammer - Sætherengen;SN12680;22.11.2025 22:00;-1.4;0.9
Lillehammer - Sætherengen;SN12680;22.11.2025 23:00;-1.1;0.7
Lillehammer - Sætherengen;SN12680;23.11.2025 00:00;-1;1.7
Lillehammer - Sætherengen;SN12680;23.11.2025 01:00;-0.8;1.7
Lillehammer - Sætherengen;SN12680;23.11.2025 02:00;-0.9;1.1
Lillehammer - Sætherengen;SN12680;23.11.2025 03:00;-1.2;0.6
Lillehammer - Sætherengen;SN12680;23.11.2025 04:00;-1.2;1.6
Lillehammer - Sætherengen;SN12680;23.11.2025 05:00;-1.3;1.7
Lillehammer - Sætherengen;SN12680;23.11.2025 06:00;-1.2;1.1
Lillehammer - Sætherengen;SN12680;23.11.2025 07:00;-1.2;1.5
Lillehammer - Sætherengen;SN12680;23.11.2025 08:00;-0.6;1.7
Lillehammer - Sætherengen;SN12680;23.11.2025 09:00;-1.1;1
Lillehammer - Sætherengen;SN12680;23.11.2025 10:00;-0.6;1
Lillehammer - Sætherengen;SN12680;23.11.2025 11:00;-0.2;1.3
Lillehammer - Sætherengen;SN12680;23.11.2025 12:00;-0.4;0.8
Lillehammer - Sætherengen;SN12680;23.11.2025 13:00;-0.2;1.6
Lillehammer - Sætherengen;SN12680;23.11.2025 14:00;-0.2;0.9
Lillehammer - Sætherengen;SN12680;23.11.2025 15:00;-0.4;1.6
Lillehammer - Sætherengen;SN12680;23.11.2025 16:00;-0.4;2.2
Lillehammer - Sætherengen;SN12680;23.11.2025 17:00;-0.9;1.8
Lillehammer - Sætherengen;SN12680;23.11.2025 18:00;-1.2;1.5
Lillehammer - Sætherengen;SN12680;23.11.2025 19:00;-1.6;2
Lillehammer - Sætherengen;SN12680;23.11.2025 20:00;-1.6;2.1
Lillehammer - Sætherengen;SN12680;23.11.2025 21:00;-1.8;2.1
Lillehammer - Sætherengen;SN12680;23.11.2025 22:00;-2;2.2
Lillehammer - Sætherengen;SN12680;23.11.2025 23:00;-2.3;2.1
Lillehammer - Sætherengen;SN12680;24.11.2025 00:00;-2.5;1.9
Lillehammer - Sætherengen;SN12680;24.11.2025 01:00;-2.7;2.1
Lillehammer - Sætherengen;SN12680;24.11.2025 02:00;-2.9;1.8
Lillehammer - Sætherengen;SN12680;24.11.2025 03:00;-3;1.1
Lillehammer - Sætherengen;SN12680;24.11.2025 04:00;-3.1;1.4
Lillehammer - Sætherengen;SN12680;24.11.2025 05:00;-3.1;1.3
Lillehammer - Sætherengen;SN12680;24.11.2025 06:00;-3.2;1.3
Lillehammer - Sætherengen;SN12680;24.11.2025 07:00;-3.2;0.6
Lillehammer - Sætherengen;SN12680;24.11.2025 08:00;-3.1;1.5
Lillehammer - Sætherengen;SN12680;24.11.2025 09:00;-3.1;1.4
Lillehammer - Sætherengen;SN12680;24.11.2025 10:00;-3;1.2
Lillehammer - Sætherengen;SN12680;24.11.2025 11:00;-2.7;1.3
Lillehammer - Sætherengen;SN12680;24.11.2025 12:00;-2.2;1.1
Lillehammer - Sætherengen;SN12680;24.11.2025 13:00;-2;1.9
Lillehammer - Sætherengen;SN12680;24.11.2025 14:00;-2.1;1.8
Lillehammer - Sætherengen;SN12680;24.11.2025 15:00;-2;1.6
Lillehammer - Sætherengen;SN12680;24.11.2025 16:00;-2.2;1.1
Lillehammer - Sætherengen;SN12680;24.11.2025 17:00;-2.6;1.3
Lillehammer - Sætherengen;SN12680;24.11.2025 18:00;-2.6;0.7
Lillehammer - Sætherengen;SN12680;24.11.2025 19:00;-2.6;1.7
Lillehammer - Sætherengen;SN12680;24.11.2025 20:00;-3.6;0.4
Lillehammer - Sætherengen;SN12680;24.11.2025 21:00;-3.2;0.7
Lillehammer - Sætherengen;SN12680;24.11.2025 22:00;-2.8;1.2
Lillehammer - Sætherengen;SN12680;24.11.2025 23:00;-2.7;1.1
Lillehammer - Sætherengen;SN12680;25.11.2025 00:00;-2.7;0.9
Lillehammer - Sætherengen;SN12680;25.11.2025 01:00;-2.6;0.9
Lillehammer - Sætherengen;SN12680;25.11.2025 02:00;-2.6;1.1
Lillehammer - Sætherengen;SN12680;25.11.2025 03:00;-2.6;1.1
Lillehammer - Sætherengen;SN12680;25.11.2025 04:00;-2.5;1.2
Lillehammer - Sætherengen;SN12680;25.11.2025 05:00;-2.6;1.2
Lillehammer - Sætherengen;SN12680;25.11.2025 06:00;-2.8;1.1
Lillehammer - Sætherengen;SN12680;25.11.2025 07:00;-2.7;1.5
Lillehammer - Sætherengen;SN12680;25.11.2025 08:00;-2.8;1.2
Lillehammer - Sætherengen;SN12680;25.11.2025 09:00;-3.7;1.2
Lillehammer - Sætherengen;SN12680;25.11.2025 10:00;-4.7;0.9
Lillehammer - Sætherengen;SN12680;25.11.2025 11:00;-4.7;1.7
Lillehammer - Sætherengen;SN12680;25.11.2025 12:00;-4;2.3
Lillehammer - Sætherengen;SN12680;25.11.2025 13:00;-4.3;2.1
Lillehammer - Sætherengen;SN12680;25.11.2025 14:00;-4.4;2
Lillehammer - Sætherengen;SN12680;25.11.2025 15:00;-5.5;2.5
Lillehammer - Sætherengen;SN12680;25.11.2025 16:00;-6.3;1.9
Lillehammer - Sætherengen;SN12680;25.11.2025 17:00;-6.9;2
Lillehammer - Sætherengen;SN12680;25.11.2025 18:00;-7.5;1.9
Lillehammer - Sætherengen;SN12680;25.11.2025 19:00;-7.8;2.5
Lillehammer - Sætherengen;SN12680;25.11.2025 20:00;-8.4;1.9
Lillehammer - Sætherengen;SN12680;25.11.2025 21:00;-9;1.7
Lillehammer - Sætherengen;SN12680;25.11.2025 22:00;-9.1;2.7
Lillehammer - Sætherengen;SN12680;25.11.2025 23:00;-9.6;2.4
Lillehammer - Sætherengen;SN12680;26.11.2025 00:00;-10;1.5
Lillehammer - Sætherengen;SN12680;26.11.2025 01:00;-10;2.4
Lillehammer - Sætherengen;SN12680;26.11.2025 02:00;-10;2.9
Lillehammer - Sætherengen;SN12680;26.11.2025 03:00;-10.4;1.6
Lillehammer - Sætherengen;SN12680;26.11.2025 04:00;-10.7;1.6
Lillehammer - Sætherengen;SN12680;26.11.2025 05:00;-11.1;1.3
Lillehammer - Sætherengen;SN12680;26.11.2025 06:00;-11.3;0.8
Lillehammer - Sætherengen;SN12680;26.11.2025 07:00;-11.5;1.1
Lillehammer - Sætherengen;SN12680;26.11.2025 08:00;-11.6;1.3
Lillehammer - Sætherengen;SN12680;26.11.2025 09:00;-12;1.3
Lillehammer - Sætherengen;SN12680;26.11.2025 10:00;-11.9;0.7
Lillehammer - Sætherengen;SN12680;26.11.2025 11:00;-10.9;0.9
Lillehammer - Sætherengen;SN12680;26.11.2025 12:00;-10.2;0.9
Lillehammer - Sætherengen;SN12680;26.11.2025 13:00;-10.2;0.8
Lillehammer - Sætherengen;SN12680;26.11.2025 14:00;-9.6;0.9
Lillehammer - Sætherengen;SN12680;26.11.2025 15:00;-10.7;1.2
Lillehammer - Sætherengen;SN12680;26.11.2025 16:00;-10.5;1.1
Lillehammer - Sætherengen;SN12680;26.11.2025 17:00;-10.1;1.1
Lillehammer - Sætherengen;SN12680;26.11.2025 18:00;-9.8;1.3
Lillehammer - Sætherengen;SN12680;26.11.2025 19:00;-9.8;0.9
Lillehammer - Sætherengen;SN12680;26.11.2025 20:00;-9.4;1.1
Lillehammer - Sætherengen;SN12680;26.11.2025 21:00;-9;0.9
Lillehammer - Sætherengen;SN12680;26.11.2025 22:00;-8.5;0.8
Lillehammer - Sætherengen;SN12680;26.11.2025 23:00;-7.5;0.9
Lillehammer - Sætherengen;SN12680;27.11.2025 00:00;-7.1;0.4
Lillehammer - Sætherengen;SN12680;27.11.2025 01:00;-6.2;1.9
Lillehammer - Sætherengen;SN12680;27.11.2025 02:00;-5.6;0.6
Lillehammer - Sætherengen;SN12680;27.11.2025 03:00;-4.9;0.5
Lillehammer - Sætherengen;SN12680;27.11.2025 04:00;-4.3;0.4
Lillehammer - Sætherengen;SN12680;27.11.2025 05:00;-4.1;0.6
Lillehammer - Sætherengen;SN12680;27.11.2025 06:00;-2.7;1.1
Lillehammer - Sætherengen;SN12680;27.11.2025 07:00;1.1;2.9
Lillehammer - Sætherengen;SN12680;27.11.2025 08:00;2.1;4.1
Lillehammer - Sætherengen;SN12680;27.11.2025 09:00;2.4;3.5
Lillehammer - Sætherengen;SN12680;27.11.2025 10:00;2.9;3
Lillehammer - Sætherengen;SN12680;27.11.2025 11:00;3;3.1
Lillehammer - Sætherengen;SN12680;27.11.2025 12:00;2.2;1.3
Lillehammer - Sætherengen;SN12680;27.11.2025 13:00;1.3;0.8
Lillehammer - Sætherengen;SN12680;27.11.2025 14:00;1.8;0.5
Lillehammer - Sætherengen;SN12680;27.11.2025 15:00;1.6;0.7
Lillehammer - Sætherengen;SN12680;27.11.2025 16:00;1.6;0.7
Lillehammer - Sætherengen;SN12680;27.11.2025 17:00;0.6;1.3
Lillehammer - Sætherengen;SN12680;27.11.2025 18:00;0.1;0.8
Lillehammer - Sætherengen;SN12680;27.11.2025 19:00;0.4;1
Lillehammer - Sætherengen;SN12680;27.11.2025 20:00;1;0.6
Lillehammer - Sætherengen;SN12680;27.11.2025 21:00;0.7;1.4
Lillehammer - Sætherengen;SN12680;27.11.2025 22:00;1;1.2
Lillehammer - Sætherengen;SN12680;27.11.2025 23:00;1.1;0.7
Lillehammer - Sætherengen;SN12680;28.11.2025 00:00;1.4;1.3
Lillehammer - Sætherengen;SN12680;28.11.2025 01:00;1.6;0.8
Lillehammer - Sætherengen;SN12680;28.11.2025 02:00;1.7;0.9
Lillehammer - Sætherengen;SN12680;28.11.2025 03:00;2.1;1.5
Lillehammer - Sætherengen;SN12680;28.11.2025 04:00;4.5;2.3
Lillehammer - Sætherengen;SN12680;28.11.2025 05:00;6.1;2.5
Lillehammer - Sætherengen;SN12680;28.11.2025 06:00;6.5;2.8
Lillehammer - Sætherengen;SN12680;28.11.2025 07:00;5.9;3.2
Lillehammer - Sætherengen;SN12680;28.11.2025 08:00;6.1;2.5
Lillehammer - Sætherengen;SN12680;28.11.2025 09:00;5.3;2.2
Lillehammer - Sætherengen;SN12680;28.11.2025 10:00;5.8;3.3
Lillehammer - Sætherengen;SN12680;28.11.2025 11:00;6.5;2.9
Lillehammer - Sætherengen;SN12680;28.11.2025 12:00;6.7;4.1
Lillehammer - Sætherengen;SN12680;28.11.2025 13:00;5.8;3.4
Lillehammer - Sætherengen;SN12680;28.11.2025 14:00;5.9;4.3
Lillehammer - Sætherengen;SN12680;28.11.2025 15:00;5.5;2.8
Lillehammer - Sætherengen;SN12680;28.11.2025 16:00;5.7;6.1
Lillehammer - Sætherengen;SN12680;28.11.2025 17:00;5.6;4
Lillehammer - Sætherengen;SN12680;28.11.2025 18:00;5.6;5.2
Lillehammer - Sætherengen;SN12680;28.11.2025 19:00;5.4;5.2
Lillehammer - Sætherengen;SN12680;28.11.2025 20:00;5.4;4.9
Lillehammer - Sætherengen;SN12680;28.11.2025 21:00;5.2;4.5
Lillehammer - Sætherengen;SN12680;28.11.2025 22:00;4.7;3.7
Lillehammer - Sætherengen;SN12680;28.11.2025 23:00;5.2;4.8
Lillehammer - Sætherengen;SN12680;29.11.2025 00:00;5.6;3.8
Lillehammer - Sætherengen;SN12680;29.11.2025 01:00;6.1;4.4
Lillehammer - Sætherengen;SN12680;29.11.2025 02:00;5.5;2.5
Lillehammer - Sætherengen;SN12680;29.11.2025 03:00;5.5;3.1
Lillehammer - Sætherengen;SN12680;29.11.2025 04:00;5.6;4.1
Lillehammer - Sætherengen;SN12680;29.11.2025 05:00;5.6;3.8
Lillehammer - Sætherengen;SN12680;29.11.2025 06:00;5;4
Lillehammer - Sætherengen;SN12680;29.11.2025 07:00;4.8;4.5
Lillehammer - Sætherengen;SN12680;29.11.2025 08:00;4.7;4.8
Lillehammer - Sætherengen;SN12680;29.11.2025 09:00;4.5;3
Lillehammer - Sætherengen;SN12680;29.11.2025 10:00;5.4;3.8
Lillehammer - Sætherengen;SN12680;29.11.2025 11:00;4.8;3.6
Lillehammer - Sætherengen;SN12680;29.11.2025 12:00;5.4;1.4
Lillehammer - Sætherengen;SN12680;29.11.2025 13:00;5.1;1.2
Lillehammer - Sætherengen;SN12680;29.11.2025 14:00;5.3;0.6
Lillehammer - Sætherengen;SN12680;29.11.2025 15:00;4.6;2.8
Lillehammer - Sætherengen;SN12680;29.11.2025 16:00;2.9;2.3
Lillehammer - Sætherengen;SN12680;29.11.2025 17:00;2.5;1.3
Lillehammer - Sætherengen;SN12680;29.11.2025 18:00;0.9;0.7
Lillehammer - Sætherengen;SN12680;29.11.2025 19:00;0;1.2
Lillehammer - Sætherengen;SN12680;29.11.2025 20:00;-0.9;0.9
Lillehammer - Sætherengen;SN12680;29.11.2025 21:00;-1;1.2
Lillehammer - Sætherengen;SN12680;29.11.2025 22:00;-1.5;1
Lillehammer - Sætherengen;SN12680;29.11.2025 23:00;-2.7;0
Lillehammer - Sætherengen;SN12680;30.11.2025 00:00;-2.5;2
Lillehammer - Sætherengen;SN12680;30.11.2025 01:00;-3;1.5
Lillehammer - Sætherengen;SN12680;30.11.2025 02:00;-3.5;0.8
Lillehammer - Sætherengen;SN12680;30.11.2025 03:00;-3.2;1.7
Lillehammer - Sætherengen;SN12680;30.11.2025 04:00;-3.4;3.1
Lillehammer - Sætherengen;SN12680;30.11.2025 05:00;-3.7;1.9
Lillehammer - Sætherengen;SN12680;30.11.2025 06:00;-3.4;1.9
Lillehammer - Sætherengen;SN12680;30.11.2025 07:00;-3.4;1.4
Lillehammer - Sætherengen;SN12680;30.11.2025 08:00;-3.3;1.2
Lillehammer - Sætherengen;SN12680;30.11.2025 09:00;-3.4;1.7
Lillehammer - Sætherengen;SN12680;30.11.2025 10:00;-3.7;2.2
Lillehammer - Sætherengen;SN12680;30.11.2025 11:00;-3.1;1.7
Lillehammer - Sætherengen;SN12680;30.11.2025 12:00;-2.8;1.9
Lillehammer - Sætherengen;SN12680;30.11.2025 13:00;-2.5;3
Lillehammer - Sætherengen;SN12680;30.11.2025 14:00;-2.2;2
Lillehammer - Sætherengen;SN12680;30.11.2025 15:00;-2.2;1.6
Lillehammer - Sætherengen;SN12680;30.11.2025 16:00;-2.2;1.2
Lillehammer - Sætherengen;SN12680;30.11.2025 17:00;-2;1.8
Lillehammer - Sætherengen;SN12680;30.11.2025 18:00;-2.1;1.6
Lillehammer - Sætherengen;SN12680;30.11.2025 19:00;-2.4;1.1
Lillehammer - Sætherengen;SN12680;30.11.2025 20:00;-2.5;1
Lillehammer - Sætherengen;SN12680;30.11.2025 21:00;-2.4;1.5
Lillehammer - Sætherengen;SN12680;30.11.2025 22:00;-2.4;1.2
Lillehammer - Sætherengen;SN12680;30.11.2025 23:00;-2.1;1.6
Lillehammer - Sætherengen;SN12680;01.12.2025 00:00;-2;1.3
Lillehammer - Sætherengen;SN12680;01.12.2025 01:00;-2.3;1.2
Lillehammer - Sætherengen;SN12680;01.12.2025 02:00;-2.1;0.9
Lillehammer - Sætherengen;SN12680;01.12.2025 03:00;-1.7;1.5
Lillehammer - Sætherengen;SN12680;01.12.2025 04:00;-1.9;1
Lillehammer - Sætherengen;SN12680;01.12.2025 05:00;-1.4;0.9
Lillehammer - Sætherengen;SN12680;01.12.2025 06:00;-1.7;0
Lillehammer - Sætherengen;SN12680;01.12.2025 07:00;-1.6;1
Lillehammer - Sætherengen;SN12680;01.12.2025 08:00;-1.5;0
Lillehammer - Sætherengen;SN12680;01.12.2025 09:00;-1.4;0
Lillehammer - Sætherengen;SN12680;01.12.2025 10:00;-1;0.4
Lillehammer - Sætherengen;SN12680;01.12.2025 11:00;-0.9;1.5
Lillehammer - Sætherengen;SN12680;01.12.2025 12:00;-0.8;1.7
Lillehammer - Sætherengen;SN12680;01.12.2025 13:00;-0.9;1.4
Lillehammer - Sætherengen;SN12680;01.12.2025 14:00;-0.7;0.8
Lillehammer - Sætherengen;SN12680;01.12.2025 15:00;-1.7;1.3
Lillehammer - Sætherengen;SN12680;01.12.2025 16:00;-1.9;2.3
Lillehammer - Sætherengen;SN12680;01.12.2025 17:00;-1.8;1.1
Lillehammer - Sætherengen;SN12680;01.12.2025 18:00;-1.5;0.9
Lillehammer - Sætherengen;SN12680;01.12.2025 19:00;-1.7;0.8
Lillehammer - Sætherengen;SN12680;01.12.2025 20:00;-1.7;1.2
Lillehammer - Sætherengen;SN12680;01.12.2025 21:00;-1.4;1.2
Lillehammer - Sætherengen;SN12680;01.12.2025 22:00;-0.9;1.5
Lillehammer - Sætherengen;SN12680;01.12.2025 23:00;-0.6;1.6
Lillehammer - Sætherengen;SN12680;02.12.2025 00:00;-0.1;1.2
Lillehammer - Sætherengen;SN12680;02.12.2025 01:00;0.2;1.4
Lillehammer - Sætherengen;SN12680;02.12.2025 02:00;0.7;2.6
Lillehammer - Sætherengen;SN12680;02.12.2025 03:00;1.1;2.7
Lillehammer - Sætherengen;SN12680;02.12.2025 04:00;1.4;1.7
Lillehammer - Sætherengen;SN12680;02.12.2025 05:00;2.2;2
Lillehammer - Sætherengen;SN12680;02.12.2025 06:00;3.5;2.5
Lillehammer - Sætherengen;SN12680;02.12.2025 07:00;4.2;3.1
Lillehammer - Sætherengen;SN12680;02.12.2025 08:00;4.3;4.4
Lillehammer - Sætherengen;SN12680;02.12.2025 09:00;4.3;4.3
Lillehammer - Sætherengen;SN12680;02.12.2025 10:00;4.6;3.6
Lillehammer - Sætherengen;SN12680;02.12.2025 11:00;4.7;4
Lillehammer - Sætherengen;SN12680;02.12.2025 12:00;4.8;4.9
Lillehammer - Sætherengen;SN12680;02.12.2025 13:00;4.9;4.8
Lillehammer - Sætherengen;SN12680;02.12.2025 14:00;5.1;6
Lillehammer - Sætherengen;SN12680;02.12.2025 15:00;4.9;6
Lillehammer - Sætherengen;SN12680;02.12.2025 16:00;4.8;4.8
Lillehammer - Sætherengen;SN12680;02.12.2025 17:00;4.8;3.7
Lillehammer - Sætherengen;SN12680;02.12.2025 18:00;5;3.8
Lillehammer - Sætherengen;SN12680;02.12.2025 19:00;5.2;3.8
Lillehammer - Sætherengen;SN12680;02.12.2025 20:00;5.6;4.3
Lillehammer - Sætherengen;SN12680;02.12.2025 21:00;5.8;2.8
Lillehammer - Sætherengen;SN12680;02.12.2025 22:00;5.2;2.4
Lillehammer - Sætherengen;SN12680;02.12.2025 23:00;5.1;3.8
Lillehammer - Sætherengen;SN12680;03.12.2025 00:00;3.9;1
Lillehammer - Sætherengen;SN12680;03.12.2025 01:00;4.5;2.7
Lillehammer - Sætherengen;SN12680;03.12.2025 02:00;3.5;1.2
Lillehammer - Sætherengen;SN12680;03.12.2025 03:00;4.4;2
Lillehammer - Sætherengen;SN12680;03.12.2025 04:00;3.4;2.9
Lillehammer - Sætherengen;SN12680;03.12.2025 05:00;3.5;2.4
Lillehammer - Sætherengen;SN12680;03.12.2025 06:00;3.8;3.3
Lillehammer - Sætherengen;SN12680;03.12.2025 07:00;1.7;0.9
Lillehammer - Sætherengen;SN12680;03.12.2025 08:00;1.1;0.8
Lillehammer - Sætherengen;SN12680;03.12.2025 09:00;0.1;0.8
Lillehammer - Sætherengen;SN12680;03.12.2025 10:00;1;1.2
Lillehammer - Sætherengen;SN12680;03.12.2025 11:00;2.2;1.9
Lillehammer - Sætherengen;SN12680;03.12.2025 12:00;2.4;1
Lillehammer - Sætherengen;SN12680;03.12.2025 13:00;1.9;0.9
Lillehammer - Sætherengen;SN12680;03.12.2025 14:00;1.8;0.8
Lillehammer - Sætherengen;SN12680;03.12.2025 15:00;1.5;0.9
Lillehammer - Sætherengen;SN12680;03.12.2025 16:00;1.2;0.5
Lillehammer - Sætherengen;SN12680;03.12.2025 17:00;1;0.8
Lillehammer - Sætherengen;SN12680;03.12.2025 18:00;0.9;0.6
Lillehammer - Sætherengen;SN12680;03.12.2025 19:00;0.9;1.5
Lillehammer - Sætherengen;SN12680;03.12.2025 20:00;1.1;1.6
Lillehammer - Sætherengen;SN12680;03.12.2025 21:00;1;2.1
Lillehammer - Sætherengen;SN12680;03.12.2025 22:00;0.7;1.6
Lillehammer - Sætherengen;SN12680;03.12.2025 23:00;0.5;1
Lillehammer - Sætherengen;SN12680;04.12.2025 00:00;0.4;1
Lillehammer - Sætherengen;SN12680;04.12.2025 01:00;0.3;1.1
Lillehammer - Sætherengen;SN12680;04.12.2025 02:00;0.2;1.7
Lillehammer - Sætherengen;SN12680;04.12.2025 03:00;0.2;1.3
Lillehammer - Sætherengen;SN12680;04.12.2025 04:00;0.2;1.1
Lillehammer - Sætherengen;SN12680;04.12.2025 05:00;0.2;1
Lillehammer - Sætherengen;SN12680;04.12.2025 06:00;0.2;0.7
Lillehammer - Sætherengen;SN12680;04.12.2025 07:00;0.1;0.6
Lillehammer - Sætherengen;SN12680;04.12.2025 08:00;0.1;0.6
Lillehammer - Sætherengen;SN12680;04.12.2025 09:00;0.2;0.6
Lillehammer - Sætherengen;SN12680;04.12.2025 10:00;0.3;0
Lillehammer - Sætherengen;SN12680;04.12.2025 11:00;0.4;0.4
Lillehammer - Sætherengen;SN12680;04.12.2025 12:00;0.4;0
Lillehammer - Sætherengen;SN12680;04.12.2025 13:00;0.3;0.7
Lillehammer - Sætherengen;SN12680;04.12.2025 14:00;0.5;0.4
Lillehammer - Sætherengen;SN12680;04.12.2025 15:00;0.4;0.5
Lillehammer - Sætherengen;SN12680;04.12.2025 16:00;0.4;0.8
Lillehammer - Sætherengen;SN12680;04.12.2025 17:00;0.5;0.7
Lillehammer - Sætherengen;SN12680;04.12.2025 18:00;0.3;0.7
Lillehammer - Sætherengen;SN12680;04.12.2025 19:00;0.7;1.1
Lillehammer - Sætherengen;SN12680;04.12.2025 20:00;0.5;0.9
Lillehammer - Sætherengen;SN12680;04.12.2025 21:00;0.5;1.1
Lillehammer - Sætherengen;SN12680;04.12.2025 22:00;0.4;1
Lillehammer - Sætherengen;SN12680;04.12.2025 23:00;0.9;1.2
Lillehammer - Sætherengen;SN12680;05.12.2025 00:00;0.4;0.8
Lillehammer - Sætherengen;SN12680;05.12.2025 01:00;0.6;1.2
Lillehammer - Sætherengen;SN12680;05.12.2025 02:00;0.5;1.2
Lillehammer - Sætherengen;SN12680;05.12.2025 03:00;0.3;1.5
Lillehammer - Sætherengen;SN12680;05.12.2025 04:00;0.2;1.2
Lillehammer - Sætherengen;SN12680;05.12.2025 05:00;0.3;1
Lillehammer - Sætherengen;SN12680;05.12.2025 06:00;0.2;0.9
Lillehammer - Sætherengen;SN12680;05.12.2025 07:00;0.3;1.1
Lillehammer - Sætherengen;SN12680;05.12.2025 08:00;0.2;0.4
Lillehammer - Sætherengen;SN12680;05.12.2025 09:00;0.4;1.2
Lillehammer - Sætherengen;SN12680;05.12.2025 10:00;0.1;0.5
Lillehammer - Sætherengen;SN12680;05.12.2025 11:00;0;0.7
Lillehammer - Sætherengen;SN12680;05.12.2025 12:00;0.1;0.9
Lillehammer - Sætherengen;SN12680;05.12.2025 13:00;0.3;0.7
Lillehammer - Sætherengen;SN12680;05.12.2025 14:00;0.2;0.9
Lillehammer - Sætherengen;SN12680;05.12.2025 15:00;0.2;0.4
Lillehammer - Sætherengen;SN12680;05.12.2025 16:00;0.4;0.4
Lillehammer - Sætherengen;SN12680;05.12.2025 17:00;0.2;1
Lillehammer - Sætherengen;SN12680;05.12.2025 18:00;0.4;0
Lillehammer - Sætherengen;SN12680;05.12.2025 19:00;0.6;0.7
Lillehammer - Sætherengen;SN12680;05.12.2025 20:00;0.3;0.8
Lillehammer - Sætherengen;SN12680;05.12.2025 21:00;0.3;1
Lillehammer - Sætherengen;SN12680;05.12.2025 22:00;0.4;1.3
Lillehammer - Sætherengen;SN12680;05.12.2025 23:00;0.5;0.4
Lillehammer - Sætherengen;SN12680;06.12.2025 00:00;0.4;0.5
Lillehammer - Sætherengen;SN12680;06.12.2025 01:00;0.3;0.9
Lillehammer - Sætherengen;SN12680;06.12.2025 02:00;0.3;0.9
Lillehammer - Sætherengen;SN12680;06.12.2025 03:00;0.4;0.8
Lillehammer - Sætherengen;SN12680;06.12.2025 04:00;0.3;1.3
Lillehammer - Sætherengen;SN12680;06.12.2025 05:00;0.2;1.4
Lillehammer - Sætherengen;SN12680;06.12.2025 06:00;0.4;1.4
Lillehammer - Sætherengen;SN12680;06.12.2025 07:00;0.4;1.4
Lillehammer - Sætherengen;SN12680;06.12.2025 08:00;0.4;1.6
Lillehammer - Sætherengen;SN12680;06.12.2025 09:00;0.4;0.9
Lillehammer - Sætherengen;SN12680;06.12.2025 10:00;0.4;0.6
Lillehammer - Sætherengen;SN12680;06.12.2025 11:00;0.4;0.7
Lillehammer - Sætherengen;SN12680;06.12.2025 12:00;0.7;1
Lillehammer - Sætherengen;SN12680;06.12.2025 13:00;0.6;1
Lillehammer - Sætherengen;SN12680;06.12.2025 14:00;0.5;1.4
Lillehammer - Sætherengen;SN12680;06.12.2025 15:00;0.4;1.1
Lillehammer - Sætherengen;SN12680;06.12.2025 16:00;0.4;0.9
Lillehammer - Sætherengen;SN12680;06.12.2025 17:00;0.4;1.3
Lillehammer - Sætherengen;SN12680;06.12.2025 18:00;0.5;1.2
Lillehammer - Sætherengen;SN12680;06.12.2025 19:00;0.6;1
Lillehammer - Sætherengen;SN12680;06.12.2025 20:00;0.6;0.7
Lillehammer - Sætherengen;SN12680;06.12.2025 21:00;0.6;0.5
Lillehammer - Sætherengen;SN12680;06.12.2025 22:00;0.7;0.6
Lillehammer - Sætherengen;SN12680;06.12.2025 23:00;0.7;1
Lillehammer - Sætherengen;SN12680;07.12.2025 00:00;0.6;0.8
Lillehammer - Sætherengen;SN12680;07.12.2025 01:00;0.4;0.5
Lillehammer - Sætherengen;SN12680;07.12.2025 02:00;0.8;1.1
Lillehammer - Sætherengen;SN12680;07.12.2025 03:00;0.8;0.5
Lillehammer - Sætherengen;SN12680;07.12.2025 04:00;0.7;0.9
Lillehammer - Sætherengen;SN12680;07.12.2025 05:00;1;1.2
Lillehammer - Sætherengen;SN12680;07.12.2025 06:00;0.8;0.4
Lillehammer - Sætherengen;SN12680;07.12.2025 07:00;0.7;0.7
Lillehammer - Sætherengen;SN12680;07.12.2025 08:00;0.4;0
Lillehammer - Sætherengen;SN12680;07.12.2025 09:00;0.6;0.5
Lillehammer - Sætherengen;SN12680;07.12.2025 10:00;0.7;0.8
Lillehammer - Sætherengen;SN12680;07.12.2025 11:00;0.9;0.5
Lillehammer - Sætherengen;SN12680;07.12.2025 12:00;0.9;0
Lillehammer - Sætherengen;SN12680;07.12.2025 13:00;1.3;0.8
Lillehammer - Sætherengen;SN12680;07.12.2025 14:00;0.9;0.6
Lillehammer - Sætherengen;SN12680;07.12.2025 15:00;0.9;0.5
Lillehammer - Sætherengen;SN12680;07.12.2025 16:00;0.9;0.4
Lillehammer - Sætherengen;SN12680;07.12.2025 17:00;0.7;0.5
Lillehammer - Sætherengen;SN12680;07.12.2025 18:00;0.9;0.8
Lillehammer - Sætherengen;SN12680;07.12.2025 19:00;0.9;0.6
Lillehammer - Sætherengen;SN12680;07.12.2025 20:00;0.8;0.4
Lillehammer - Sætherengen;SN12680;07.12.2025 21:00;0.8;0.7
Lillehammer - Sætherengen;SN12680;07.12.2025 22:00;0.7;0.7
Lillehammer - Sætherengen;SN12680;07.12.2025 23:00;0.8;0.7
Lillehammer - Sætherengen;SN12680;08.12.2025 00:00;0.7;0.4
Lillehammer - Sætherengen;SN12680;08.12.2025 01:00;0.5;0.6
Lillehammer - Sætherengen;SN12680;08.12.2025 02:00;0.4;0
Lillehammer - Sætherengen;SN12680;08.12.2025 03:00;0.3;0
Lillehammer - Sætherengen;SN12680;08.12.2025 04:00;0;0.8
Lillehammer - Sætherengen;SN12680;08.12.2025 05:00;0.1;1
Lillehammer - Sætherengen;SN12680;08.12.2025 06:00;0.1;1.1
Lillehammer - Sætherengen;SN12680;08.12.2025 07:00;0.2;1.4
Lillehammer - Sætherengen;SN12680;08.12.2025 08:00;0.1;1.1
Lillehammer - Sætherengen;SN12680;08.12.2025 09:00;0.1;1.6
Lillehammer - Sætherengen;SN12680;08.12.2025 10:00;0.2;1.5
Lillehammer - Sætherengen;SN12680;08.12.2025 11:00;0.3;1.1
Lillehammer - Sætherengen;SN12680;08.12.2025 12:00;0.4;1.3
Lillehammer - Sætherengen;SN12680;08.12.2025 13:00;0.7;2
Lillehammer - Sætherengen;SN12680;08.12.2025 14:00;0.7;2.3
Lillehammer - Sætherengen;SN12680;08.12.2025 15:00;0.9;1.3
Lillehammer - Sætherengen;SN12680;08.12.2025 16:00;0.8;1.5
Lillehammer - Sætherengen;SN12680;08.12.2025 17:00;0.6;1.2
Lillehammer - Sætherengen;SN12680;08.12.2025 18:00;0.8;1.4
Lillehammer - Sætherengen;SN12680;08.12.2025 19:00;0.7;1.4
Lillehammer - Sætherengen;SN12680;08.12.2025 20:00;0.9;2.1
Lillehammer - Sætherengen;SN12680;08.12.2025 21:00;0.9;1.5
Lillehammer - Sætherengen;SN12680;08.12.2025 22:00;0.7;1.6
Lillehammer - Sætherengen;SN12680;08.12.2025 23:00;0.8;1.2
Lillehammer - Sætherengen;SN12680;09.12.2025 00:00;0.7;0.9
Lillehammer - Sætherengen;SN12680;09.12.2025 01:00;0.8;1.1
Lillehammer - Sætherengen;SN12680;09.12.2025 02:00;0.7;1.4
Lillehammer - Sætherengen;SN12680;09.12.2025 03:00;0.3;1.8
Lillehammer - Sætherengen;SN12680;09.12.2025 04:00;0.4;2.2
Lillehammer - Sætherengen;SN12680;09.12.2025 05:00;0.3;1.8
Lillehammer - Sætherengen;SN12680;09.12.2025 06:00;-0.3;0.4
Lillehammer - Sætherengen;SN12680;09.12.2025 07:00;-0.4;1.4
Lillehammer - Sætherengen;SN12680;09.12.2025 08:00;-0.3;1.4
Lillehammer - Sætherengen;SN12680;09.12.2025 09:00;-0.5;2.1
Lillehammer - Sætherengen;SN12680;09.12.2025 10:00;-0.3;2.2
Lillehammer - Sætherengen;SN12680;09.12.2025 11:00;0.3;2.2
Lillehammer - Sætherengen;SN12680;09.12.2025 12:00;0.6;1.2
Lillehammer - Sætherengen;SN12680;09.12.2025 13:00;0.7;1.4
Lillehammer - Sætherengen;SN12680;09.12.2025 14:00;0.8;1
Lillehammer - Sætherengen;SN12680;09.12.2025 15:00;-0.1;1.7
Lillehammer - Sætherengen;SN12680;09.12.2025 16:00;-0.7;1.1
Lillehammer - Sætherengen;SN12680;09.12.2025 17:00;-0.8;1.5
Lillehammer - Sætherengen;SN12680;09.12.2025 18:00;-0.6;1
Lillehammer - Sætherengen;SN12680;09.12.2025 19:00;-0.9;1.2
Lillehammer - Sætherengen;SN12680;09.12.2025 20:00;-1.1;1.4
Lillehammer - Sætherengen;SN12680;09.12.2025 21:00;-1.3;1
Lillehammer - Sætherengen;SN12680;09.12.2025 22:00;-1.5;1.3
Lillehammer - Sætherengen;SN12680;09.12.2025 23:00;-1.7;0.9
Lillehammer - Sætherengen;SN12680;10.12.2025 00:00;-1.9;0.6
Lillehammer - Sætherengen;SN12680;10.12.2025 01:00;-1.8;0.7
Lillehammer - Sætherengen;SN12680;10.12.2025 02:00;-1.8;0
Lillehammer - Sætherengen;SN12680;10.12.2025 03:00;-1.8;0.7
Lillehammer - Sætherengen;SN12680;10.12.2025 04:00;-1.7;1.2
Lillehammer - Sætherengen;SN12680;10.12.2025 05:00;-1.5;1
Lillehammer - Sætherengen;SN12680;10.12.2025 06:00;-2;0
Lillehammer - Sætherengen;SN12680;10.12.2025 07:00;-2.1;1.2
Lillehammer - Sætherengen;SN12680;10.12.2025 08:00;-1.8;0.8
Lillehammer - Sætherengen;SN12680;10.12.2025 09:00;-1.7;1.5
Lillehammer - Sætherengen;SN12680;10.12.2025 10:00;-1.4;0.9
Lillehammer - Sætherengen;SN12680;10.12.2025 11:00;-0.9;0.7
Lillehammer - Sætherengen;SN12680;10.12.2025 12:00;-0.4;1.2
Lillehammer - Sætherengen;SN12680;10.12.2025 13:00;0.2;1.3
Lillehammer - Sætherengen;SN12680;10.12.2025 14:00;0.2;0.8
Lillehammer - Sætherengen;SN12680;10.12.2025 15:00;0.3;0.7
Lillehammer - Sætherengen;SN12680;10.12.2025 16:00;0.5;0.9
Lillehammer - Sætherengen;SN12680;10.12.2025 17:00;1;1.5
Lillehammer - Sætherengen;SN12680;10.12.2025 18:00;1.3;1.7
Lillehammer - Sætherengen;SN12680;10.12.2025 19:00;0.9;1.2
Lillehammer - Sætherengen;SN12680;10.12.2025 20:00;1;1.2
Lillehammer - Sætherengen;SN12680;10.12.2025 21:00;0.4;1.2
Lillehammer - Sætherengen;SN12680;10.12.2025 22:00;0.1;1.1
Lillehammer - Sætherengen;SN12680;10.12.2025 23:00;-0.4;1
Lillehammer - Sætherengen;SN12680;11.12.2025 00:00;-0.6;0.9
Lillehammer - Sætherengen;SN12680;11.12.2025 01:00;-0.4;0.7
Lillehammer - Sætherengen;SN12680;11.12.2025 02:00;0;0.6
Lillehammer - Sætherengen;SN12680;11.12.2025 03:00;0;0.6
Lillehammer - Sætherengen;SN12680;11.12.2025 04:00;0.2;0.5
Lillehammer - Sætherengen;SN12680;11.12.2025 05:00;0.3;0.5
Lillehammer - Sætherengen;SN12680;11.12.2025 06:00;0.1;0.7
Lillehammer - Sætherengen;SN12680;11.12.2025 07:00;0.2;0.9
Lillehammer - Sætherengen;SN12680;11.12.2025 08:00;0.6;1.3
Lillehammer - Sætherengen;SN12680;11.12.2025 09:00;0.7;1.9
Lillehammer - Sætherengen;SN12680;11.12.2025 10:00;1;0.9
Lillehammer - Sætherengen;SN12680;11.12.2025 11:00;1;1.8
Lillehammer - Sætherengen;SN12680;11.12.2025 12:00;1.1;2.5
Lillehammer - Sætherengen;SN12680;11.12.2025 13:00;1.2;1.4
Lillehammer - Sætherengen;SN12680;11.12.2025 14:00;1.3;0.8
Lillehammer - Sætherengen;SN12680;11.12.2025 15:00;1.1;0.7
Lillehammer - Sætherengen;SN12680;11.12.2025 16:00;1.2;1.2
Lillehammer - Sætherengen;SN12680;11.12.2025 17:00;0.8;1.6
Lillehammer - Sætherengen;SN12680;11.12.2025 18:00;0.4;2.7
Lillehammer - Sætherengen;SN12680;11.12.2025 19:00;0;1.6
Lillehammer - Sætherengen;SN12680;11.12.2025 20:00;0.1;1.7
Lillehammer - Sætherengen;SN12680;11.12.2025 21:00;0.3;1.4
Lillehammer - Sætherengen;SN12680;11.12.2025 22:00;0.4;1
Lillehammer - Sætherengen;SN12680;11.12.2025 23:00;0.2;2.3
Lillehammer - Sætherengen;SN12680;12.12.2025 00:00;0.1;1.3
Lillehammer - Sætherengen;SN12680;12.12.2025 01:00;0.2;1.3
Lillehammer - Sætherengen;SN12680;12.12.2025 02:00;0.6;1.8
Lillehammer - Sætherengen;SN12680;12.12.2025 03:00;0.5;1.2
Lillehammer - Sætherengen;SN12680;12.12.2025 04:00;0.3;0.9
Lillehammer - Sætherengen;SN12680;12.12.2025 05:00;0.6;0.8
Lillehammer - Sætherengen;SN12680;12.12.2025 06:00;0.1;0.7
Lillehammer - Sætherengen;SN12680;12.12.2025 07:00;-0.5;0.9
Lillehammer - Sætherengen;SN12680;12.12.2025 08:00;-0.6;0.8
Lillehammer - Sætherengen;SN12680;12.12.2025 09:00;-0.2;0.9
Lillehammer - Sætherengen;SN12680;12.12.2025 10:00;0.3;1.1
Lillehammer - Sætherengen;SN12680;12.12.2025 11:00;0.5;1
Lillehammer - Sætherengen;SN12680;12.12.2025 12:00;0.8;0.6
Lillehammer - Sætherengen;SN12680;12.12.2025 13:00;0.2;0.8
Lillehammer - Sætherengen;SN12680;12.12.2025 14:00;0.3;0.6
Lillehammer - Sætherengen;SN12680;12.12.2025 15:00;1;1.5
Lillehammer - Sætherengen;SN12680;12.12.2025 16:00;1;1.1
Lillehammer - Sætherengen;SN12680;12.12.2025 17:00;0.9;0.9
Lillehammer - Sætherengen;SN12680;12.12.2025 18:00;1.2;1
Lillehammer - Sætherengen;SN12680;12.12.2025 19:00;1.3;0.9
Lillehammer - Sætherengen;SN12680;12.12.2025 20:00;1.3;0.8
Lillehammer - Sætherengen;SN12680;12.12.2025 21:00;1.2;1
Lillehammer - Sætherengen;SN12680;12.12.2025 22:00;1.2;0.9
Lillehammer - Sætherengen;SN12680;12.12.2025 23:00;0.9;1.8
Lillehammer - Sætherengen;SN12680;13.12.2025 00:00;0.5;1.3
Lillehammer - Sætherengen;SN12680;13.12.2025 01:00;0.4;0.8
Lillehammer - Sætherengen;SN12680;13.12.2025 02:00;0.1;0.8
Lillehammer - Sætherengen;SN12680;13.12.2025 03:00;0.1;0.8
Lillehammer - Sætherengen;SN12680;13.12.2025 04:00;0.2;0.6
Lillehammer - Sætherengen;SN12680;13.12.2025 05:00;0.2;0.4
Lillehammer - Sætherengen;SN12680;13.12.2025 06:00;0.4;0.7
Lillehammer - Sætherengen;SN12680;13.12.2025 07:00;0.1;1
Lillehammer - Sætherengen;SN12680;13.12.2025 08:00;0.1;0.6
Lillehammer - Sætherengen;SN12680;13.12.2025 09:00;0.6;0.9
Lillehammer - Sætherengen;SN12680;13.12.2025 10:00;1;0.5
Lillehammer - Sætherengen;SN12680;13.12.2025 11:00;1.1;0.7
Lillehammer - Sætherengen;SN12680;13.12.2025 12:00;0.9;0.5
Lillehammer - Sætherengen;SN12680;13.12.2025 13:00;1.1;0.6
Lillehammer - Sætherengen;SN12680;13.12.2025 14:00;0.9;0.5
Lillehammer - Sætherengen;SN12680;13.12.2025 15:00;1.1;1.5
Lillehammer - Sætherengen;SN12680;13.12.2025 16:00;1.2;0.7
Lillehammer - Sætherengen;SN12680;13.12.2025 17:00;0.8;0.8
Lillehammer - Sætherengen;SN12680;13.12.2025 18:00;0.6;0.6
Lillehammer - Sætherengen;SN12680;13.12.2025 19:00;0.6;0.3
Lillehammer - Sætherengen;SN12680;13.12.2025 20:00;0.5;1
Lillehammer - Sætherengen;SN12680;13.12.2025 21:00;0.5;1.1
Lillehammer - Sætherengen;SN12680;13.12.2025 22:00;0.4;1.1
Lillehammer - Sætherengen;SN12680;13.12.2025 23:00;0.6;1.5
Lillehammer - Sætherengen;SN12680;14.12.2025 00:00;1;1.3
Lillehammer - Sætherengen;SN12680;14.12.2025 01:00;0.3;1.8
Lillehammer - Sætherengen;SN12680;14.12.2025 02:00;0.5;1.6
Lillehammer - Sætherengen;SN12680;14.12.2025 03:00;2;3
Lillehammer - Sætherengen;SN12680;14.12.2025 04:00;2.2;4.4
Lillehammer - Sætherengen;SN12680;14.12.2025 05:00;2.8;3.8
Lillehammer - Sætherengen;SN12680;14.12.2025 06:00;3;3.9
Lillehammer - Sætherengen;SN12680;14.12.2025 07:00;3.7;2.2
Lillehammer - Sætherengen;SN12680;14.12.2025 08:00;3.9;2.7
Lillehammer - Sætherengen;SN12680;14.12.2025 09:00;4.4;2.9
Lillehammer - Sætherengen;SN12680;14.12.2025 10:00;3.9;1.3
Lillehammer - Sætherengen;SN12680;14.12.2025 11:00;3.8;1.3
Lillehammer - Sætherengen;SN12680;14.12.2025 12:00;3.4;1.2
Lillehammer - Sætherengen;SN12680;14.12.2025 13:00;4.3;1.4
Lillehammer - Sætherengen;SN12680;14.12.2025 14:00;3.4;1.4
Lillehammer - Sætherengen;SN12680;14.12.2025 15:00;3;1.4
Lillehammer - Sætherengen;SN12680;14.12.2025 16:00;2.9;0.9
Lillehammer - Sætherengen;SN12680;14.12.2025 17:00;2.6;0
Lillehammer - Sætherengen;SN12680;14.12.2025 18:00;2.6;1.2
Lillehammer - Sætherengen;SN12680;14.12.2025 19:00;2.1;0.6
Lillehammer - Sætherengen;SN12680;14.12.2025 20:00;1.9;1
Lillehammer - Sætherengen;SN12680;14.12.2025 21:00;1.8;0.5
Lillehammer - Sætherengen;SN12680;14.12.2025 22:00;1.9;1.1
Lillehammer - Sætherengen;SN12680;14.12.2025 23:00;2.3;1.1
Lillehammer - Sætherengen;SN12680;15.12.2025 00:00;2.2;1.4
Lillehammer - Sætherengen;SN12680;15.12.2025 01:00;2.3;0.4
Lillehammer - Sætherengen;SN12680;15.12.2025 02:00;2.8;2.2
Lillehammer - Sætherengen;SN12680;15.12.2025 03:00;4.3;2.4
Lillehammer - Sætherengen;SN12680;15.12.2025 04:00;6.5;3.8
Lillehammer - Sætherengen;SN12680;15.12.2025 05:00;6.8;3.7
Lillehammer - Sætherengen;SN12680;15.12.2025 06:00;7.1;3.2
Lillehammer - Sætherengen;SN12680;15.12.2025 07:00;7.2;3.4
Lillehammer - Sætherengen;SN12680;15.12.2025 08:00;7;3.4
Lillehammer - Sætherengen;SN12680;15.12.2025 09:00;6.8;2.9
Lillehammer - Sætherengen;SN12680;15.12.2025 10:00;7.1;3.4
Lillehammer - Sætherengen;SN12680;15.12.2025 11:00;7.3;3
Lillehammer - Sætherengen;SN12680;15.12.2025 12:00;6.9;3.1
Lillehammer - Sætherengen;SN12680;15.12.2025 13:00;7;2.3
Lillehammer - Sætherengen;SN12680;15.12.2025 14:00;7.4;2.2
Lillehammer - Sætherengen;SN12680;15.12.2025 15:00;6.4;0.6
Lillehammer - Sætherengen;SN12680;15.12.2025 16:00;6.1;0.5
Lillehammer - Sætherengen;SN12680;15.12.2025 17:00;4.9;0.8
Lillehammer - Sætherengen;SN12680;15.12.2025 18:00;5.1;0
Lillehammer - Sætherengen;SN12680;15.12.2025 19:00;4.6;0
Lillehammer - Sætherengen;SN12680;15.12.2025 20:00;4;0.8
Lillehammer - Sætherengen;SN12680;15.12.2025 21:00;4.2;1
Lillehammer - Sætherengen;SN12680;15.12.2025 22:00;3.9;1.2
Lillehammer - Sætherengen;SN12680;15.12.2025 23:00;3.7;1.3
Lillehammer - Sætherengen;SN12680;16.12.2025 00:00;4.2;1.2
Lillehammer - Sætherengen;SN12680;16.12.2025 01:00;3.2;0.5
Lillehammer - Sætherengen;SN12680;16.12.2025 02:00;3.4;0.7
Lillehammer - Sætherengen;SN12680;16.12.2025 03:00;3.6;0.6
Lillehammer - Sætherengen;SN12680;16.12.2025 04:00;3;0.8
Lillehammer - Sætherengen;SN12680;16.12.2025 05:00;2.9;0.6
Lillehammer - Sætherengen;SN12680;16.12.2025 06:00;2.9;0.5
Lillehammer - Sætherengen;SN12680;16.12.2025 07:00;2.7;0.6
Lillehammer - Sætherengen;SN12680;16.12.2025 08:00;2.9;0.5
Lillehammer - Sætherengen;SN12680;16.12.2025 09:00;2.6;0.8
Lillehammer - Sætherengen;SN12680;16.12.2025 10:00;2.8;0.6
Lillehammer - Sætherengen;SN12680;16.12.2025 11:00;2.7;0.7
Lillehammer - Sætherengen;SN12680;16.12.2025 12:00;3.3;1.1
Lillehammer - Sætherengen;SN12680;16.12.2025 13:00;3.5;0.5
Lillehammer - Sætherengen;SN12680;16.12.2025 14:00;2.9;0
Lillehammer - Sætherengen;SN12680;16.12.2025 15:00;3.2;1.3
Lillehammer - Sætherengen;SN12680;16.12.2025 16:00;3.1;0.8
Lillehammer - Sætherengen;SN12680;16.12.2025 17:00;3.3;1.9
Lillehammer - Sætherengen;SN12680;16.12.2025 18:00;3.1;0.9
Lillehammer - Sætherengen;SN12680;16.12.2025 19:00;2.4;1.3
Lillehammer - Sætherengen;SN12680;16.12.2025 20:00;3.3;0.7
Lillehammer - Sætherengen;SN12680;16.12.2025 21:00;2.4;0.7
Lillehammer - Sætherengen;SN12680;16.12.2025 22:00;2.6;2.3
Lillehammer - Sætherengen;SN12680;16.12.2025 23:00;2.3;2.1
Lillehammer - Sætherengen;SN12680;17.12.2025 00:00;2.5;2.1
Lillehammer - Sætherengen;SN12680;17.12.2025 01:00;2.3;1.4
Lillehammer - Sætherengen;SN12680;17.12.2025 02:00;2.1;0.9
Lillehammer - Sætherengen;SN12680;17.12.2025 03:00;2.3;0.6
Lillehammer - Sætherengen;SN12680;17.12.2025 04:00;1.8;1.3
Lillehammer - Sætherengen;SN12680;17.12.2025 05:00;1.6;0.4
Lillehammer - Sætherengen;SN12680;17.12.2025 06:00;1.5;1.5
Lillehammer - Sætherengen;SN12680;17.12.2025 07:00;1.3;1.4
Lillehammer - Sætherengen;SN12680;17.12.2025 08:00;1.4;1.2
Lillehammer - Sætherengen;SN12680;17.12.2025 09:00;1.4;1.9
Lillehammer - Sætherengen;SN12680;17.12.2025 10:00;1.5;0.5
Lillehammer - Sætherengen;SN12680;17.12.2025 11:00;1.4;0.6
Lillehammer - Sætherengen;SN12680;17.12.2025 12:00;1.4;0.8
Lillehammer - Sætherengen;SN12680;17.12.2025 13:00;1.3;0
Lillehammer - Sætherengen;SN12680;17.12.2025 14:00;1;0.7
Lillehammer - Sætherengen;SN12680;17.12.2025 15:00;0.8;1.1
Lillehammer - Sætherengen;SN12680;17.12.2025 16:00;0.4;0.7
Lillehammer - Sætherengen;SN12680;17.12.2025 17:00;0.4;1.5
Lillehammer - Sætherengen;SN12680;17.12.2025 18:00;-0.2;1.4
Lillehammer - Sætherengen;SN12680;17.12.2025 19:00;-0.4;2
Lillehammer - Sætherengen;SN12680;17.12.2025 20:00;0.3;1.4
Lillehammer - Sætherengen;SN12680;17.12.2025 21:00;0.1;1.3
Lillehammer - Sætherengen;SN12680;17.12.2025 22:00;0.2;1.6
Lillehammer - Sætherengen;SN12680;17.12.2025 23:00;1.2;2.7
Lillehammer - Sætherengen;SN12680;18.12.2025 00:00;1.4;1.3
Lillehammer - Sætherengen;SN12680;18.12.2025 01:00;2.1;2.3
Lillehammer - Sætherengen;SN12680;18.12.2025 02:00;2.4;3.9
Lillehammer - Sætherengen;SN12680;18.12.2025 03:00;3;3.3
Lillehammer - Sætherengen;SN12680;18.12.2025 04:00;2.9;2.4
Lillehammer - Sætherengen;SN12680;18.12.2025 05:00;2;1.6
Lillehammer - Sætherengen;SN12680;18.12.2025 06:00;2.3;1.9
Lillehammer - Sætherengen;SN12680;18.12.2025 07:00;3.9;3.9
Lillehammer - Sætherengen;SN12680;18.12.2025 08:00;4;3.9
Lillehammer - Sætherengen;SN12680;18.12.2025 09:00;4.2;4.4
Lillehammer - Sætherengen;SN12680;18.12.2025 10:00;4.1;4.6
Lillehammer - Sætherengen;SN12680;18.12.2025 11:00;4.2;4.5
Lillehammer - Sætherengen;SN12680;18.12.2025 12:00;4.3;4.1
Lillehammer - Sætherengen;SN12680;18.12.2025 13:00;4.3;4
Lillehammer - Sætherengen;SN12680;18.12.2025 14:00;4.9;4.2
Lillehammer - Sætherengen;SN12680;18.12.2025 15:00;6.1;3.8
Lillehammer - Sætherengen;SN12680;18.12.2025 16:00;6.9;4
Lillehammer - Sætherengen;SN12680;18.12.2025 17:00;6.9;3.5
Lillehammer - Sætherengen;SN12680;18.12.2025 18:00;5.6;2.3
Lillehammer - Sætherengen;SN12680;18.12.2025 19:00;5.9;3
Lillehammer - Sætherengen;SN12680;18.12.2025 20:00;4.3;1.9
Lillehammer - Sætherengen;SN12680;18.12.2025 21:00;4.3;2.1
Lillehammer - Sætherengen;SN12680;18.12.2025 22:00;3.2;0.6
Lillehammer - Sætherengen;SN12680;18.12.2025 23:00;2.1;0.4
Lillehammer - Sætherengen;SN12680;19.12.2025 00:00;2.2;0.6
Lillehammer - Sætherengen;SN12680;19.12.2025 01:00;2.8;0.8
Lillehammer - Sætherengen;SN12680;19.12.2025 02:00;3.8;1.7
Lillehammer - Sætherengen;SN12680;19.12.2025 03:00;2.4;0.6
Lillehammer - Sætherengen;SN12680;19.12.2025 04:00;2.9;1.6
Lillehammer - Sætherengen;SN12680;19.12.2025 05:00;5.1;2.8
Lillehammer - Sætherengen;SN12680;19.12.2025 06:00;5.1;3.8
Lillehammer - Sætherengen;SN12680;19.12.2025 07:00;5.1;3.6
Lillehammer - Sætherengen;SN12680;19.12.2025 08:00;5.6;3.6
Lillehammer - Sætherengen;SN12680;19.12.2025 09:00;5.9;3
Lillehammer - Sætherengen;SN12680;19.12.2025 10:00;6.4;5.3
Lillehammer - Sætherengen;SN12680;19.12.2025 11:00;6.4;2.7
Lillehammer - Sætherengen;SN12680;19.12.2025 12:00;7.4;5.9
Lillehammer - Sætherengen;SN12680;19.12.2025 13:00;6.4;5.5
Lillehammer - Sætherengen;SN12680;19.12.2025 14:00;5.8;2.1
Lillehammer - Sætherengen;SN12680;19.12.2025 15:00;5.6;2.7
Lillehammer - Sætherengen;SN12680;19.12.2025 16:00;5.3;4
Lillehammer - Sætherengen;SN12680;19.12.2025 17:00;5.3;4.7
Lillehammer - Sætherengen;SN12680;19.12.2025 18:00;5.5;5.1
Lillehammer - Sætherengen;SN12680;19.12.2025 19:00;5.6;5.4
Lillehammer - Sætherengen;SN12680;19.12.2025 20:00;5.4;4.5
Lillehammer - Sætherengen;SN12680;19.12.2025 21:00;5.5;4.6
Lillehammer - Sætherengen;SN12680;19.12.2025 22:00;5.5;3.4
Lillehammer - Sætherengen;SN12680;19.12.2025 23:00;5.6;3.6
Lillehammer - Sætherengen;SN12680;20.12.2025 00:00;5.9;4.2
Lillehammer - Sætherengen;SN12680;20.12.2025 01:00;5.6;3.1
Lillehammer - Sætherengen;SN12680;20.12.2025 02:00;5.7;5
Lillehammer - Sætherengen;SN12680;20.12.2025 03:00;5.4;5.2
Lillehammer - Sætherengen;SN12680;20.12.2025 04:00;4.3;2.5
Lillehammer - Sætherengen;SN12680;20.12.2025 05:00;4.2;2.8
Lillehammer - Sætherengen;SN12680;20.12.2025 06:00;4.5;1.8
Lillehammer - Sætherengen;SN12680;20.12.2025 07:00;3.1;1.9
Lillehammer - Sætherengen;SN12680;20.12.2025 08:00;2.5;1.9
Lillehammer - Sætherengen;SN12680;20.12.2025 09:00;1;0.4
Lillehammer - Sætherengen;SN12680;20.12.2025 10:00;0.2;1.8
Lillehammer - Sætherengen;SN12680;20.12.2025 11:00;1.5;2
Lillehammer - Sætherengen;SN12680;20.12.2025 12:00;1.9;1.5
Lillehammer - Sætherengen;SN12680;20.12.2025 13:00;2.2;1.4
Lillehammer - Sætherengen;SN12680;20.12.2025 14:00;1.9;2.3
Lillehammer - Sætherengen;SN12680;20.12.2025 15:00;0.7;1.1
Lillehammer - Sætherengen;SN12680;20.12.2025 16:00;-0.1;0.6
Lillehammer - Sætherengen;SN12680;20.12.2025 17:00;-0.4;1.3
Lillehammer - Sætherengen;SN12680;20.12.2025 18:00;-0.6;1
Lillehammer - Sætherengen;SN12680;20.12.2025 19:00;-0.6;0.8
Lillehammer - Sætherengen;SN12680;20.12.2025 20:00;0.3;1.8
Lillehammer - Sætherengen;SN12680;20.12.2025 21:00;-0.2;1.8
Lillehammer - Sætherengen;SN12680;20.12.2025 22:00;-0.9;0.7
Lillehammer - Sætherengen;SN12680;20.12.2025 23:00;-0.4;1.3
Lillehammer - Sætherengen;SN12680;21.12.2025 00:00;0;2.3
Lillehammer - Sætherengen;SN12680;21.12.2025 01:00;-0.5;2.1
Lillehammer - Sætherengen;SN12680;21.12.2025 02:00;-1;1.5
Lillehammer - Sætherengen;SN12680;21.12.2025 03:00;-1.3;2
Lillehammer - Sætherengen;SN12680;21.12.2025 04:00;-1.1;2.2
Lillehammer - Sætherengen;SN12680;21.12.2025 05:00;-1.5;2.9
Lillehammer - Sætherengen;SN12680;21.12.2025 06:00;-1.6;2.9
Lillehammer - Sætherengen;SN12680;21.12.2025 07:00;-1.9;1.6
Lillehammer - Sætherengen;SN12680;21.12.2025 08:00;-2.3;2.1
Lillehammer - Sætherengen;SN12680;21.12.2025 09:00;-2.4;2.3
Lillehammer - Sætherengen;SN12680;21.12.2025 10:00;-2.9;2.3
Lillehammer - Sætherengen;SN12680;21.12.2025 11:00;-2.7;3.1
Lillehammer - Sætherengen;SN12680;21.12.2025 12:00;-2.7;1.8
Lillehammer - Sætherengen;SN12680;21.12.2025 13:00;-2.5;2.2
Lillehammer - Sætherengen;SN12680;21.12.2025 14:00;-2.6;2.1
Lillehammer - Sætherengen;SN12680;21.12.2025 15:00;-3.3;1.7
Lillehammer - Sætherengen;SN12680;21.12.2025 16:00;-3.8;1.8
Lillehammer - Sætherengen;SN12680;21.12.2025 17:00;-4;2.2
Lillehammer - Sætherengen;SN12680;21.12.2025 18:00;-4.3;2.4
Lillehammer - Sætherengen;SN12680;21.12.2025 19:00;-4.5;2.2
Lillehammer - Sætherengen;SN12680;21.12.2025 20:00;-4.8;2.1
Lillehammer - Sætherengen;SN12680;21.12.2025 21:00;-4.9;2.5
Lillehammer - Sætherengen;SN12680;21.12.2025 22:00;-5.2;2.5
Lillehammer - Sætherengen;SN12680;21.12.2025 23:00;-5.4;2.8
Lillehammer - Sætherengen;SN12680;22.12.2025 00:00;-5.6;2.3
Lillehammer - Sætherengen;SN12680;22.12.2025 01:00;-5.9;2.6
Lillehammer - Sætherengen;SN12680;22.12.2025 02:00;-6.3;1.8
Lillehammer - Sætherengen;SN12680;22.12.2025 03:00;-6.4;1.9
Lillehammer - Sætherengen;SN12680;22.12.2025 04:00;-6.6;2.7
Lillehammer - Sætherengen;SN12680;22.12.2025 05:00;-6.8;1.8
Lillehammer - Sætherengen;SN12680;22.12.2025 06:00;-7;1.5
Lillehammer - Sætherengen;SN12680;22.12.2025 07:00;-7.1;2.1
Lillehammer - Sætherengen;SN12680;22.12.2025 08:00;-7.1;2.7
Lillehammer - Sætherengen;SN12680;22.12.2025 09:00;-7.2;1.5
Lillehammer - Sætherengen;SN12680;22.12.2025 10:00;-7.2;1.9
Lillehammer - Sætherengen;SN12680;22.12.2025 11:00;-7.1;2.4
Lillehammer - Sætherengen;SN12680;22.12.2025 12:00;-6.7;2.1
Lillehammer - Sætherengen;SN12680;22.12.2025 13:00;-6.5;1.8
Lillehammer - Sætherengen;SN12680;22.12.2025 14:00;-6.3;1.9
Lillehammer - Sætherengen;SN12680;22.12.2025 15:00;-6.9;1.8
Lillehammer - Sætherengen;SN12680;22.12.2025 16:00;-7.8;0.5
Lillehammer - Sætherengen;SN12680;22.12.2025 17:00;-7.7;1.3
Lillehammer - Sætherengen;SN12680;22.12.2025 18:00;-7.9;1
Lillehammer - Sætherengen;SN12680;22.12.2025 19:00;-8.2;1.3
Lillehammer - Sætherengen;SN12680;22.12.2025 20:00;-8.1;1.8
Lillehammer - Sætherengen;SN12680;22.12.2025 21:00;-8.5;1.5
Lillehammer - Sætherengen;SN12680;22.12.2025 22:00;-7.8;1.6
Lillehammer - Sætherengen;SN12680;22.12.2025 23:00;-7.4;1.1
Lillehammer - Sætherengen;SN12680;23.12.2025 00:00;-7.1;1.3
Lillehammer - Sætherengen;SN12680;23.12.2025 01:00;-6.8;1.1
Lillehammer - Sætherengen;SN12680;23.12.2025 02:00;-6.5;1.3
Lillehammer - Sætherengen;SN12680;23.12.2025 03:00;-6.4;1.3
Lillehammer - Sætherengen;SN12680;23.12.2025 04:00;-6.5;1.8
Lillehammer - Sætherengen;SN12680;23.12.2025 05:00;-6.5;1.5
Lillehammer - Sætherengen;SN12680;23.12.2025 06:00;-6.1;1.4
Lillehammer - Sætherengen;SN12680;23.12.2025 07:00;-6.1;0.9
Lillehammer - Sætherengen;SN12680;23.12.2025 08:00;-6;1.3
Lillehammer - Sætherengen;SN12680;23.12.2025 09:00;-5.7;1
Lillehammer - Sætherengen;SN12680;23.12.2025 10:00;-5.7;0.9
Lillehammer - Sætherengen;SN12680;23.12.2025 11:00;-5.6;1.2
Lillehammer - Sætherengen;SN12680;23.12.2025 12:00;-5.6;2.1
Lillehammer - Sætherengen;SN12680;23.12.2025 13:00;-5.3;1.5
Lillehammer - Sætherengen;SN12680;23.12.2025 14:00;-5.3;1.8
Lillehammer - Sætherengen;SN12680;23.12.2025 15:00;-5.1;2
Lillehammer - Sætherengen;SN12680;23.12.2025 16:00;-5.2;1.9
Lillehammer - Sætherengen;SN12680;23.12.2025 17:00;-5.2;0.9
Lillehammer - Sætherengen;SN12680;23.12.2025 18:00;-5.2;1.7
Lillehammer - Sætherengen;SN12680;23.12.2025 19:00;-5.4;3.1
Lillehammer - Sætherengen;SN12680;23.12.2025 20:00;-6.2;2.2
Lillehammer - Sætherengen;SN12680;23.12.2025 21:00;-7.2;1.8
Lillehammer - Sætherengen;SN12680;23.12.2025 22:00;-7.7;1.9
Lillehammer - Sætherengen;SN12680;23.12.2025 23:00;-7.7;2.3
Lillehammer - Sætherengen;SN12680;24.12.2025 00:00;-8.3;1.6
Lillehammer - Sætherengen;SN12680;24.12.2025 01:00;-8.2;1.9
Lillehammer - Sætherengen;SN12680;24.12.2025 02:00;-8.5;2.5
Lillehammer - Sætherengen;SN12680;24.12.2025 03:00;-8.5;3.1
Lillehammer - Sætherengen;SN12680;24.12.2025 04:00;-8.8;2.8
Lillehammer - Sætherengen;SN12680;24.12.2025 05:00;-8.7;3
Lillehammer - Sætherengen;SN12680;24.12.2025 06:00;-9;1.9
Lillehammer - Sætherengen;SN12680;24.12.2025 07:00;-9;2.8
Lillehammer - Sætherengen;SN12680;24.12.2025 08:00;-9.1;2.8
Lillehammer - Sætherengen;SN12680;24.12.2025 09:00;-9;2.4
Lillehammer - Sætherengen;SN12680;24.12.2025 10:00;-8.9;3.4
Lillehammer - Sætherengen;SN12680;24.12.2025 11:00;-8.4;3
Lillehammer - Sætherengen;SN12680;24.12.2025 12:00;-8;2.5
Lillehammer - Sætherengen;SN12680;24.12.2025 13:00;-7.3;3.1
Lillehammer - Sætherengen;SN12680;24.12.2025 14:00;-7.2;2.4
Lillehammer - Sætherengen;SN12680;24.12.2025 15:00;-7.2;1.9
Lillehammer - Sætherengen;SN12680;24.12.2025 16:00;-7.5;2.7
Lillehammer - Sætherengen;SN12680;24.12.2025 17:00;-8;0.5
Lillehammer - Sætherengen;SN12680;24.12.2025 18:00;-7.9;1.1
Lillehammer - Sætherengen;SN12680;24.12.2025 19:00;-7.7;2.7
Lillehammer - Sætherengen;SN12680;24.12.2025 20:00;-7.6;1.4
Lillehammer - Sætherengen;SN12680;24.12.2025 21:00;-7.1;2
Lillehammer - Sætherengen;SN12680;24.12.2025 22:00;-7.2;2.2
Lillehammer - Sætherengen;SN12680;24.12.2025 23:00;-6.8;2.8
Lillehammer - Sætherengen;SN12680;25.12.2025 00:00;-6.6;2.6
Lillehammer - Sætherengen;SN12680;25.12.2025 01:00;-6.3;2.8
Lillehammer - Sætherengen;SN12680;25.12.2025 02:00;-6.4;1.8
Lillehammer - Sætherengen;SN12680;25.12.2025 03:00;-5.6;3
Lillehammer - Sætherengen;SN12680;25.12.2025 04:00;-5.5;2.4
Lillehammer - Sætherengen;SN12680;25.12.2025 05:00;-4.9;2.5
Lillehammer - Sætherengen;SN12680;25.12.2025 06:00;-5;2.4
Lillehammer - Sætherengen;SN12680;25.12.2025 07:00;-5.2;1.9
Lillehammer - Sætherengen;SN12680;25.12.2025 08:00;-5;1.6
Lillehammer - Sætherengen;SN12680;25.12.2025 09:00;-3.8;2.1
Lillehammer - Sætherengen;SN12680;25.12.2025 10:00;-3.3;1
Lillehammer - Sætherengen;SN12680;25.12.2025 11:00;-3.4;1.4
Lillehammer - Sætherengen;SN12680;25.12.2025 12:00;-2.9;1.2
Lillehammer - Sætherengen;SN12680;25.12.2025 13:00;-2.9;1.3
Lillehammer - Sætherengen;SN12680;25.12.2025 14:00;-1.7;1.8
Lillehammer - Sætherengen;SN12680;25.12.2025 15:00;-0.7;1.9
Lillehammer - Sætherengen;SN12680;25.12.2025 16:00;-1.2;1
Lillehammer - Sætherengen;SN12680;25.12.2025 17:00;-0.5;2.9
Lillehammer - Sætherengen;SN12680;25.12.2025 18:00;-0.7;1.1
Lillehammer - Sætherengen;SN12680;25.12.2025 19:00;0.6;1.3
Lillehammer - Sætherengen;SN12680;25.12.2025 20:00;0.7;1.6
Lillehammer - Sætherengen;SN12680;25.12.2025 21:00;4.1;2.9
Lillehammer - Sætherengen;SN12680;25.12.2025 22:00;1.2;1.9
Lillehammer - Sætherengen;SN12680;25.12.2025 23:00;3.7;2.3
Lillehammer - Sætherengen;SN12680;26.12.2025 00:00;3.8;1.8
Lillehammer - Sætherengen;SN12680;26.12.2025 01:00;2.6;0.6
Lillehammer - Sætherengen;SN12680;26.12.2025 02:00;2;1.5
Lillehammer - Sætherengen;SN12680;26.12.2025 03:00;0.9;1.5
Lillehammer - Sætherengen;SN12680;26.12.2025 04:00;-0.9;0.9
Lillehammer - Sætherengen;SN12680;26.12.2025 05:00;-1.4;1
Lillehammer - Sætherengen;SN12680;26.12.2025 06:00;0.8;2.5
Lillehammer - Sætherengen;SN12680;26.12.2025 07:00;0.6;3.2
Lillehammer - Sætherengen;SN12680;26.12.2025 08:00;0.2;2.6
Lillehammer - Sætherengen;SN12680;26.12.2025 09:00;0;2.9
Lillehammer - Sætherengen;SN12680;26.12.2025 10:00;-0.3;2.5
Lillehammer - Sætherengen;SN12680;26.12.2025 11:00;0;2.1
Lillehammer - Sætherengen;SN12680;26.12.2025 12:00;0;2.7
Lillehammer - Sætherengen;SN12680;26.12.2025 13:00;-0.2;4
Lillehammer - Sætherengen;SN12680;26.12.2025 14:00;-0.2;2.6
Lillehammer - Sætherengen;SN12680;26.12.2025 15:00;-0.6;2.5
Lillehammer - Sætherengen;SN12680;26.12.2025 16:00;-0.9;2.8
Lillehammer - Sætherengen;SN12680;26.12.2025 17:00;-0.9;2
Lillehammer - Sætherengen;SN12680;26.12.2025 18:00;-1.1;2
Lillehammer - Sætherengen;SN12680;26.12.2025 19:00;-1.3;2.6
Lillehammer - Sætherengen;SN12680;26.12.2025 20:00;-1.2;2.1
Lillehammer - Sætherengen;SN12680;26.12.2025 21:00;-1.4;2.7
Lillehammer - Sætherengen;SN12680;26.12.2025 22:00;-1.5;3.4
Lillehammer - Sætherengen;SN12680;26.12.2025 23:00;-1.5;2.6
Lillehammer - Sætherengen;SN12680;27.12.2025 00:00;-1.3;1.7
Lillehammer - Sætherengen;SN12680;27.12.2025 01:00;-1.1;3.3
Lillehammer - Sætherengen;SN12680;27.12.2025 02:00;-2.3;1.1
Lillehammer - Sætherengen;SN12680;27.12.2025 03:00;-2.9;0.7
Lillehammer - Sætherengen;SN12680;27.12.2025 04:00;-2.9;0.6
Lillehammer - Sætherengen;SN12680;27.12.2025 05:00;-2.9;1.5
Lillehammer - Sætherengen;SN12680;27.12.2025 06:00;2;2.8
Lillehammer - Sætherengen;SN12680;27.12.2025 07:00;4.5;8.6
Lillehammer - Sætherengen;SN12680;27.12.2025 08:00;3.7;6.3
Lillehammer - Sætherengen;SN12680;27.12.2025 09:00;3.8;9.1
Lillehammer - Sætherengen;SN12680;27.12.2025 10:00;3.5;7.5
Lillehammer - Sætherengen;SN12680;27.12.2025 11:00;4.2;14.5
Lillehammer - Sætherengen;SN12680;27.12.2025 12:00;3.9;12.7
Lillehammer - Sætherengen;SN12680;27.12.2025 13:00;3.5;10.8
Lillehammer - Sætherengen;SN12680;27.12.2025 14:00;3.5;13
Lillehammer - Sætherengen;SN12680;27.12.2025 15:00;3;12.2
Lillehammer - Sætherengen;SN12680;27.12.2025 16:00;3;8
Lillehammer - Sætherengen;SN12680;27.12.2025 17:00;2.4;5.2
Lillehammer - Sætherengen;SN12680;27.12.2025 18:00;2.4;4.5
Lillehammer - Sætherengen;SN12680;27.12.2025 19:00;0.8;1.4
Lillehammer - Sætherengen;SN12680;27.12.2025 20:00;0.8;1
Lillehammer - Sætherengen;SN12680;27.12.2025 21:00;0.7;1
Lillehammer - Sætherengen;SN12680;27.12.2025 22:00;0.1;1.8
Lillehammer - Sætherengen;SN12680;27.12.2025 23:00;-1.6;0.9
Lillehammer - Sætherengen;SN12680;28.12.2025 00:00;-2.1;1.9
Lillehammer - Sætherengen;SN12680;28.12.2025 01:00;0.1;1
Lillehammer - Sætherengen;SN12680;28.12.2025 02:00;-0.7;1.2
Lillehammer - Sætherengen;SN12680;28.12.2025 03:00;-2.7;1.2
Lillehammer - Sætherengen;SN12680;28.12.2025 04:00;-1.2;1
Lillehammer - Sætherengen;SN12680;28.12.2025 05:00;-2.5;1
Lillehammer - Sætherengen;SN12680;28.12.2025 06:00;-3.9;1.2
Lillehammer - Sætherengen;SN12680;28.12.2025 07:00;-4;1.2
Lillehammer - Sætherengen;SN12680;28.12.2025 08:00;-5.1;0.8
Lillehammer - Sætherengen;SN12680;28.12.2025 09:00;-4.6;0.8
Lillehammer - Sætherengen;SN12680;28.12.2025 10:00;-5.2;0.5
Lillehammer - Sætherengen;SN12680;28.12.2025 11:00;-5.4;0.4
Lillehammer - Sætherengen;SN12680;28.12.2025 12:00;-3.8;0.7
Lillehammer - Sætherengen;SN12680;28.12.2025 13:00;-3.5;0.7
Lillehammer - Sætherengen;SN12680;28.12.2025 14:00;-4.1;1.2
Lillehammer - Sætherengen;SN12680;28.12.2025 15:00;-4.5;0.7
Lillehammer - Sætherengen;SN12680;28.12.2025 16:00;-5.3;0.7
Lillehammer - Sætherengen;SN12680;28.12.2025 17:00;-5;1.7
Lillehammer - Sætherengen;SN12680;28.12.2025 18:00;-4.8;0.9
Lillehammer - Sætherengen;SN12680;28.12.2025 19:00;-5.7;1.2
Lillehammer - Sætherengen;SN12680;28.12.2025 20:00;-5.9;1
Lillehammer - Sætherengen;SN12680;28.12.2025 21:00;-4.9;2
Lillehammer - Sætherengen;SN12680;28.12.2025 22:00;-0.9;1
Lillehammer - Sætherengen;SN12680;28.12.2025 23:00;0.8;1.4
Lillehammer - Sætherengen;SN12680;29.12.2025 00:00;1.8;3.1
Lillehammer - Sætherengen;SN12680;29.12.2025 01:00;3.4;5.3
Lillehammer - Sætherengen;SN12680;29.12.2025 02:00;2.4;4.9
Lillehammer - Sætherengen;SN12680;29.12.2025 03:00;1.8;5.2
Lillehammer - Sætherengen;SN12680;29.12.2025 04:00;1.4;4.6
Lillehammer - Sætherengen;SN12680;29.12.2025 05:00;0.9;4.8
Lillehammer - Sætherengen;SN12680;29.12.2025 06:00;0.3;3.6
Lillehammer - Sætherengen;SN12680;29.12.2025 07:00;-0.2;5
Lillehammer - Sætherengen;SN12680;29.12.2025 08:00;-1.2;2.2
Lillehammer - Sætherengen;SN12680;29.12.2025 09:00;-1.1;3.1
Lillehammer - Sætherengen;SN12680;29.12.2025 10:00;-1.1;4
Lillehammer - Sætherengen;SN12680;29.12.2025 11:00;-2;3
Lillehammer - Sætherengen;SN12680;29.12.2025 12:00;-1.2;6.1
Lillehammer - Sætherengen;SN12680;29.12.2025 13:00;-1;4.7
Lillehammer - Sætherengen;SN12680;29.12.2025 14:00;-1.1;6
Lillehammer - Sætherengen;SN12680;29.12.2025 15:00;-1.4;4.1
Lillehammer - Sætherengen;SN12680;29.12.2025 16:00;-1.8;4.3
Lillehammer - Sætherengen;SN12680;29.12.2025 17:00;-1.6;5.3
Lillehammer - Sætherengen;SN12680;29.12.2025 18:00;-1.5;5.5
Lillehammer - Sætherengen;SN12680;29.12.2025 19:00;-1.8;5.1
Lillehammer - Sætherengen;SN12680;29.12.2025 20:00;-2.2;4.6
Lillehammer - Sætherengen;SN12680;29.12.2025 21:00;-2.9;3.1
Lillehammer - Sætherengen;SN12680;29.12.2025 22:00;-2.3;4.7
Lillehammer - Sætherengen;SN12680;29.12.2025 23:00;-3.1;4
Lillehammer - Sætherengen;SN12680;30.12.2025 00:00;-4.3;1.3
Lillehammer - Sætherengen;SN12680;30.12.2025 01:00;-4.5;1.3
Lillehammer - Sætherengen;SN12680;30.12.2025 02:00;-4.4;2.1
Lillehammer - Sætherengen;SN12680;30.12.2025 03:00;-2.6;3.2
Lillehammer - Sætherengen;SN12680;30.12.2025 04:00;-3.7;2.2
Lillehammer - Sætherengen;SN12680;30.12.2025 05:00;-4.5;2
Lillehammer - Sætherengen;SN12680;30.12.2025 06:00;-4;3.2
Lillehammer - Sætherengen;SN12680;30.12.2025 07:00;-4.1;2.2
Lillehammer - Sætherengen;SN12680;30.12.2025 08:00;-4.4;1.5
Lillehammer - Sætherengen;SN12680;30.12.2025 09:00;-4.9;1
Lillehammer - Sætherengen;SN12680;30.12.2025 10:00;-5.2;1.6
Lillehammer - Sætherengen;SN12680;30.12.2025 11:00;-4.9;0.7
Lillehammer - Sætherengen;SN12680;30.12.2025 12:00;-4.2;1.2
Lillehammer - Sætherengen;SN12680;30.12.2025 13:00;-4.3;0.6
Lillehammer - Sætherengen;SN12680;30.12.2025 14:00;-4.4;1.1
Lillehammer - Sætherengen;SN12680;30.12.2025 15:00;-4.1;0.6
Lillehammer - Sætherengen;SN12680;30.12.2025 16:00;-4.4;0.7
Lillehammer - Sætherengen;SN12680;30.12.2025 17:00;-4.3;0.7
Lillehammer - Sætherengen;SN12680;30.12.2025 18:00;-5.2;0.4
Lillehammer - Sætherengen;SN12680;30.12.2025 19:00;-4.5;1.3
Lillehammer - Sætherengen;SN12680;30.12.2025 20:00;-4.3;0.9
Lillehammer - Sætherengen;SN12680;30.12.2025 21:00;-4.4;0.9
Lillehammer - Sætherengen;SN12680;30.12.2025 22:00;-4.1;0.8
Lillehammer - Sætherengen;SN12680;30.12.2025 23:00;-4;0.5
Lillehammer - Sætherengen;SN12680;31.12.2025 00:00;-4.1;0.8
Lillehammer - Sætherengen;SN12680;31.12.2025 01:00;-5.1;1.2
Lillehammer - Sætherengen;SN12680;31.12.2025 02:00;-5.9;1.3
Lillehammer - Sætherengen;SN12680;31.12.2025 03:00;-5.8;1.2
Lillehammer - Sætherengen;SN12680;31.12.2025 04:00;-6.2;1.1
Lillehammer - Sætherengen;SN12680;31.12.2025 05:00;-6;1.2
Lillehammer - Sætherengen;SN12680;31.12.2025 06:00;-4.4;0.9
Lillehammer - Sætherengen;SN12680;31.12.2025 07:00;-4.8;1.1
Lillehammer - Sætherengen;SN12680;31.12.2025 08:00;-4.3;0
Lillehammer - Sætherengen;SN12680;31.12.2025 09:00;-4.2;1.3
Lillehammer - Sætherengen;SN12680;31.12.2025 10:00;-3.9;1.1
Lillehammer - Sætherengen;SN12680;31.12.2025 11:00;-3.7;0.3
Lillehammer - Sætherengen;SN12680;31.12.2025 12:00;-3.4;1
Lillehammer - Sætherengen;SN12680;31.12.2025 13:00;-3;1
Lillehammer - Sætherengen;SN12680;31.12.2025 14:00;-3.4;1
Lillehammer - Sætherengen;SN12680;31.12.2025 15:00;-4.1;1.2
Lillehammer - Sætherengen;SN12680;31.12.2025 16:00;-3.9;0.8
Lillehammer - Sætherengen;SN12680;31.12.2025 17:00;-4.5;1.3
Lillehammer - Sætherengen;SN12680;31.12.2025 18:00;-4.5;1.1
Lillehammer - Sætherengen;SN12680;31.12.2025 19:00;-4.6;1.7
Lillehammer - Sætherengen;SN12680;31.12.2025 20:00;-4.2;1.7
Lillehammer - Sætherengen;SN12680;31.12.2025 21:00;-4.3;1.9
Lillehammer - Sætherengen;SN12680;31.12.2025 22:00;-4.1;2.6
Lillehammer - Sætherengen;SN12680;31.12.2025 23:00;-3.5;1.4
Lillehammer - Sætherengen;SN12680;01.01.2026 00:00;-3.2;1.7
Lillehammer - Sætherengen;SN12680;01.01.2026 01:00;-3.2;1.6
Lillehammer - Sætherengen;SN12680;01.01.2026 02:00;-3.2;0.6
Lillehammer - Sætherengen;SN12680;01.01.2026 03:00;-2.9;0.9
Lillehammer - Sætherengen;SN12680;01.01.2026 04:00;-3.2;1.7
Lillehammer - Sætherengen;SN12680;01.01.2026 05:00;-3;1.4
Lillehammer - Sætherengen;SN12680;01.01.2026 06:00;-3.2;1.3
Lillehammer - Sætherengen;SN12680;01.01.2026 07:00;-3.1;1.8
Lillehammer - Sætherengen;SN12680;01.01.2026 08:00;-4.2;1.3
Lillehammer - Sætherengen;SN12680;01.01.2026 09:00;-5.2;0.8
Lillehammer - Sætherengen;SN12680;01.01.2026 10:00;-5.8;0.9
Lillehammer - Sætherengen;SN12680;01.01.2026 11:00;-4.8;1.4
Lillehammer - Sætherengen;SN12680;01.01.2026 12:00;-4.5;0.9
Lillehammer - Sætherengen;SN12680;01.01.2026 13:00;-4.6;2
Lillehammer - Sætherengen;SN12680;01.01.2026 14:00;-4.3;1.8
Lillehammer - Sætherengen;SN12680;01.01.2026 15:00;-3.9;2.9
Lillehammer - Sætherengen;SN12680;01.01.2026 16:00;-3.3;4.3
Lillehammer - Sætherengen;SN12680;01.01.2026 17:00;-3.8;4.3
Lillehammer - Sætherengen;SN12680;01.01.2026 18:00;-3.9;5.6
Lillehammer - Sætherengen;SN12680;01.01.2026 19:00;-3.7;4.9
Lillehammer - Sætherengen;SN12680;01.01.2026 20:00;-3.5;4.1
Lillehammer - Sætherengen;SN12680;01.01.2026 21:00;-2.7;5.7
Lillehammer - Sætherengen;SN12680;01.01.2026 22:00;-1.9;3.8
Lillehammer - Sætherengen;SN12680;01.01.2026 23:00;-2.6;3.5
Lillehammer - Sætherengen;SN12680;02.01.2026 00:00;-3.2;5.1
Data valid for 01.10.2026 (CC BY 4.0), The Norwegian Meteorological Institute (MET Norway);;;;